0,1,2
-3.389405,2.7330136,-3.1469324
-8.854973,2.0532117,-2.8521419
16.277575,-7.902562,-5.847089
14.341508,-2.3616643,0.47324756
28.32862,8.11412,7.7814164
29.886988,3.213889,-3.226905
-7.402939,7.017346,-3.2899692
11.927074,-0.12833203,-4.407355
29.938951,2.916413,4.6420965
0.82060796,2.999724,-10.425401
-37.340996,2.8191407,-4.6720176
6.2829247,-0.02690863,-4.9469614
-36.566315,3.6120245,-8.205096
20.838085,2.6265895,-1.0893087
21.727486,1.9868373,-0.98217213
-29.286127,2.0366068,-8.565379
-34.77124,3.1273258,-6.122248
-3.5182295,2.6840506,-3.3224478
28.843618,10.689094,9.722792
20.382334,2.6111498,-1.6541313
21.000608,2.098964,-1.5779175
20.921059,-0.31620505,-3.8531299
-11.271111,-2.0247278,-9.274395
13.98504,-1.4653817,-3.4032078
7.407797,-0.57359457,-3.764744
16.955484,-0.1943982,-3.6938386
-11.359884,-2.1133642,-9.36615
-14.049645,1.1161638,-7.001134
-1.5578837,-9.754178,-1.755942
17.681973,-4.973536,-5.185964
31.299637,4.29409,1.2160916
-0.22395203,-0.006504519,-5.898323
-10.184084,-0.48205712,-5.984646
-35.09561,2.3973212,-5.4836125
-24.554747,-0.6409691,-5.0243974
25.862167,7.745227,4.2171125
1.0765239,-0.72524786,-6.1302366
-15.11923,4.1445904,-4.3999104
-15.603951,-0.9951824,-8.344207
30.694757,6.1394553,3.1498768
15.364326,0.5979314,2.0358765
21.808216,-0.28327662,-5.882761
0.7916495,-9.176701,-1.9576006
-0.75109607,-9.726117,-1.1051234
-31.993877,1.8211203,-6.866264
17.890606,-0.3740718,-2.2201176
-4.928564,-9.524953,-1.4252441
-15.791586,5.197616,-6.9198837
7.496456,-0.61909944,-3.8483124
13.656441,-4.8023678e-05,-2.5200014
6.4135356,-0.31538945,-4.4037585
-14.36613,5.5701685,-4.328953
1.5987023,-7.6463184,3.0224817
-10.199524,1.0559933,-5.2301435
26.932592,3.1357362,-0.9755876
32.240025,9.58575,8.13966
24.805435,7.8421865,3.5238981
14.260217,0.18000604,-1.6402681
-32.199104,4.021455,-6.9655676
20.700045,-3.2507064,-5.142864
0.54944384,-9.341523,-1.9265597
-35.984837,4.3910117,-5.5542903
-1.2652115,0.70415294,-5.842642
26.592976,-0.744475,-3.1877685
-35.48693,4.133093,-5.075055
9.126573,-1.4072801,-0.92914397
-18.54531,3.653304,-7.2702847
-34.819935,0.83914334,-4.3244586
7.026307,-9.196046,-5.709265
28.722733,10.665007,9.643776
-0.5462254,-9.83408,-0.7848195
3.6915312,1.8381596,-4.2987876
-11.585503,-2.2396636,-7.702304
29.116207,5.7640557,0.74575776
11.851691,-3.8154793,-0.6656543
25.785204,4.5901923,2.4430025
-37.02305,2.8000956,-5.4692903
-32.3318,1.7793254,-4.9218125
-12.189802,0.12530842,-9.72485
-36.27922,-0.38972452,-6.4493456
-36.51755,2.1919062,-7.6240387
30.848255,9.250606,8.734695
-10.312304,-0.98569024,-9.954711
30.225964,4.1658716,1.4859356
17.998053,0.87155217,-2.1209414
-34.12378,1.7547146,-4.9539676
-19.198835,1.1122822,-7.528526
15.762815,0.38281548,-3.3646321
6.2663755,-0.49526417,-6.161249
8.9179735,-2.9634204,0.56290025
8.14834,-10.095956,-5.154238
-13.589382,-0.76542705,-7.741461
-2.1516967,1.0747432,-5.9302473
-31.609743,4.5650344,-5.76137
-6.039526,-2.996802,-1.9366554
27.312445,-0.52896935,-2.0693798
-22.334541,0.30027416,-6.493634
-1.6524029,-9.455497,-3.755359
-18.98007,1.4560082,-4.278355
-1.339923,2.5168235,-5.390569
22.652496,-1.2412486,-0.7051225
7.8622336,-9.708624,-5.1762624
29.21171,3.3170676,1.051188
19.137983,-3.8864028,0.022792393
-2.0415902,3.603391,-2.0772755
-8.336451,-0.820455,-6.185744
29.873877,2.8623846,-4.1066256
19.282808,1.409128,-1.606518
-15.11142,-1.43489,-7.784089
-16.806347,3.6464624,-4.971852
-21.947054,0.53949624,-6.857334
10.334095,-0.3358586,-3.8565102
14.319505,0.12727086,-3.0354624
11.172836,-11.16389,-5.2567987
17.832642,1.0238079,2.469468
-9.893143,0.62105787,-3.1732554
17.889717,1.0566634,2.5215921
18.507204,-0.6260916,-2.0553365
19.005465,-6.133312,-8.573752
21.275057,-3.316276,-5.012889
-4.0068684,-0.89077365,-3.7673466
9.707449,-8.843149,-8.070666
29.733366,3.8255615,-2.591196
27.26586,8.438997,4.826028
5.558049,-0.94705915,-4.9457927
-31.968952,2.254704,-4.753682
-3.05898,0.55818295,-6.1660895
-15.96884,2.9591422,-4.9422727
-0.7311057,-8.244004,-3.0756996
28.219364,2.7426097,0.2724782
31.229725,4.6900463,2.5016007
13.641462,-0.81641597,0.77303755
14.0687685,-1.3966943,-3.4572923
30.103214,10.2384405,9.187463
-36.84507,1.236767,-5.7762604
-3.8008263,2.936089,-1.5559602
-2.008726,1.0491964,-6.0269403
17.047125,-0.2315935,-3.106896
11.447966,1.2464339,-5.00125
-10.901397,-1.6416819,-9.166799
-20.458767,0.16884162,-8.164234
10.399804,-3.0426793,-3.9177012
21.94025,0.026838668,0.75270796
14.656419,-5.2628756,-7.42739
19.347872,1.9707361,-4.693708
10.212397,-7.110793,-7.4448476
4.6621866,-0.07473857,-7.2470193
25.06267,7.9147005,3.8183372
-15.459187,-0.99181825,-8.237954
28.859604,10.608119,9.732428
28.668175,3.815338,-0.29402173
-28.805597,4.487033,-6.5624266
-17.310045,0.21352972,-4.4243765
-3.5972989,2.5890172,-3.0840847
25.480368,0.27947477,-1.5482199
27.912477,7.4523845,3.6016626
18.18508,0.49953464,-9.11676
-22.34217,-1.1269021,-5.144788
13.566389,-0.36901265,-2.449227
30.374157,8.663826,8.129637
6.929139,-1.522508,-3.8971243
27.738968,8.671452,7.0301604
22.675678,4.3692756,3.7474155
-35.321518,2.0955367,-6.2226944
-8.368878,-0.49963042,-4.4268236
23.601978,-1.2864256,-4.6878057
-36.748432,2.682572,-4.8336873
10.508826,0.7458997,-5.495779
6.584322,0.12205097,-4.6398954
22.785286,-0.16553245,-0.88992894
-5.967767,2.1086774,-2.613624
18.654709,-6.7167997,-4.597779
-36.815506,3.459121,-5.6668158
17.613884,-4.8830304,-4.853292
-35.864582,3.6041157,-3.8766627
30.636885,8.080212,8.081538
-15.9487295,3.9705358,-7.328441
-1.2720448,1.6082323,-5.9834948
28.442966,8.83714,6.954382
-37.303253,3.2763202,-4.5786953
26.275753,6.357995,6.1882443
30.87959,4.6233296,2.4712281
-34.636444,3.2122364,-5.128439
26.679028,4.1591153,1.0083107
13.5931425,-5.101641,-1.4606817
20.986431,-4.4654965,-3.7816443
13.769803,0.11892389,0.66313374
19.691887,-1.0945551,-0.09589152
10.296505,-8.67333,-7.358267
23.966167,5.6530385,3.3254552
-35.142967,1.2632519,-5.421453
24.674274,5.038532,2.5238736
-22.614992,1.6760496,-7.256823
27.06272,8.30147,5.090127
0.19341937,-8.830039,-5.4896026
-36.66891,1.0666938,-5.7447853
24.486456,5.2102137,3.6138492
-24.82298,-0.32540882,-5.1262636
-5.523964,1.8493224,-2.2744746
19.889725,1.8788189,-2.6561124
24.41108,5.1710014,2.8192809
24.330463,7.0595255,3.0681915
8.646918,-3.5426934,0.37398088
2.3560984,6.129439,-0.19100413
-10.011569,1.8123338,-7.263852
-35.645664,3.182909,-3.3321636
28.185759,2.8352523,0.33390808
2.5819895,1.5987669,-1.6905005
26.254772,-0.13473178,-3.6658125
-30.160814,0.29455164,-3.5181153
22.817581,5.257023,2.327316
19.02251,0.8213766,-4.90233
-15.780923,-0.84438497,-8.243019
23.293684,4.7311354,3.0820444
25.112455,1.016601,-2.579153
14.581555,-8.553946,-6.239785
-1.5867767,4.5447645,2.8029768
14.422821,-2.1175334,0.5379138
22.435503,2.5591993,2.030218
-8.862145,2.6193173,-1.0225279
26.656141,7.2189302,7.233893
-10.0096445,0.81591094,-5.689867
-31.786661,2.1409445,-8.2948675
3.2977235,1.2857857,-2.3125923
7.4185333,-0.5717772,-3.8987076
23.986153,4.06205,0.381325
27.094145,6.928163,4.451069
9.203491,-1.7567337,1.4847432
28.498814,10.584854,9.635058
9.311629,-0.42625844,-5.797842
-4.0979676,3.9270585,-9.818745
29.67098,2.8921301,-3.6695745
-10.63213,-2.0963721,-8.133222
2.2908783,1.1171771,-1.6304256
-37.37747,2.252674,-6.1005864
-0.69817525,-7.709475,-2.9011264
19.069061,-0.59769285,-2.5119905
1.654829,2.3588607,-11.740833
24.357477,1.3568245,-3.2290323
-4.2274623,2.1470602,-2.909525
-33.406868,3.425069,-8.413567
1.899324,1.1445675,-1.6092975
-7.858825,-2.737287,-10.000952
10.687076,-4.1419277,-1.168256
29.09827,3.691521,-0.5065193
9.32974,-9.043647,-8.616337
12.11868,-2.5063915,-4.1241593
3.6768963,-0.62163043,-5.066448
0.662861,-0.6520331,-5.8155646
19.149784,2.913619,-4.407909
29.288958,2.573529,-1.5324509
27.904694,3.8346322,-0.4092253
-9.841269,-1.7650541,-10.375919
-26.835114,3.7981021,-6.5545197
17.066643,0.40386987,1.1713815
-37.567863,3.4129937,-6.7774634
-12.155822,-0.1864365,-9.537819
-11.170495,0.049313765,-5.8892303
15.396816,-0.35438555,-3.6267247
-31.11902,3.2472692,-7.008333
-0.6204293,-7.496111,-2.8884845
28.722805,-0.05194025,-0.52859354
27.012772,7.2016664,4.1332736
29.875107,3.7451553,0.06712337
-20.16202,2.4430475,-7.1287265
-26.84566,-0.13729282,-7.1768923
9.953149,-1.3022867,3.0801232
19.490591,-4.123403,-0.4796482
2.8887742,-1.0615437,-6.290348
-15.924959,5.010982,-3.54099
4.575592,0.01357827,-7.11016
31.470528,6.6139297,7.426953
-12.247757,-0.7992452,-8.829335
-35.429688,1.8268371,-4.3119383
28.971052,9.723048,8.673896
23.785995,-1.9810743,-4.9623833
5.872859,-0.41898754,-2.961683
10.408783,-6.6813183,-7.6760087
0.89182323,-0.8029108,-6.1094837
30.812698,5.2372403,2.6059546
10.362888,0.069874346,-4.0645437
22.49285,1.0290928,-2.6113956
-34.09922,2.2915215,-8.189417
31.314644,5.1210604,3.5571644
5.3598223,-0.68905747,-5.185942
13.945019,-0.52560765,-2.471356
-10.872503,-2.2367938,-10.076512
16.14565,-2.4596338,-0.8687704
21.448032,3.191484,-1.2963082
-0.7557697,-8.366899,-5.3059287
28.427885,5.177058,2.7004397
9.54455,-2.0155842,1.0390987
29.50622,3.4517534,-3.0832562
20.59543,-2.5609002,-5.229273
6.0987654,-0.7081222,-4.436611
5.011655,-0.63710153,-8.058007
-22.810177,3.0996559,-5.12496
-9.88038,-2.0708547,-10.319212
29.990284,3.4610598,-1.3640258
-37.421753,1.9819742,-5.403178
18.425161,2.0782132,-4.6595764
14.001418,-0.013814084,-2.2402894
14.429154,-6.084134,-5.259814
-1.527745,0.5782756,-5.2097435
7.3317637,-9.402454,-5.6267934
-4.999852,1.9806823,-2.4820347
1.5741824,-2.9534798,-5.5094
27.08155,7.268285,3.8581936
25.53675,6.2195535,4.6042314
21.14172,-0.7885561,-4.506539
-26.91446,1.3129433,-5.0333805
-12.868749,2.4948804,-9.6167345
31.673183,8.684181,6.15125
18.679045,-0.2887731,-0.22712919
28.530346,8.296605,7.778655
25.142532,6.854972,1.8893949
11.995744,-0.15376931,-4.3222284
29.943722,2.8345027,-4.2824926
-36.23855,1.6440986,-7.19926
28.290564,10.263263,10.096132
0.59885836,-1.0427116,-5.678136
16.96319,0.009931649,-2.742094
-4.372655,2.0771873,-2.8413813
14.055668,-1.8129033,-3.3589516
16.057785,-0.17446934,-0.478004
-37.578957,2.0342875,-6.2853928
-12.28671,-1.5483752,-8.866773
13.582103,-0.42580116,0.66653466
22.783352,0.84881294,-1.1711745
20.157185,2.4823918,-2.5958781
27.79423,7.723436,5.8245397
-37.965694,2.0817552,-7.1033397
-28.956121,3.6053455,-6.548773
-35.165043,2.2846777,-5.510331
1.500561,-8.005296,-2.7183278
9.746349,-3.8074129,-0.8502962
-13.1003475,2.3496826,-9.177157
-0.34872252,-0.6715861,-5.6850176
9.003039,-1.6701533,2.396822
29.91525,4.311737,1.4956346
-35.115868,1.2382677,-3.903703
-18.653814,0.047348063,-6.36865
13.184156,-3.1985574,-9.658067
-14.494234,2.459501,-9.096597
30.761557,4.624946,2.176195
-37.190277,2.8362346,-5.1776915
-19.247534,3.145305,-3.7783422
19.15478,2.5305,-4.520589
-36.592094,2.2385416,-5.012068
24.205374,6.3969173,1.5463818
-1.2009676,-10.074861,-2.4383626
-4.50321,-4.862133,-7.1703677
27.480318,-0.4034532,-1.7631892
22.465536,1.0839804,-1.8918668
-35.191975,3.5939126,-5.2775006
31.601639,6.348503,4.526793
30.386675,4.533104,2.99683
28.530146,4.9878864,3.3090162
-12.379272,0.46537274,-5.6428666
25.907099,0.65160316,-3.2862606
27.953434,9.867702,8.412825
-15.884706,4.3153524,-7.4587207
8.527448,-0.55618024,-7.3969736
-37.18676,3.3177176,-3.9866803
-1.3827518,0.3790114,-5.4347596
22.042704,0.1625237,-2.0427256
-35.444153,3.9760177,-7.3486114
-16.736897,3.350515,-4.862589
30.021223,4.1116986,1.1551034
-37.95183,1.8159298,-5.463748
-16.466846,3.412621,-4.477927
-33.86696,2.8703418,-7.8448944
22.126682,1.991166,-1.2331246
-2.3391447,4.2080164,-1.6130608
-14.151638,5.5908866,-4.5366015
24.797615,4.8923573,4.1410537
2.128459,1.1877352,-1.6249759
-37.39993,1.5789725,-4.462991
-36.299778,1.2346979,-7.5228906
29.15999,9.934338,9.60277
13.604065,1.0277473,0.67670494
15.898083,-0.15948503,-0.21896446
30.867073,6.2776623,7.666619
0.8539845,-9.378022,-1.7369584
-1.1782258,-6.7256517,-2.422595
29.691326,6.3835,5.746432
28.129171,5.12645,0.37799242
9.941196,-8.709775,-8.879134
14.203676,-3.8503156,-0.17129065
-37.82414,1.7914848,-5.026906
-14.255993,5.462783,-4.6284432
24.945026,0.1837359,-4.117311
2.8389738,-0.7425795,-7.003324
13.668205,-2.3896048,-3.492975
18.045954,1.3296286,2.5128918
23.43555,-0.84646916,-4.6455283
-11.1694765,-2.2935452,-8.768922
-36.524155,4.050446,-5.5453944
31.51724,5.822409,4.1910605
-26.474596,-0.31137264,-7.569986
26.257471,3.1959035,-1.3233585
-29.612377,4.6838393,-5.701683
-21.487024,3.1277173,-8.37709
20.531796,2.8495588,-2.743766
9.300511,-4.102565,-0.9978395
5.3972573,1.2885273,-7.4191246
22.3272,-1.8440485,-4.599316
24.07254,5.3750267,3.2629778
-34.37675,1.7933538,-4.2312555
0.5730101,-1.829603,-6.039669
-37.284477,2.2076092,-7.3248925
-0.37544113,-10.230116,-1.7414726
-0.4688264,-0.2901905,-5.289052
19.160904,2.1114342,-4.8315177
25.635113,5.9260283,4.5652795
-32.871803,3.2352803,-6.323163
31.734459,9.015403,5.6971383
19.1918,-5.71714,-7.739525
-17.224354,3.1922774,-5.0685444
-14.274416,5.394814,-4.4525747
22.413904,0.79387105,-2.020241
22.565683,0.11262525,-0.44262493
-2.74347,2.3573017,-3.8358068
18.914135,-4.3393226,0.60164714
28.728157,5.325223,3.196026
29.880272,2.8660243,-4.1627874
-36.90228,3.3351216,-5.5305285
-19.598484,2.342446,-4.059452
31.53408,4.791975,2.1013563
24.609129,5.7078,3.605308
29.629923,10.491973,8.0693445
-34.438118,4.003223,-5.8737636
0.6354859,-9.076812,-3.7410328
-27.519003,3.4432158,-7.652524
-15.382789,3.0108047,-5.580829
-1.1739193,-10.319813,-1.5700359
10.631128,-7.492832,-7.53805
-13.782205,2.2568169,-9.004788
11.67318,-2.099532,-3.905276
-15.970918,7.3429294,-5.9178076
3.905741,2.5863192,-12.932358
9.096861,-2.6750872,0.6750307
-19.97701,4.7251377,-7.978143
-36.17701,2.0175784,-5.2921133
-14.905648,5.1231666,-3.9549398
-8.247613,1.2858016,-1.8600317
29.935123,2.85469,-4.220077
-1.8742477,-9.038531,-3.9182918
15.96288,-0.45318264,-3.2988286
29.348648,2.8218277,-2.150232
9.166467,-9.341514,-8.627834
21.810312,0.2796439,0.88670224
3.9952607,2.5756674,-12.928466
-10.593528,1.5999498,-6.8976274
19.179628,2.9059355,-3.496801
-29.226637,4.1443267,-6.6527305
29.83589,3.8879733,-2.6228888
-24.75897,0.03689546,-8.152515
-31.571207,0.48748848,-8.508029
-36.995064,1.255052,-6.2787476
26.310766,3.0933394,-1.2764466
-13.724532,-0.7586356,-7.7265344
-27.99113,0.6354174,-5.9688706
-6.8126802,6.618503,-3.5216677
10.051065,-8.946927,-7.642155
-2.0054417,-8.764118,-4.330211
-18.040003,6.4657197,-5.728
-35.683067,2.6236413,-5.577538
23.14611,-1.0427647,-1.0810362
30.197859,7.509022,5.3758717
11.276539,-9.332468,-7.5769353
31.187782,9.086181,6.7953434
31.083218,7.9159875,7.794832
29.31398,10.568234,8.344467
-27.987812,2.7049916,-6.871657
11.639189,-10.918568,-5.026359
20.324965,-2.1947036,-5.745138
4.3955464,-1.3889527,-4.3467145
-1.0191652,-8.832905,-3.1179273
25.76752,1.0000899,-3.0880866
31.151094,3.7704039,1.1235431
3.3517644,-7.62593,-7.69288
20.828405,2.4710639,-1.0357984
-17.340624,-0.07388036,-4.64199
8.817681,-0.67805976,-6.9453325
9.356371,-1.4387413,-4.8967457
-21.26106,3.0094345,-8.580471
18.133509,0.38989985,-9.040448
-5.5982695,0.71971554,-3.8511662
1.9989444,0.9897449,-1.8288324
31.550882,7.7143784,7.61997
11.257117,-11.043572,-5.307181
-0.64581287,1.116333,-6.0622053
30.88148,7.8248887,5.3849683
24.885956,4.9252267,4.3841267
31.633982,4.7297087,1.7383144
-15.214865,4.1223183,-4.091762
-10.929516,-2.2508974,-10.301663
25.16636,7.955708,3.9881148
-37.234146,3.4223742,-6.292963
10.457897,-4.477439,-2.9072711
20.758307,3.0587907,-2.7311163
29.33852,2.002982,3.175525
-11.335645,-9.626918,6.3645163
11.61179,3.5016537,-4.7394915
13.029561,-3.682069,-9.1141
22.452194,4.2759,-0.83284545
14.082725,-3.6508713,-4.2062845
-16.10418,-3.8695421,-6.427432
21.109133,-2.7299976,-0.5477512
29.381084,8.697183,3.7048562
-22.656513,3.301602,-7.221211
30.158026,9.730042,4.3326697
27.301428,0.110195644,0.34196144
8.713351,-1.3791547,2.7830982
10.679301,-4.208075,-5.47375
28.100857,4.000041,2.8194952
17.180483,-2.5892572,-5.7497697
5.2526307,-3.3213396,-3.0902429
23.712076,-2.6563587,1.3655735
-7.3371778,-1.6242455,-8.4715605
-0.5140639,-4.5661106,-6.0948205
-21.545006,-2.2585223,-3.6359806
23.311443,4.746941,-5.0073743
8.079389,-4.084393,-3.3683386
5.899091,-3.251779,-9.499167
-3.3863142,-3.879158,-5.475312
0.27801287,-6.2387547,-3.3125021
-7.6034093,-6.591016,3.9773483
-10.210589,0.3277202,-6.013754
7.9715586,-2.395826,-5.497617
-18.57625,5.424334,-5.858988
16.9796,3.1733181,-4.6299205
10.497305,-6.3201113,-3.2163808
24.658157,-0.5235637,-2.2371473
28.555582,7.2158904,0.54997665
11.263478,-2.6675866,1.9184926
13.44204,-5.981066,-2.5195653
-21.951925,0.16188689,-3.504561
17.60157,-2.7947702,-3.5428915
5.8037786,-4.1906705,-7.6667233
-22.613451,-1.9822226,-3.8120654
29.31657,7.1289406,2.1627738
18.684958,-4.61363,-8.012408
21.564909,1.1512413,0.49161094
33.393646,8.331066,5.327289
13.693715,-5.441307,-3.4829955
31.836914,9.339371,8.903974
29.054579,9.024026,11.820945
-25.366224,0.037077587,-7.3142076
17.425488,0.21061312,-4.987393
-21.071365,3.1203024,-6.181492
-23.485992,1.760108,-6.341283
17.936651,-3.4178715,-5.880808
26.972338,7.0118537,2.0568562
-3.3102527,-3.1774333,2.3284817
32.439434,8.415638,5.7909956
-9.937937,-9.199736,4.7872477
30.143255,10.086624,12.857852
22.407402,1.7859827,0.008865125
2.3125072,2.812569,-4.9973545
-3.0361712,-7.4854226,4.4634123
16.862541,5.122873,-4.844138
10.777567,-5.176433,-5.003949
10.166601,-5.321908,6.1610208
5.995598,-0.8764387,-2.6214588
1.3431779,-4.2548304,-5.105593
-33.7242,0.407615,-4.956861
-20.921238,3.721265,-6.0138445
28.788372,7.435662,0.8736022
23.068361,0.92994815,-1.5106678
31.07349,8.911859,11.616968
15.946796,3.0283675,-1.2033494
16.874727,3.3266017,-4.5962696
3.5483902,-5.088749,-5.198553
15.414164,-4.174758,-4.1336927
27.104118,5.810115,4.5498705
18.531979,-0.27830562,-3.7686594
14.315017,-4.426357,-2.2270803
22.66744,4.8785253,-3.9267738
10.098623,-6.9454575,-2.6854846
-23.987568,2.3039033,-5.2308755
14.826475,-3.2307997,-4.294144
15.761792,-6.48408,-2.8584905
25.127707,5.785077,-5.621298
11.465427,-5.214113,-6.859823
19.064314,-6.031238,-2.4323432
12.37816,-4.67788,-4.6925745
-2.5594563,-2.9719493,1.8620265
10.60206,1.9667354,-6.0333405
30.353771,-0.037824955,2.7778077
7.0934567,-4.4948273,1.0013736
-1.5124439,-5.132764,-6.3357387
18.335308,-0.99779236,-4.7515707
31.033869,4.8002157,2.8654594
25.471956,3.7935684,-2.3415954
16.462133,-5.970518,-3.9105294
30.06842,9.104536,1.9304879
2.6683774,-2.8866494,-3.5244725
6.343028,-2.94147,0.062026225
22.765642,1.5744743,0.23491527
19.41357,-6.222539,-2.02068
30.918707,5.986101,8.766862
7.869515,-4.5267754,-4.305339
10.666486,-4.1437244,-4.7498817
16.192389,-4.987592,-7.3862247
2.778794,-4.5653553,-4.7684712
24.14038,3.7567694,7.097142
12.0521555,4.4178696,-5.12114
33.421127,9.701626,6.0618196
23.541294,3.5268226,0.59030974
5.5174026,2.8209944,-5.044713
-5.5240755,0.017848542,-3.3266795
22.988838,4.8271904,-3.8783476
28.178436,4.054448,5.1633863
27.681564,5.0290947,3.5070126
10.320569,-5.9753428,-1.459567
-4.8537965,-4.7462215,-6.7499304
21.989313,0.29407075,-0.10715654
14.14842,-6.95571,-2.7480412
-29.922981,-0.06066418,-7.5649815
31.382187,6.0289516,4.3868437
30.60643,9.707379,3.9172592
20.38428,0.60866773,0.24390276
16.464367,-3.209318,-8.088066
22.06795,4.3301783,-5.2234664
-18.403727,0.17331883,-6.10215
28.641146,7.494715,0.49178287
-11.593792,-0.46649134,-7.448712
2.2355423,-3.9231594,-1.6529033
18.01882,3.8371751,-4.997247
10.235854,-6.0609584,-2.0419633
23.68358,2.1447053,0.91355646
23.132494,3.9072752,-5.046127
1.8377849,-6.94531,0.6515016
8.890369,-1.5642978,-1.2500616
2.568606,-4.744834,-2.4741127
8.267631,0.76985687,-5.2888823
19.835526,2.674745,-7.833071
18.27958,-0.70297843,0.8963728
7.393519,-4.4071274,0.7352967
30.061338,8.536859,4.0468464
13.197793,-5.9335423,-7.4851704
14.957851,-2.5607185,-1.8287182
21.642183,-1.764507,-1.8201488
25.901667,0.0091253575,-3.9084582
-7.618139,-3.4507036,3.0091856
26.18711,-0.3851732,-4.5665493
19.59601,-0.91685915,-0.45969257
1.7231828,-4.499792,-0.42948034
5.159877,-4.537106,1.238365
11.589835,4.376401,-5.263562
10.302502,-6.0914817,-3.263238
2.9290853,1.95358,-6.692086
16.3036,-3.082133,-8.180063
17.799847,-0.1294948,1.2661806
28.902483,7.255105,1.2432954
24.869312,-3.2549531,-0.21249415
-37.098877,3.3477874,-6.277994
29.498947,4.994376,4.550972
23.821638,6.887522,8.002327
21.92341,6.5252485,7.0727315
11.056181,2.3190575,-5.4614024
2.7826447,-4.785682,-4.875675
7.4132113,-1.2457186,-6.517238
23.400337,4.938651,-0.77934617
-19.77569,-0.9996478,-3.655798
5.802938,-4.1757717,0.49898708
15.665194,-7.5089273,-2.605419
25.90038,3.6328006,-2.049135
2.0299659,1.0651975,9.661157
24.3918,3.8987215,0.83084595
10.146283,-3.991812,-1.3653455
23.16949,2.3402128,2.9024866
29.327438,5.449115,3.5328836
28.731792,6.5706954,1.4223999
5.4916773,-4.3474064,3.6184292
7.409416,-5.504579,2.0767434
28.197437,6.2579527,0.2344298
-5.748518,-8.932865,3.5340724
28.655325,6.294949,0.71392804
-23.127129,0.36161855,-4.2523437
17.517212,-2.726018,-4.0448294
7.0135207,-4.3948426,0.732621
2.6713016,-5.429826,2.2277262
-1.8248538,4.2531667,-4.8753924
29.8454,7.950793,2.6919315
11.06277,-2.6027398,1.6957858
2.8628051,-0.65924656,-5.0783052
30.015478,6.8344603,0.7363946
-8.3970175,1.4954137,-8.523459
20.697172,-1.0853485,-4.5903277
-18.543709,8.43894,-2.8626242
1.6745216,-6.632498,6.008882
21.181107,-5.273068,-7.452687
27.273422,3.3473446,2.0458033
4.881791,-1.6637336,-11.800552
0.23579559,-7.071147,0.42101127
28.901571,6.5471134,1.5766115
5.5656586,-3.5105166,-7.074546
28.56887,3.8642747,4.5862117
30.219652,10.229898,12.917866
22.373423,3.5270286,3.3820722
-12.126663,-7.187507,3.392564
5.0619617,-6.8280406,3.3268745
24.521383,4.000994,-0.9956444
-21.331608,2.9821322,-8.3546
21.038649,2.7016425,4.940953
13.420961,-5.783696,-7.449603
12.336328,3.0189106,-5.173348
21.035883,-2.5896373,-3.6128943
27.83643,5.3434634,-0.20069428
-31.66415,1.0797904,-6.5233765
30.982042,8.871294,11.815425
29.795433,8.046082,2.8341699
2.5237887,-6.775521,-3.8852339
26.094069,0.08265843,-4.2316546
-22.563614,-2.0575879,-3.8403966
12.822746,-3.7225378,-9.140473
11.052461,-5.742634,-4.7576556
29.48577,7.422363,3.2206228
16.559233,3.0510802,-5.101602
31.897406,9.450521,10.405596
25.857643,4.270835,5.656517
24.546177,3.9244716,-5.1113434
-0.13546707,-4.673026,-3.641774
31.989046,9.633025,8.9738
24.429081,3.4740348,-3.473657
0.7420987,-5.395497,-8.876185
8.998959,5.097171,-5.081376
16.495266,-2.201819,-0.6719572
9.9072895,-4.172494,-2.396176
4.7458577,-4.432647,2.2973197
10.221849,-6.34464,-2.9249907
9.873785,-2.971878,-5.0360045
8.063963,-5.45353,-1.6920707
27.351215,5.605707,-0.17460157
3.6660452,-4.0260777,-6.8021593
-6.043657,-0.65744936,-3.154526
19.346624,-2.0122113,-4.665077
9.260167,-3.5803287,-2.971885
7.380607,-3.7019768,-4.2377872
14.392421,-5.640615,-3.211565
20.989653,-4.713137,-2.2691777
28.408257,6.0442615,1.5768346
6.1107936,-3.2097368,-0.5152237
24.404861,4.368737,-3.2983537
21.336271,-1.7852328,-1.6538614
-16.007843,7.6331224,-5.2330937
-1.9079343,-8.414124,5.146039
6.933583,-6.5406203,-1.3044096
-36.274834,2.8745775,-6.311503
-10.964363,1.2696548,-7.157942
-25.672382,-0.3258063,-7.603306
12.214997,4.509545,-5.110802
8.623493,-5.0827594,1.0251381
-20.486946,5.673939,-8.450729
10.414483,4.662,-5.592431
9.052456,-6.239556,-3.6718974
21.267395,-3.2903361,0.62281734
1.0433104,-2.5114176,0.20133458
16.978168,-5.952334,-7.530987
14.129046,-5.4898286,-4.325849
-33.354774,0.3821005,-3.349501
31.286139,7.1325865,9.392883
30.038721,8.970279,6.489949
2.4970393,-3.689387,0.50868386
-16.192348,1.2154521,-3.6287935
10.991387,-2.6409137,1.488465
8.976258,-5.27818,-2.6950254
7.8346434,-3.8224068,-3.281809
19.136057,1.8738577,0.7493313
15.631667,-5.4764543,-3.1168883
22.510061,3.3220623,-7.521878
31.557522,6.8680387,9.246072
9.334859,4.5413227,-5.872991
8.179838,-3.8326058,1.06777
17.500385,0.062407237,-5.095712
30.595955,9.563429,3.8701804
4.9837136,-5.148019,-4.49466
14.040269,-3.651491,-3.3471212
-27.061426,2.0817332,-6.1865354
26.5625,1.7356561,-0.36564282
-21.361095,0.12786123,-4.165217
14.532199,-6.3440347,-4.403812
16.52724,-7.934204,-5.8571334
7.882986,-3.2385662,-5.292996
6.4280787,1.3185186,-3.0678027
24.574154,-3.5347967,-3.8893816
11.356995,-4.746098,-4.315667
18.929052,-3.948113,-2.6159987
26.521875,7.5052977,5.607448
9.476551,-0.062135506,-5.7598944
26.784615,5.4585524,0.30153203
16.823278,-5.945987,-7.435769
28.944775,3.5745678,-0.97284013
20.837658,-3.268151,-1.0614513
11.002186,-6.545403,-2.9854107
29.094103,4.758326,5.965429
-5.505753,-2.4392357,-4.5129604
20.41763,-1.6811188,-6.2873316
1.2788258,-6.2770367,-4.6238523
21.593096,-5.315567,-6.1543937
27.421574,2.896524,1.2199593
30.604366,9.396991,3.90604
-12.238646,-0.22967875,-9.428077
13.848761,-4.4035816,-3.4140906
18.012302,-2.7364125,-4.4306307
22.95221,4.9390416,-0.2670158
17.749334,-2.5693643,-4.7213836
10.91564,-3.1362164,-7.732612
10.386066,-4.5608177,-0.110509
22.144123,4.576051,-5.112768
18.245731,-3.5051444,-3.90944
23.229282,4.975092,-5.4870586
-31.195637,1.3351941,-6.919393
29.863562,8.9654255,1.5057822
22.807821,3.7927606,0.769453
22.33272,5.3537903,-3.6885417
31.836523,9.360868,9.082262
24.91278,4.8477864,-6.056684
31.564598,8.896986,9.85939
2.3039696,-6.588162,3.9009392
18.460993,-1.55622,-3.150839
22.744326,5.8761077,-1.6965213
28.055159,3.3634279,2.3094454
-12.190827,-1.3138065,-8.534523
26.746292,-2.712028,-3.7755535
23.672832,3.550193,0.71354675
-14.743084,6.9870634,-0.436075
8.590334,-3.3906164,-3.6939917
28.036049,6.2480893,2.2180426
14.763715,-2.5884547,-1.7513992
29.86763,4.783874,4.211854
6.1497793,-4.3788376,0.15825458
23.0581,4.4137235,-5.408636
-21.964325,-3.4126654,-4.393902
11.829023,-1.0886167,4.0360017
23.117664,8.235583,2.5634265
15.269749,-6.503351,-4.942712
15.162929,-0.31215474,-4.809063
17.276073,-2.0769243,-7.42215
24.481115,-0.78485584,-2.802692
25.027828,4.913466,-6.0880356
6.9982295,-2.6166573,-10.588191
-13.180583,-0.8527904,-7.6778107
26.124094,-0.29940882,-4.2961297
22.768028,4.4843125,-2.9352655
29.856995,8.771426,3.6441343
15.916956,-3.5773706,-7.806255
9.732463,5.3578515,-4.1320705
21.449478,-2.0558908,0.3365922
8.677586,-4.089175,-2.7039413
-17.23806,3.388407,-3.8938053
0.058634676,3.190692,-6.1779943
-0.4912284,-4.2347445,-3.9904003
7.3657117,-7.5128245,-4.4722805
3.9208686,-5.0639763,-6.8496675
-11.114889,-5.061859,2.7798538
29.91307,8.973672,1.6625973
23.457499,3.2649407,-1.8341094
2.8537803,1.6373398,-8.090861
-15.739666,-4.490142,-5.1690583
-36.71463,2.5507169,-7.1926937
17.729786,-3.0292199,-4.0461693
23.604326,1.4889483,0.047969956
2.4096997,-4.673844,-6.224165
6.27382,-4.7808776,2.0429714
8.094404,-4.931772,-4.629803
22.28452,-2.918962,0.30730972
-10.874214,2.0591373,7.432159
29.75488,8.690433,3.3857398
-9.871638,2.259105,1.0005985
28.504196,8.868528,10.981055
16.927635,-4.0971103,-7.373304
22.32774,4.607345,-4.745888
3.5244677,2.6030097,-6.264151
13.09695,-5.2825904,-4.8445926
18.673298,-1.5210153,-3.061893
29.12617,7.2857285,-0.47085536
9.278489,-4.4547405,-3.684089
32.029415,9.618131,8.013876
-19.874786,-0.08267778,-7.7865334
18.89575,1.8740861,-9.124153
27.564953,-2.905971,-4.497646
23.542677,4.5325074,-4.771599
13.497665,-6.281207,-1.0566971
12.63851,-3.29976,-1.6820369
15.914423,-2.075046,-2.4308615
-23.416267,0.26316544,-5.354819
9.329556,-4.538424,-2.5693767
5.993068,-4.137315,-0.7022872
5.971252,-4.5367866,-4.5499496
22.539082,-4.889921,-7.182404
19.26389,-2.187673,-1.0880393
10.851626,-4.089332,-5.47397
4.976399,-4.5590606,1.2311344
10.237159,-6.1312323,-5.3472414
17.856003,-4.087165,-2.6971529
-19.407171,2.4878538,-4.983687
-0.40949914,-5.6553726,-2.3638248
20.202805,1.2415396,-2.2724743
30.055412,9.454604,11.704919
21.559975,-4.055304,-7.8634257
2.29586,-3.6662097,0.4539179
30.52711,9.362282,3.8431711
24.642342,4.5746403,-5.9208093
24.542107,3.7520263,-3.7034466
30.399496,6.9865117,8.801392
11.539411,-3.763336,-7.949435
31.542906,8.292624,9.675657
22.986605,4.80542,-3.914393
11.2860155,-4.0713763,-2.9144573
-15.837824,0.6176853,-4.2213035
-8.982144,1.5087839,-8.432022
16.456385,-3.5773046,-7.5455923
-1.7538452,-8.410026,-4.9293127
20.251028,-0.73909974,-3.0595942
29.926188,8.954846,6.3614197
25.938686,4.592692,0.2754069
24.701126,4.244701,-3.467406
-1.1785878,-8.131343,-5.382698
26.568626,5.6987267,1.1485167
-6.3194556,-0.391282,-2.1444364
2.5615666,-6.7195745,-3.9268973
16.840227,-0.55178815,-1.5637758
19.128431,-0.021623524,-0.14967692
28.528587,4.4371133,4.6343093
10.085825,-4.41819,-3.2225504
16.274761,-4.833458,-7.929961
18.63926,-3.875577,-3.6150413
0.6172716,-6.0595236,-5.4021244
-9.018606,2.6011949,-7.5047746
22.940115,6.733663,7.5479555
-16.579292,0.94617504,8.218826
30.529074,9.349593,3.9259098
-37.04146,0.588596,-6.0145893
24.010124,3.8364275,-5.245098
-22.601877,1.1110197,-5.155312
15.817997,-0.82471174,-1.9714674
9.456878,-5.2622266,-4.703913
18.809196,0.19855261,-6.3217206
19.156918,-3.9917226,-2.523237
31.089983,6.3722506,7.8410273
33.03736,8.255799,5.321945
22.674917,2.3302765,1.1134923
26.94302,-2.5496325,-4.33399
1.8351787,4.4594088,-4.282546
26.919125,4.834635,-0.060803264
10.578062,4.081134,-5.531707
3.124336,-4.871064,-4.0953617
2.7146072,-7.327616,4.85175
-30.920475,-0.42975268,-7.846706
4.939713,-4.5582924,1.3145597
23.86489,3.1202855,-1.6348076
-16.149244,1.6733818,-5.052743
12.2770195,-4.8796635,-4.795148
-2.4197307,-6.150415,-5.860996
2.7683182,-9.695088,-1.6225815
6.3993464,-5.634384,-4.9896917
-28.029867,4.05382,-6.517644
15.313032,-3.017223,-2.0628443
-6.0391054,-2.966835,-2.1862924
-11.1234045,-5.3261433,2.453942
11.194663,-3.3357432,-2.6288521
18.869947,-6.8275723,-4.4667225
-5.761486,-1.0684612,-5.400928
1.677419,-6.6682043,5.9584684
14.700403,3.6821272,-0.6330168
2.81252,-6.9597154,4.6518755
6.047797,-3.3719456,-0.023279076
27.50153,0.50060993,1.8745313
6.8903465,-2.2658637,-6.760732
22.94686,3.7961721,-4.626794
-11.876684,0.28681412,-2.7585204
24.291788,4.4585085,-5.8846292
9.064251,-7.9836016,-0.97978806
2.4241283,-4.658029,-3.0944989
9.664664,-5.0523295,-3.066465
20.837404,-0.3521964,0.20491469
-22.641376,-2.0538888,-3.7289808
25.101068,0.34070933,-0.24397475
24.520277,4.5688767,-6.086679
-18.480335,7.049425,-5.0431943
10.052824,-6.0790076,-3.5781107
16.135319,-6.254097,-3.5796206
27.716763,6.1035833,2.2071965
-22.808626,-2.0476837,-4.2506633
30.212763,10.120739,11.5707245
17.279985,-3.1609907,-3.148318
28.867916,5.645295,5.1079917
33.048233,8.741867,5.6020117
17.768114,-2.8192532,-5.0975475
8.293504,-3.7081547,-3.8737023
27.241686,3.7738342,-0.5513368
9.835055,-5.613425,-5.8611975
-7.005122,-0.80499387,-6.875262
24.705444,3.686923,-4.303159
28.064608,8.260999,10.982997
15.956214,-2.8922272,-8.12806
15.30875,-0.30443186,-9.681844
-8.170904,4.7025795,6.8503203
27.86054,7.755781,7.863754
-31.062185,7.074769,-2.451438
21.009275,-5.267663,-5.6790056
7.686638,2.3379872,-4.362798
20.5381,-2.2743788,0.31406167
24.044945,-4.9997926,1.5857185
20.478828,2.9244401,-8.636185
11.5512905,-0.85260147,-11.280205
9.575951,-1.1574997,-9.999537
21.560207,-5.017138,-5.9358983
1.3346416,-5.8864307,-8.064243
-29.409945,1.5213251,-5.9280405
-12.116274,-0.058789562,13.558947
11.419483,-0.80455464,-11.347676
7.6187525,3.7513728,-4.7392354
25.195162,-3.0687857,-0.1622898
15.120667,-8.253497,-6.6484942
27.151453,-0.2551231,-0.079652905
26.655964,6.7644863,3.089438
7.4769034,-1.3402811,-9.546112
17.192421,0.41756064,-7.9236045
8.782914,-2.6892784,-10.399391
9.336002,-0.9298274,-8.976374
-11.680795,-0.2523653,13.618217
21.209269,0.82650214,-6.0051913
-26.414923,8.116465,-4.195676
-12.40642,0.06925441,13.5255995
27.293713,-2.1570756,0.92120606
1.9289168,-4.2289433,-8.7061615
23.495955,2.5989106,-0.7083448
-3.7503183,-5.6787515,-8.565912
29.605595,-1.3362694,-0.052332543
22.39473,-4.4963007,-3.5028374
27.61996,-0.27470565,0.22823523
0.9471015,1.4329842,-4.5870914
13.867492,0.0015389471,-10.279442
21.5144,-4.066544,-3.2313902
20.748465,-4.197216,-6.135719
-5.304282,-5.250374,-8.970279
19.80004,1.6094658,-6.558955
12.390987,-1.5263925,-1.4578271
23.619022,4.6427636,3.2348094
5.9704933,-5.169219,-1.3933456
29.317654,-1.0029649,2.0158174
-10.5145645,-4.086416,-6.453952
-11.231116,2.2305326,-6.348325
-12.414483,0.07350932,13.52477
27.314362,-2.4812768,0.35506415
-30.727726,7.372896,-1.0390977
27.727015,8.037084,4.757588
22.576511,2.4530075,-7.729697
26.494371,3.1785038,0.7921204
-30.265429,7.493406,-2.9060078
23.270252,2.9639812,-6.5454707
-27.61368,4.904694,-6.4005437
28.863434,-1.6158731,1.5044986
-4.5474706,-5.309451,-8.747834
-28.893707,7.5047145,-2.449982
7.731817,3.704974,-4.787167
26.006134,5.962334,6.303263
6.5816326,4.866332,-5.08924
-0.21245497,-6.6851416,-6.9262996
24.764912,-2.6807091,-1.3974633
30.642471,-1.8350594,2.2377608
-30.388126,7.2379093,-2.1290405
-28.510763,2.4979522,-4.525551
13.596962,-0.8114507,-10.178962
-30.566477,7.1786423,-1.8543853
2.7245204,1.1069446,-9.098311
20.385132,1.2406954,-7.074587
5.0699763,1.1848495,-7.931556
21.192673,-5.7722774,-3.6205828
23.058279,8.141666,2.6303449
25.405956,-1.6432841,-0.34924662
-12.32101,0.031592213,13.5289
12.856162,-0.37540334,-9.130972
8.711735,4.4998803,-3.0072136
-12.31957,0.031014927,13.535548
2.027419,2.195117,-6.7957845
-13.024844,-1.1613976,-4.800487
-16.634367,-1.0183847,-5.5740657
21.032784,-5.054216,-4.483102
-26.38199,8.143034,-4.2183847
-12.393591,0.06408892,13.523838
15.2841625,0.47401002,-9.178793
7.705795,-0.8880444,-9.620986
20.766926,-3.3771362,0.41097948
11.660469,-2.1509788,-9.393065
18.781597,-6.6898446,-4.873766
13.658501,-1.0681947,-9.9791
2.9496872,-4.168087,-8.549138
-26.493183,8.11224,-4.231846
-26.923119,2.5084836,-5.936828
9.20111,-2.6818433,-10.491405
22.817768,4.5885544,-0.7068115
8.72608,4.7135935,-4.498824
3.1181252,-3.5753207,-10.846106
0.47365242,-9.684909,-1.3291377
4.8923497,3.6076565,-4.910767
9.757302,5.464879,-4.251139
9.418469,-1.0606357,-9.394808
22.332533,2.317153,-7.525507
25.074537,-0.2114686,-0.3693918
28.138235,5.404989,-1.6491754
-30.67458,4.179806,-7.9853578
22.278454,1.6117822,0.2875561
-14.517341,8.999525,0.85372746
22.90739,3.1180072,-7.7556214
-17.411179,-6.7544737,-5.1564374
-29.37486,6.5840564,-1.8639781
27.084417,-3.0847616,0.6108345
4.944194,1.7694764,-5.336453
10.893328,-1.2768468,-9.588758
1.6208924,3.2863758,-5.177136
27.128635,-2.7500484,-0.40424532
21.382607,-3.5890198,-3.101754
14.600344,0.05078861,-10.464766
27.32795,-2.7187054,0.059930965
8.215681,-1.0337622,-8.048924
25.771044,-1.8619524,-1.7764806
-28.379734,0.27307016,-6.9044495
7.8378806,-2.51692,-10.086259
-26.325806,8.225092,-4.290803
10.046045,-1.1666446,-9.372748
-30.312687,1.2396879,-8.99035
22.419363,-3.9387054,0.15419489
22.913157,4.2627454,-7.809025
26.115545,-1.2144783,-0.23449117
27.426542,-2.3829587,-1.9475023
-29.224613,0.74587536,-8.622154
13.72681,-0.10839726,-10.406597
24.393694,-0.97704744,-1.0579288
1.9585686,-4.3389316,-8.741842
28.414865,-0.6361985,0.7589115
-24.470514,3.2451308,-7.3211637
8.026103,3.711897,-3.179623
-26.264158,8.173954,-4.2137976
19.885294,-5.4671917,-6.448012
-27.053457,2.5024362,-7.7327476
16.070202,-2.393103,-8.006805
10.703638,-2.4024804,-10.770106
13.700045,1.5386274,1.3183006
-8.309191,4.7997274,6.9205585
-34.839424,5.7020984,-4.855518
14.276773,-0.9200553,-9.765103
8.36872,-2.504534,-10.127197
2.2264214,-4.1217957,-8.884547
-15.543426,-1.7875209,-7.9352884
13.74147,-1.4840273,-10.383053
24.459866,-0.8160823,-1.7727088
22.359947,-3.8652,-0.11335773
-12.357612,0.048334684,13.532943
-21.45719,0.3282587,-6.836311
-9.142704,2.9836996,7.6671686
14.388373,0.37254292,-9.3094015
21.319061,3.8287997,-8.463732
-12.570046,0.14321056,13.512122
-32.946377,2.696156,0.22152135
13.283025,-10.765981,-4.2013416
14.173246,-0.95480424,-9.595639
26.575176,2.399761,-0.7437426
-29.075489,7.416796,-2.3748143
-30.5607,6.93967,-1.9676411
-29.407446,6.405115,-1.7746015
22.882963,-1.7810503,0.27063787
-26.476019,8.100222,-4.183055
-28.721416,6.2718773,-2.2579134
-25.607357,8.73778,-4.462876
27.489729,4.5951104,-1.5473869
-4.7872143,-4.872966,-7.019623
-2.0428472,-2.427108,-3.6467497
11.564058,-1.5299988,-9.6524
5.8679433,2.8533072,-4.9900923
10.083921,-3.079758,-10.906767
28.03369,-1.7853007,2.2352989
-6.2066774,-3.9329042,-7.6387753
-16.172453,-2.3104794,-5.793952
1.4027123,-4.760888,-8.691054
-26.448809,8.116876,-4.20999
16.350143,-3.1132092,-2.1998177
26.651703,-2.743416,-1.504649
20.417828,3.0563636,1.9382796
3.0507364,-3.6929452,-10.6973505
19.509867,-0.03798998,-1.196782
-30.601429,7.15347,-2.1781907
1.4708594,-4.390979,-8.733716
5.918847,4.664484,-4.294178
-29.432487,7.9277415,-2.5391543
25.783247,-1.7267314,-1.7088866
-29.040089,7.121481,-4.5782914
-19.518541,0.16847,-6.399908
22.382,-4.4990654,0.79414964
15.134876,-0.3408149,-9.604751
28.712385,-0.41181192,0.40695196
-12.369992,0.05412702,13.53089
5.9842825,4.378873,-4.8059645
29.485622,-1.4020187,2.2468174
-5.9561596,-4.146707,-7.4267764
25.709232,-1.857523,-0.8525235
5.944848,4.4155025,-5.189601
-12.365286,0.05177095,13.532208
-31.380018,6.909535,-2.3331726
2.213917,-4.2358255,-8.771223
13.113828,-0.7623494,-10.390734
-28.988783,7.144298,-4.566721
2.0998788,-6.3852596,-3.9118955
19.828482,1.683119,-6.414689
10.945768,-1.5628121,-9.589457
29.545229,-1.5882765,1.2723432
3.5833051,7.653088,7.556318
13.742527,-5.3016167,-1.5284134
-12.362884,0.050194692,13.530642
19.559628,-5.850395,-6.4362335
-11.729598,-0.23030731,13.611213
26.951565,-3.1493225,-2.148448
-30.154123,7.544936,-2.9534984
22.476215,-3.7174962,0.050317
5.7996316,4.3333955,-5.015168
6.9320607,-1.2639316,-9.976536
18.088375,-7.1821003,-3.453446
-30.703558,7.3950973,-1.0329397
9.528439,5.03227,-3.751291
-16.878952,-2.1344519,-5.7608285
-31.464247,0.8097626,-5.0909333
11.453012,-1.8135493,-10.503723
22.135725,-4.304086,-3.002119
29.0806,-1.6706859,2.2643383
29.065578,10.178879,12.896591
23.410072,2.6958573,-0.34244823
9.503997,-2.4963255,-10.442078
4.9734697,-1.6741986,-11.757046
-12.414993,2.3171527,-7.0609894
-6.1672406,-3.6108906,-8.938554
-29.640059,7.854967,-3.0290241
20.741087,-0.4736623,-0.053319603
27.524189,4.381736,-0.7258592
21.30009,2.7598453,-6.9354396
24.791344,-4.120773,-2.3845186
21.907866,3.7019937,-8.435015
11.787604,0.8725126,2.3504508
-11.585834,-3.9465182,-6.0796685
7.711782,3.8876264,-5.2012815
11.502274,-2.3583481,-9.404301
3.5645726,7.6606264,7.5586996
30.515615,-2.712007,2.1912353
25.28918,6.9534945,2.9210415
30.530382,-2.6886232,2.1029177
3.0364044,3.039218,-5.1145372
-26.330887,8.160931,-4.2283196
8.255165,4.129795,-3.2656512
26.848082,3.8600073,-1.6885765
26.12111,3.591231,2.1394043
28.716787,-1.9631476,2.1049724
-27.114397,1.7087317,-7.917502
11.123444,-4.5187817,4.1447916
11.223177,-1.8911653,-9.434485
13.627323,-0.83977515,-10.178994
-21.728462,-0.43980542,-7.384136
-11.233418,-0.44798958,13.714652
-12.469042,0.098060526,13.519407
15.943629,-8.525003,-5.6204734
-11.633871,-1.4094732,-5.498046
13.431965,-0.046907797,-9.38398
-4.048952,-5.166732,-7.7228937
-11.790191,-0.20289373,13.599905
-29.036913,8.104762,-3.0039318
8.696587,5.0565248,-5.1918654
-30.638737,7.2304792,-2.3411129
20.603483,0.81905687,-6.110183
-8.428283,-0.5500662,-7.007843
19.041796,-5.4843016,-7.6984944
-26.351963,8.18518,-4.2644267
11.715376,-2.2652123,-9.114978
23.047695,-2.3630488,0.73191404
-25.500025,7.816478,-3.7270017
11.688365,-1.4756745,-9.016248
26.77912,-0.8205654,0.093746126
30.023666,-4.179724,4.0075016
21.664082,3.3649702,-7.681468
24.827967,7.3795443,2.2497852
9.041313,3.2927904,-3.8556619
21.611181,-3.984775,-3.270588
7.6711564,4.0510354,-4.9995475
13.850156,0.38373542,-10.317107
11.5145855,-4.3568335,3.940307
-7.536833,-5.472688,-0.37412575
24.801,-0.841232,1.2265081
23.998667,-5.042633,-0.88151383
-30.51563,7.2370667,-2.1504385
12.34087,-6.9593296,-8.272947
30.735,-1.5601141,1.8524597
19.271238,-6.1881127,-5.0638485
23.023703,2.2616687,-0.9117179
-18.27248,-1.102882,-3.2783325
30.625986,-2.1237981,1.6205385
15.295695,0.45294324,-9.24222
10.433483,-1.2830975,-9.514438
20.159687,3.7081032,7.310347
8.354106,3.9781656,-3.348217
28.943161,-0.6453012,0.6102389
24.85151,-1.3406748,-0.80136716
28.828337,-3.0845304,0.2225945
-28.229702,5.906298,-2.6535957
27.458351,-0.2608442,0.23737225
-8.22802,4.9076653,7.026893
-30.35676,7.342617,-1.9807777
19.44639,-5.234489,-5.8073015
10.971544,-1.9576987,-9.619403
21.447453,-2.2507753,-1.5461992
7.2138777,-1.6416973,-9.478438
22.42248,-1.0231375,0.5942769
-4.4539857,-4.7392235,-6.9237013
26.092339,6.97641,2.6029139
-0.015179887,-7.5109487,-6.6524324
-10.609091,-4.0551305,-6.3970714
3.4354858,-2.9580302,-11.33643
13.888058,0.9844731,0.7621018
-27.011732,0.5424018,-8.669664
17.092577,-0.58507293,-2.3009944
24.281013,-3.5276299,-4.5140324
11.276261,-2.0156536,-9.904946
12.6090765,-7.165081,-8.573433
-19.335772,-2.1637633,-2.2684407
25.542994,-2.026973,0.7956439
-15.691853,-1.9624709,-6.072703
27.777363,-1.5051647,1.7279401
-12.53144,-1.6430815,-6.513706
21.011427,2.051935,-5.655958
7.924943,-0.88100094,-9.511005
10.705316,-2.4847357,-10.559846
25.377077,3.6451619,1.4610751
24.640749,-3.2683907,-4.4140215
9.5232,-1.0438671,-9.607292
-4.91269,-5.2871313,-8.803067
-28.061956,2.5647368,-8.906979
-28.493038,3.9299684,-6.8544273
5.216677,-7.231398,-1.9911764
14.417358,-1.1977108,-9.757272
10.074298,-3.1785161,-10.836649
6.8647165,-1.2072961,-9.91698
15.023378,-0.54752713,13.142952
-15.066782,-2.1193862,-6.6834316
-36.482513,3.4551506,-7.8641768
25.496428,-3.043341,-2.0532541
29.32109,0.5449314,2.4109545
28.863533,11.07921,11.430156
-29.290476,6.5095167,-1.9284991
19.91354,-5.8509407,-6.5723066
21.673597,3.8886192,-8.3763685
-0.7398539,4.3158975,-4.839077
15.205952,-3.6782215,-8.440705
9.188778,-2.9054077,-10.838959
27.947144,-1.9838867,0.73966134
4.022954,-1.574041,-11.932961
-25.819494,7.9685006,-3.9207315
12.636747,-0.5474558,-9.120123
-15.756363,0.021221964,-5.9576054
10.0697155,-0.99528706,-9.316466
18.476315,2.3529031,-4.853273
23.00838,3.171471,-7.757326
-12.659828,-1.9234995,-4.144186
1.8357842,-3.845806,-9.4772835
21.933344,3.3272762,-7.6990094
23.675898,3.0287418,-6.28538
-12.300498,0.022559233,13.5384245
-9.308477,-0.35733643,-7.242691
26.156229,-1.3226262,-0.011819704
27.660172,3.1498864,-0.12917437
5.226636,3.8182483,-4.883299
28.711292,-3.162369,0.09737266
29.059021,0.11175458,1.9719293
-13.664271,-3.0913453,-5.4751415
14.517273,-8.198759,-5.854427
21.15891,-4.499972,-6.205811
25.548145,7.2351995,3.3078206
1.5746,-3.1887321,-10.026309
22.494385,0.78655934,-1.7205781
-14.937026,-2.5328462,-5.2829366
25.748865,-1.7768753,-1.5800891
8.450453,-0.60316175,-7.768778
-2.2365837,-3.8292286,12.574775
-27.254278,2.5378036,-8.237162
3.56437,7.6605964,7.558712
18.526196,-1.2666194,-6.995469
-5.8415546,-5.15043,-9.175644
-18.789682,-0.70027024,-6.819831
11.461925,-2.0772934,-9.427606
22.858004,1.9465816,-0.8984447
22.816057,-3.1048365,-0.1554421
-26.434801,8.11681,-4.216556
21.467533,3.1992023,-7.5368004
14.574582,-8.348713,-6.0655637
22.192535,-3.845162,-0.59314084
1.387268,-3.3995967,-7.6948404
22.619278,4.508626,-5.0757976
25.217987,-0.43769976,0.29648417
-3.2519631,-5.9132166,-8.893264
-0.028299546,-3.5703437,-9.474294
-30.060812,7.580546,-2.8330293
-12.359852,0.049161468,13.529499
21.049263,-1.9584411,0.08584718
-12.0139065,-4.016065,-5.944301
-14.919157,-2.0521023,-5.5502086
27.295664,-2.4579139,0.765915
-29.155617,2.9721277,-9.077976
23.151548,4.293908,-7.913116
-29.789446,7.382959,-2.1513803
-4.3927183,-4.93403,-7.6701784
11.94319,-6.5342364,-6.9614205
-28.895945,7.2225933,-4.466998
3.7857985,1.3874475,-3.0380847
-30.19645,7.491313,-1.6541644
21.73058,-3.892896,-6.7423096
8.512267,-1.0914237,-9.20695
14.601281,-1.4438419,-10.008468
23.445866,2.5893228,0.6378881
-14.595118,9.112806,0.82302254
22.589214,-2.2669997,0.41010916
21.475794,2.4026456,0.22206171
20.96324,2.5984125,-6.53071
3.7955294,-1.5490662,-11.901059
12.12553,-2.2719908,-8.938154
25.67311,-1.5168401,0.015720649
-12.565354,-1.070203,-3.7450333
11.081384,-2.857279,-8.370702
-26.300426,8.171048,-4.242828
22.361906,3.0704978,-8.267444
-11.045934,-1.1147947,-5.459132
12.023179,-1.7518468,-10.133684
25.247822,-2.8979242,-3.5425966
-29.15222,0.92534566,-6.8191786
11.136415,-2.3921993,-10.2226095
-12.338984,0.039923698,13.532114
10.138852,-2.0978687,-10.33685
13.436994,1.3373425,1.2893041
30.684158,-2.1628785,2.170942
17.807053,-2.356099,-5.506401
28.915617,10.999893,11.477121
7.913297,-1.7684913,-10.048498
11.461863,-3.7858453,-0.6977906
-6.7067776,-2.714421,-8.607041
25.775064,-2.780226,-0.63959724
5.3171945,2.9318173,-5.228026
11.72273,-0.8166847,-9.36852
25.629942,7.0037622,2.971116
26.03012,-2.9643357,-1.8593166
-6.109483,-3.7554433,-8.699046
23.482697,4.435578,-8.206616
16.0153,-2.0442324,-7.941671
15.299812,0.64537483,-9.202423
24.304264,-3.257704,-0.7489841
21.038727,-5.3600426,-4.6311216
-15.992748,-2.0654635,-5.8112364
-30.114374,7.5596704,-2.9809465
7.8539577,3.6265905,-3.0532389
-8.600447,-1.439025,-4.760502
-10.595016,-3.977082,-6.339292
25.148108,6.76049,2.3889017
30.84683,-1.1174765,2.3464727
-3.4392228,-5.696395,-8.901726
20.739851,-5.548575,-5.538997
25.422964,-2.1000423,0.761913
22.370256,-1.8586411,0.39457703
-29.978289,7.698324,-2.956889
19.574753,-5.7177763,-6.4045124
-12.053607,-0.086560525,13.5638485
21.499517,3.654339,-7.9788485
-4.937414,-5.1661224,-8.610535
26.115593,-3.001223,-1.746577
-12.354566,0.046587415,13.530443
-4.6046743,-5.2737465,-8.865852
14.135472,-0.11283363,-10.043817
-29.948069,7.549358,-3.1612768
22.824652,4.644847,-0.74109584
9.897281,-1.1582657,-9.536517
29.523098,-1.324112,1.244994
17.957748,4.2194066,-5.0026145
21.18763,-4.409745,-6.205566
26.685808,-1.7335196,-0.37875023
22.443132,-4.8012047,-4.390962
8.105554,3.9762902,-3.1382537
20.913084,-1.843828,-3.601877
-10.631016,-3.9182224,-6.16118
-25.697231,-0.79919475,-4.8360043
-12.336784,0.03873295,13.531348
9.421844,2.7215714,-3.9776068
5.155711,-7.346337,-0.84633714
-15.535617,-2.0176184,-6.0254493
-30.645367,6.8667626,-1.829272
-11.959968,-1.6627548,-5.476765
11.586184,0.9127746,-10.320403
27.571196,-2.3723795,0.8628471
5.7549286,4.0327215,-4.89882
21.408663,-1.7484132,0.48448956
12.007577,-1.2540463,-10.493818
22.776241,-5.08566,-6.48633
16.118534,-5.5613837,0.38960916
-26.05485,8.528296,-4.5520077
25.20832,3.8310056,1.5610482
-29.92129,-0.21469906,-3.194547
20.123634,-2.448327,0.043736342
22.779312,3.0231366,3.3709912
28.223404,5.549412,3.7551336
20.180557,-5.2791185,-3.0007553
-20.930378,2.9529736,-4.312866
-33.75901,0.55967426,-6.8989873
-30.510693,3.1653697,-4.9213605
-36.621925,0.923259,-4.9333134
7.550675,-3.0466464,-3.1860235
-4.7884254,1.2999802,-0.12050063
-33.57391,2.7313738,-7.8373003
-29.073294,3.3648825,-6.2498093
19.79441,-5.426197,-0.00145207
-29.316713,1.4963405,-5.079921
16.175406,-3.7403007,-2.1190097
6.2283263,-4.314249,0.117387876
-34.25359,1.7381527,-5.005276
-32.59369,3.1053932,-7.68064
18.130787,-1.9037443,-2.9757218
25.421064,4.5105624,4.5605855
-30.871933,1.0454323,-6.6664395
27.020372,3.2014244,1.3334795
24.475939,3.5697591,-0.79746246
9.266871,-9.573761,-6.5870113
24.253033,4.0845146,-1.8897413
31.393745,7.601569,8.143716
11.72758,-3.6933053,-0.5334098
6.387317,-8.847166,-2.5527594
24.63036,2.2792215,-1.3209339
29.90328,9.152248,9.639597
-34.55229,1.0795428,-5.254414
-37.150444,2.8448293,-5.3465786
-31.425415,4.338318,-6.3644433
-34.712975,2.448897,-8.776598
14.900513,-2.4219897,-3.7113104
-32.638874,2.3352046,-5.9945197
16.88906,-2.9307945,-1.9824052
-2.3103404,-9.731041,-1.7340825
15.121585,-2.1252887,-2.5699146
29.225739,6.9235272,5.793942
-31.639494,2.710557,-2.8825626
19.274593,-3.1096468,-2.2787917
-31.525988,4.4335036,-6.4116426
-9.523362,-2.324471,-0.06597698
28.929913,9.23353,7.4405627
30.426481,6.49917,6.646283
28.100882,9.014836,7.5198817
26.733103,4.0434585,1.4353147
8.059701,-3.6143913,-3.932818
29.297148,6.265653,3.1895473
-34.12348,0.8725966,-7.520713
-4.3494706,-1.7599027,-3.1202238
12.7362995,-6.954972,-2.5449533
24.577414,3.8112137,-0.51544285
16.588415,0.041044228,-1.5740718
10.609708,-3.4636915,-4.316396
23.34531,5.058223,-5.440477
11.581103,-3.6638362,-1.6740799
-29.661388,1.480599,-5.420957
29.4998,4.0307403,4.9893746
13.039498,-6.904861,-4.1678724
25.202541,4.0607686,1.7956738
22.798618,2.7398403,-0.69194925
28.68582,3.8624456,3.6594064
-36.13806,4.556216,-4.4972386
4.727705,-1.3496102,-4.3856854
25.08621,1.9217691,0.42703304
-14.833126,4.099547,-2.9559488
-4.036859,-0.85289466,-3.8729973
24.082687,3.7799857,-1.0942856
26.769766,3.7346406,1.0761459
29.771076,5.264864,6.047913
8.996995,-1.7401726,2.5412297
-32.935955,1.0100822,-7.130227
14.872822,-8.513975,-2.0739434
25.590641,5.8398433,2.4161
14.229818,-5.488164,-3.849883
16.267006,0.15814126,-0.6133641
24.360605,5.042865,-2.0952291
7.2919855,1.9050122,-2.6408072
29.901043,9.913627,6.790538
22.70276,-4.134349,-1.0301509
6.749027,-2.2941153,-1.7910566
28.352442,7.746053,7.108249
29.810213,8.336642,9.374729
-25.54803,0.97942644,-5.6762137
-33.930065,1.9629871,-6.5991387
30.215902,9.232808,10.513727
23.864079,4.110098,-4.4825683
30.844303,6.388338,6.1611295
-35.76691,1.5785042,-6.373328
15.070384,-2.4026344,-2.8454256
29.706827,8.976619,7.859837
-16.559174,7.173122,-6.502233
27.487785,5.368665,3.3015504
26.921137,6.5922985,-0.6325334
19.834541,-0.9169405,-1.3027079
-21.384449,0.006024684,-3.666826
-34.31568,0.7519058,-7.6861253
19.958305,-1.9343617,-2.540902
12.206948,-4.0373306,-2.4834156
29.72038,8.870923,8.84978
23.276463,-3.6698537,2.4334512
29.392246,3.537139,4.476116
14.90511,-2.996481,-4.300995
28.727283,5.6362014,5.714693
-4.47287,-0.86024505,-1.1906117
24.255371,4.6576357,4.823789
28.884888,7.6450324,5.9545507
28.644005,8.295603,5.564764
-17.2367,3.2613556,-3.6034594
26.59812,6.1383,2.282366
28.475075,2.2705688,2.8385556
1.1414462,-7.5017347,-2.1226473
-35.1849,1.7195287,-6.7860866
-9.720164,4.804438,1.9180107
29.07575,3.3524241,4.211138
2.5758834,-6.703043,-4.020596
24.694054,1.4476142,-0.07942853
-33.57335,1.8272804,-5.912297
-33.439583,3.2432165,-5.217332
16.816038,-4.686363,-3.885596
-34.148407,2.581977,-5.0528684
12.978691,-6.244461,-1.3378532
16.136917,-1.0389227,1.4109193
21.619804,1.457104,1.2120025
-32.50541,0.9543586,-3.7444217
26.727873,0.9162048,1.0410514
10.880009,-4.9760585,-2.4413574
19.151518,-1.0362898,-1.3416936
22.62565,3.5958416,-4.5158057
-6.3081746,-2.9766476,-1.9129679
-20.76953,-1.0340073,-3.030547
24.294119,2.0983815,-1.3812295
24.303677,3.9488125,3.5118077
20.586401,-1.2128584,-1.6532094
9.308938,-6.433593,-2.2094636
-37.18053,0.893519,-5.964616
-1.8120443,-9.410214,-2.618793
-3.366378,4.775595,0.51139027
26.858284,7.344964,9.418074
-3.8774543,-7.033753,-0.7085132
7.920774,-1.7824212,-2.9916985
21.006817,0.5728364,-2.8254864
-32.84073,3.4666116,-4.640528
24.520683,3.37007,4.296943
15.0824375,-5.143143,0.92835504
25.097775,0.3381786,-0.56149554
23.507748,-0.19021799,-2.099926
13.838387,-3.3377256,-4.100789
15.326323,-1.2110157,-1.9426304
11.657361,-3.526031,-3.8985171
8.704111,-3.4665282,-3.509869
15.719303,-0.4314217,-1.435305
27.807508,6.5713706,7.0066404
28.549253,4.488939,3.4348671
29.035534,7.114102,6.532232
26.326149,6.2091775,5.834913
18.212412,-6.3991275,-0.651887
1.0355854,-8.090724,-2.1620805
18.786827,-5.4002337,-2.4590828
-36.545025,1.4970366,-6.0557003
-10.01963,4.704173,4.9606285
13.7147045,-5.619931,-3.2151654
20.527105,0.43527234,-2.0270963
29.48401,6.913954,7.0641494
29.421837,9.729297,9.326595
24.11111,3.6914222,1.1170062
29.786612,7.265321,3.3104796
29.195347,9.586479,8.986652
4.837766,-6.194501,-2.2949536
-33.21457,1.6396016,-5.529691
22.512804,4.363568,-4.9609976
24.225668,-3.1317701,-2.0420918
27.393764,6.563065,2.48531
25.588469,4.4786067,0.2944796
13.325546,-4.4664063,-3.0891836
23.36002,0.48166716,0.7678531
-3.6139688,-1.3697659,-4.6015296
26.624998,4.5558386,-0.19307469
16.008825,-3.926693,-2.1339514
11.13433,-9.056704,-7.363846
6.2768474,-3.1196249,-4.0572205
22.942602,2.1045856,2.648478
14.974065,-5.1115594,-3.9270647
1.7277527,-4.6131067,-0.4372141
27.424536,7.7304316,9.113069
21.185215,0.637519,-0.80317926
29.2894,7.555826,8.677362
15.12833,-8.325668,-2.122915
-34.24671,3.7027042,-5.6387873
8.535034,-4.071953,-4.392052
23.853003,4.260294,3.6411567
-33.809643,1.4507003,-4.7912774
30.4343,8.697407,7.3850894
1.381827,-3.742692,-3.7995994
30.491907,7.014426,5.6035857
19.606354,-2.6278806,-2.9713912
24.537497,-0.5992247,-1.2037807
17.408558,-0.7043982,-1.8503753
21.840002,1.8036954,0.53168917
17.658825,-6.7292128,-2.3535352
10.020058,-6.3489122,-2.4062119
24.20805,-0.6578862,-3.465475
29.438526,1.8379705,4.161308
3.625083,1.7116703,-3.7861617
2.4058633,-7.5471435,-4.0927935
14.608187,-3.256132,-2.9419696
2.352947,-5.465318,2.6845572
1.8351551,-0.19667609,-0.6415937
26.017693,3.1317012,2.3032587
-32.64529,4.3129573,-6.528779
3.0249543,-2.9058223,-0.5892368
-18.405703,1.3347418,-3.1985192
15.328908,-0.7354606,-3.1420982
-5.911243,2.0999517,-0.5415434
-34.514545,1.0315548,-5.71607
5.5016737,-4.6879354,-3.0373275
0.13378046,-4.886414,-5.560737
28.216112,5.1988125,3.5098946
6.936095,-6.5546894,-1.517138
11.232083,-7.5209956,-2.2962224
28.095207,9.094058,7.220682
26.939234,5.685716,-0.35185078
18.946318,-5.4787636,-2.516192
29.955551,8.712187,7.172182
-33.12045,3.3973825,-6.3856587
-3.7366898,-0.5731399,-4.205797
27.468908,5.0547423,5.1589184
25.240889,0.56139797,-1.5715221
16.994635,-3.0407803,-3.5128992
28.487759,7.9275093,8.914488
29.25381,7.202471,6.5451255
-21.86565,4.595733,-8.66684
24.774523,-0.8054132,0.059999272
18.379385,0.9709606,-2.263183
29.164286,10.409815,7.442097
18.80729,-0.41316083,-1.8089132
29.34976,9.558126,9.740159
28.659227,8.272273,5.3543234
27.864191,2.954183,-0.569822
28.810024,7.645842,9.558071
-0.4366754,-4.5415816,-1.0622746
15.13491,-6.301368,-5.2515535
20.374426,-2.1548371,-0.6564208
10.293152,-3.4548986,-0.544734
9.265654,-9.281122,-6.753077
10.41409,-3.134373,-4.0781646
27.050177,4.965276,1.32359
11.680003,-4.284971,-3.1824079
3.254924,-4.514916,-4.066811
24.090204,-0.24034213,-2.951262
28.549603,3.552283,1.8023528
28.537214,6.403031,1.9954556
13.569972,-6.1176214,-1.3937256
29.577019,3.5024211,-0.07359101
17.394083,-6.888815,-5.387134
27.55265,6.4916687,7.575925
11.464432,-7.4868035,-2.3322687
-28.381735,2.8718836,-7.9584513
28.460451,7.137811,6.8332253
-21.185833,4.4125185,-7.585975
17.379852,-4.1201487,-4.0475535
28.777851,7.4852953,6.296496
23.913078,1.4300808,-0.115641706
29.227966,7.0621915,2.5715487
-8.6279745,0.6663826,-0.89403605
-33.21373,3.0043468,-5.215717
28.799124,7.2446346,8.863227
-21.826233,3.6937916,-8.312885
-1.316052,-5.019142,-2.4968216
19.48208,-3.8543854,-4.759166
-37.231003,4.090702,-5.074715
31.172743,9.032465,10.58438
0.27882332,-2.9392078,-2.9582534
2.183378,-3.0888295,-0.38355708
7.1448383,-1.4748726,-3.8333416
26.534939,3.149048,-1.0255846
-36.226227,2.0957117,-4.0623775
30.106882,10.037702,9.805247
20.41563,-1.4072444,-3.1608474
4.4852347,-5.5630016,-2.0089898
29.212658,8.765119,5.1907306
30.279955,6.947225,6.8538275
-5.3781962,1.766127,-2.1048627
20.968998,-0.27389726,-0.106275395
-37.223885,2.7211702,-7.2976313
-14.901608,2.5513346,-9.190668
24.386953,4.2181535,3.657097
29.064444,7.510447,7.4904304
30.392664,7.309466,8.630566
-24.986467,3.605976,-6.5962796
19.394342,-0.91083217,-0.7873831
15.707202,-2.436009,-2.4473157
-33.313347,3.0886164,-7.900195
24.853127,0.9431679,-0.2826869
19.194075,-4.4939604,-1.416793
13.8058605,-2.055362,-3.6446645
25.418009,1.7413702,0.7353692
11.939147,-4.3498197,-2.7570415
29.19459,9.393885,6.7766414
31.513515,9.508106,6.9337993
6.4102187,1.0783579,-3.0547671
23.798588,1.5704589,-0.15667465
12.523532,-3.539877,-5.4229255
30.499847,6.8415627,6.1652465
24.6811,3.806002,2.050951
-8.444001,-1.487008,-2.0738838
-35.129448,2.6866224,-7.4486723
-32.962307,0.049672466,-5.6239095
-11.832707,3.279155,4.918278
28.145943,3.9154577,2.7167373
30.434492,8.113153,9.328623
-30.19763,4.5705047,-6.6871276
-25.906872,0.8527591,-3.8111157
24.49434,-0.9352813,-0.12270531
5.5038567,-3.8639367,-5.6019835
29.268713,9.155294,7.1933346
29.42649,7.5945663,5.169021
-36.306618,3.1186352,-6.3858232
21.007616,-0.028124467,-1.8665829
4.155177,-4.0941157,-0.7870357
-34.92737,3.964854,-6.3171897
-22.657927,-1.6800696,-4.937295
28.468868,4.6916466,3.5523984
29.22793,6.7011704,5.7230372
12.306259,-3.5160103,-3.910274
13.866811,-1.5144762,-2.677074
17.274366,-3.0264344,-2.2006238
23.706875,0.5895542,1.0727519
20.733356,-0.060609013,0.015031843
16.289383,-8.664316,-1.7377455
8.881571,-3.302937,-2.8925061
10.827533,-6.3972635,0.12211798
5.6238956,-5.391899,-1.4823998
31.306221,9.573443,6.753033
29.368717,9.440426,9.846889
-18.022263,2.5031433,-3.7541044
-20.975105,4.0150237,-7.6475034
-2.130369,-8.670625,-4.389464
15.328963,-0.876122,-1.7402784
3.2511895,-4.483277,-0.7538238
-16.299894,2.882033,-3.1778176
13.753497,-3.0108643,-4.4122596
-9.184872,0.42244348,-1.7288277
-5.8116226,-2.9010339,-1.9202437
29.233677,9.466355,9.81929
17.37925,-3.0427551,-3.4563427
-34.38165,2.5908327,-7.8535404
9.300931,-9.5937605,-6.588746
-33.35845,1.430976,-4.9801583
-35.360527,1.4161417,-6.129266
29.368307,7.4858966,3.8659203
9.336082,-7.4498997,-7.4210224
0.037199967,-5.2233405,-4.011019
7.915703,-8.030846,-7.0941067
5.193767,-7.5015693,-0.6688853
-9.354349,0.13683686,-4.4771204
10.553452,-1.9381672,2.3965232
30.45148,6.6036034,6.6268706
-1.2908148,-1.459701,-0.8359121
2.2672117,-2.75797,-0.6196605
25.2194,-3.9663618,-1.1659975
30.553904,8.146769,3.219116
28.724844,8.5814295,8.6062355
-34.619686,1.3515297,-3.933299
0.85620767,-7.20165,-1.211429
27.379171,5.531992,-0.19684424
29.874071,8.67052,9.350861
-33.17983,1.1204296,-6.4651184
29.845566,8.678755,9.624239
-33.934483,4.619975,-6.6695633
9.900009,-9.239223,-2.5768726
0.1970276,-2.6803436,-3.4070168
27.108032,4.7438536,1.3751119
30.740816,6.927513,8.567781
28.296133,4.2678204,5.719845
24.728537,2.4907331,3.4886992
-4.305126,-1.118174,-3.2965515
18.326212,0.44699663,-2.420033
25.170135,5.68539,3.9810715
-36.923107,4.522924,-4.2334485
-1.2301421,-0.37572762,2.9364974
25.426922,2.964783,-1.8523262
24.6318,1.5118169,-0.23564194
28.50773,9.798122,7.427156
29.891459,7.2176776,6.192436
24.666973,4.041833,-1.0759331
24.447165,4.70225,-5.9751554
13.583991,1.1900364,0.66917247
28.41148,7.4216313,7.0575395
16.974945,-3.0107477,-1.9484278
26.688768,3.9081762,1.1842983
-6.8844357,4.439763,2.6341054
-24.351583,4.3657527,-6.919177
10.777336,-9.213644,-2.8667855
-24.166721,-0.30152372,-4.2687674
18.98621,-3.426094,-6.2416067
6.772046,-3.4743712,-3.509892
29.522953,7.7128143,7.466741
27.783163,7.0644794,6.8874526
26.226006,3.2727642,-1.0653569
4.711619,-4.26482,-3.6652575
11.908172,-2.7526467,-3.8155594
-24.621428,3.2501636,-7.7971644
28.165443,4.425388,4.056318
28.892529,9.474326,7.9761615
-11.744143,3.5986547,4.9942927
10.64963,-8.818892,-1.3977048
7.8581834,-2.1456416,-2.8845603
20.613607,-1.0569371,-0.49427655
25.798536,5.856606,2.5612218
1.7239339,-3.8178875,-1.8667355
25.617159,6.215263,2.9536853
12.146117,-5.6381855,-4.0012765
30.843227,9.190528,10.686762
29.77185,9.011738,8.208402
3.4939194,-1.09943,-5.1099324
-32.828377,0.5016861,-5.3534765
10.422005,-9.126493,-7.79171
25.52034,1.190398,-2.8973827
29.677595,7.7183666,8.207938
-2.3304818,-8.468148,-2.2320793
19.44514,0.58315295,-2.6513822
28.049618,8.225738,9.455504
-29.792032,2.043254,-6.789624
24.644976,2.4590347,-1.2266005
-35.923035,3.3063838,-4.3511024
24.045513,1.0605824,-1.0299423
27.15938,-2.3615665,0.7898134
11.330841,-7.5566726,-7.514
23.736063,3.6911645,-4.4446435
5.7722526,-5.559976,-1.0006694
17.8563,-4.287883,-2.7350032
31.723797,8.742726,9.5446615
1.098693,-2.0571313,-1.1932645
28.963737,3.3481216,3.9969857
-5.1368575,-4.146426,-1.9423314
-36.29366,1.4578686,-5.2998734
22.850378,1.40935,-1.1864352
6.2081165,-6.388983,-0.9234781
28.97161,5.3210826,4.4307017
-33.75462,2.2793155,-6.3814836
30.041157,9.378102,9.678404
10.349733,-6.5802765,-2.586962
-34.966663,5.20472,-5.141768
-4.889179,0.899243,1.1873249
28.974066,9.571371,5.7865644
-21.417234,4.145278,4.315795
-16.230234,1.668162,-3.0178432
29.228926,1.4298372,2.9872386
28.210552,5.3417497,3.4802806
31.247831,6.165166,5.9658527
12.67702,-5.4440455,-3.5404403
1.0934658,-3.7087367,-2.3793693
-0.6548334,-1.1828983,-0.5111186
29.594845,1.4651732,4.212043
-20.148575,1.9476188,-6.2357807
28.56897,8.097663,5.8492074
-32.06408,2.0790248,-7.4670153
-23.961836,3.583038,-6.5425863
0.679468,-1.4788976,-4.9751678
-36.47722,3.7079217,-4.3024864
17.939362,-0.879166,-2.2737622
30.1385,9.697112,10.430888
30.95187,8.339288,6.9998364
28.981516,8.2647705,8.071098
14.909288,-5.104177,-1.6948907
28.663568,6.5290756,1.5445946
30.83049,9.94022,10.002651
3.9181116,-5.960653,-1.0937885
14.938304,-2.9852612,-2.820824
23.25705,3.3105416,-4.3202114
1.4724168,-6.848806,-3.4940372
-32.720947,0.49709943,-6.263846
-33.906864,3.4144542,-6.067343
15.583279,-0.4389911,-2.3398573
29.720778,8.336712,7.565745
20.219934,-3.2712536,-2.5189214
25.501116,1.440956,0.9983185
19.208345,-1.5594685,-3.9507766
5.2136126,-9.607574,-2.3832583
27.667637,4.640277,3.588928
29.684752,9.637502,6.320052
30.0941,9.416439,10.740812
30.24082,4.653566,6.594349
25.134388,3.8947058,1.7198018
24.940971,3.948806,-3.4849463
19.581934,0.8915597,-1.4463992
7.8073115,-6.8282423,-3.8738532
8.608617,-4.189097,-1.0750966
17.374048,-3.1273565,-2.4883716
28.95379,8.720672,5.750988
28.326937,8.784402,7.322198
18.16534,-0.08895959,-0.21913035
20.734179,-1.988758,-0.769587
29.850662,7.4595404,4.856794
6.287944,-5.7083516,-4.8576097
8.983674,4.573974,-4.594593
13.4068165,-7.8217664,-3.5620387
3.869758,-5.565446,-5.087215
-3.738589,-0.7267245,-0.7567252
-0.9908001,-2.2963803,-1.7497698
4.726918,-4.4356747,-1.0261828
-32.31864,2.8295689,-5.8288374
6.383713,3.6325257,-6.941851
23.74623,-6.6118193,0.11320579
-2.2328277,2.8839417,-1.1357764
-23.971252,3.295336,-7.0094423
-2.7904382,1.7883695,0.446844
17.79838,-7.012762,-2.486824
14.052372,-9.542384,-3.964544
23.619053,-6.850672,0.8980741
-18.291967,2.8050878,-5.107714
21.583073,-3.985469,-7.8096814
5.300334,-5.0511103,-3.259905
22.203875,-4.6503572,-3.5637708
-8.757007,1.3470532,-7.339972
-18.947758,3.3149931,-4.9227552
30.640364,-0.65437317,4.0154824
6.550247,0.15885232,-8.392819
16.262697,-6.656492,-1.7116989
1.7709377,-1.4708316,0.9599513
16.451097,-7.9415393,-2.6051614
-19.25363,3.6829557,-5.2174473
18.974123,-3.7784235,-2.347818
18.455633,-10.463703,-3.161037
29.309317,-2.5330675,2.7194571
-6.584689,-0.41404715,-2.0557263
-24.197958,2.522041,-6.306933
23.547178,-3.9835145,-5.2110686
-26.56694,1.5432065,-7.819577
-3.2219388,-1.9456003,0.92754775
14.562667,-10.027799,-3.3596847
12.681079,-6.3142138,-2.1760485
6.0602565,4.266232,-5.239153
-17.325079,2.3885534,-4.9068327
27.446344,-3.9084554,1.9147
8.627391,4.342907,-4.271017
6.3024707,-2.5145974,-1.3907695
-2.5640109,1.9946407,0.12592305
-0.15136693,-1.974277,-0.32520384
1.7066599,-1.7767731,0.09068342
24.84639,-4.862355,1.7471437
-13.100132,4.462177,4.118358
-1.3888878,0.75410885,1.2347307
29.274015,10.568359,7.86731
4.2739882,3.713927,-5.2718587
-21.937828,3.1688805,-7.737758
18.981424,-10.410161,-3.082723
15.957718,-8.695267,-5.3737984
6.3443813,-7.3128324,-1.7434899
1.3773044,3.2954593,0.17489606
-16.216616,1.4904692,-7.189967
4.7061567,4.010587,2.7820013
17.585068,-11.017688,-4.2366047
21.889479,-4.040411,0.15323007
-23.03298,-0.15609746,-8.805009
14.9589405,-7.2107954,-2.5529945
-3.6759868,2.2328699,-0.036801267
-0.5043598,-2.7644637,0.16767266
18.544468,-10.860352,-2.988358
1.323985,2.367267,0.46385473
-1.2298399,1.4376483,0.18386307
-23.191977,5.265916,-5.911146
25.27864,-0.27675685,0.12152397
5.2282777,4.1886578,3.3407822
27.108198,-3.741241,0.104612
21.891582,-5.2261815,-6.2984433
6.358575,-2.4459958,-1.4972324
-3.3872695,2.4986343,0.057672743
29.306917,-3.4991765,1.2899143
1.4652585,-4.570932,-0.112626165
6.285237,4.702165,-5.5622816
3.3237426,2.914173,2.1417506
2.4191854,-1.41756,0.9310372
10.858326,1.9906701,-5.715674
17.790342,-5.457418,-3.680174
6.938248,-3.6574218,-3.0179513
27.048647,-2.0539863,0.8084019
5.071385,-6.241765,-1.4672744
-23.448206,1.3814236,-6.7371917
-29.086317,0.9724403,-7.5221353
7.71684,4.5767403,-5.30826
3.3662426,-1.2367437,1.3311858
23.810186,-6.1362076,-1.1870649
29.902107,0.036294222,3.2002633
10.160611,-9.796651,-2.576189
-28.870647,1.1489257,-8.58692
19.8565,-10.570282,-2.8166947
-2.9189782,2.8405035,0.32011786
7.887904,-6.779108,-1.8235676
4.082952,3.41311,2.51629
9.189318,4.460478,-5.574207
-3.8234193,3.0141764,-1.5215616
17.972422,-5.478543,-3.7582767
10.2712345,-10.074022,-2.7957218
7.1347504,-8.402286,-5.442586
7.474577,-0.8424339,-9.605496
-14.751892,1.7574965,-3.77988
28.850555,10.177631,5.722365
3.0303185,2.7135148,2.143824
-1.3436334,2.1884332,0.36685205
11.33917,-7.594413,-2.4102657
-0.7515614,0.6641616,1.0838288
-11.034724,-0.6610359,-5.4989004
7.10259,-3.5637608,-3.1662135
17.073866,-6.508897,-3.3450406
14.287507,-8.753262,-2.8844857
-3.2666101,-0.14374514,-1.0373672
22.792109,-4.4013033,-1.0195814
0.12955824,2.4806974,1.5019195
6.3121066,-6.6864557,-2.9162529
-23.989344,4.978212,-6.2476654
6.1801586,-4.857,-1.2272508
-0.7596286,-2.1567135,0.46622548
27.771027,-2.1106062,2.1831021
-7.019103,4.949674,2.0911663
21.132616,-3.7550638,0.27889082
6.169094,-6.8022423,-1.1055189
-2.6189687,1.7970146,-0.2705905
16.433887,-6.6872663,-1.7924051
7.7671638,-6.5543566,-1.8815264
-13.787795,5.129104,-6.881597
-12.425873,2.2855077,-6.9896555
15.31752,4.2968087,-5.223554
16.787445,-7.3421392,-2.86494
21.404497,-5.5725827,-6.100097
19.973482,2.4325716,-7.4216914
-16.519756,1.2451586,-6.5046315
-6.068808,3.8706844,2.3197143
28.550245,-2.455196,2.9992008
-2.6913655,1.1965328,-3.1430736
-8.042441,1.8851372,1.2142582
3.883685,-4.4088683,-1.1909417
22.878637,-3.8508463,0.041065853
-9.487128,-0.98466206,-5.2316923
23.106497,-2.9274173,0.7640286
29.428764,-2.0078628,1.5162927
-17.608076,6.608664,-5.453938
19.05481,-10.397111,-3.0800457
-4.841025,4.635407,-8.758577
14.464314,-8.056732,-5.7537913
29.988413,-1.7866862,-0.5958428
21.466318,-4.717007,0.16412282
1.8713803,3.0124283,1.0362073
-11.362247,-1.4306483,-2.5311036
24.121885,-5.4055333,-1.0411322
-23.223835,-0.54992056,-7.5044494
18.273739,-10.681214,-3.2138038
5.1499357,-7.35482,-1.8282092
14.117292,-8.972703,-2.9304793
5.031558,4.9815454,1.7167717
14.656772,-10.226997,-3.0488567
6.410326,-4.959809,-1.5514286
-19.085812,1.0923498,-7.643261
15.694047,-8.5762005,-2.1466265
-22.667,0.9676777,-5.079101
10.781879,-9.955261,-0.47712642
3.4807613,3.1775513,2.0967453
6.0366077,-7.8895206,-2.1051147
-20.06925,-0.06849157,-7.737924
7.35001,-6.308669,-3.9712536
8.964168,-5.467792,-2.408485
18.231379,-7.2883534,-1.118652
0.60255486,-1.4171,0.73110574
8.409428,1.4289343,-8.762966
23.232878,-5.7204633,0.47421902
30.550043,-1.0783801,3.520725
18.18435,-10.592447,-3.3540094
-29.595879,2.2754703,-8.442556
17.968084,-5.9837074,-3.3216405
16.845585,-6.342747,-3.5136762
2.3670633,0.06078967,-10.560279
21.394167,-3.972895,0.17160626
-20.58016,3.3592803,-6.4316883
6.878928,-7.416279,-2.5931537
-3.286902,-0.32122535,0.028957719
19.845486,-6.5908766,0.28326964
30.841558,-0.3707249,4.2783065
3.6048398,-2.3790162,0.45114377
0.8388483,2.589843,0.74842125
-19.350706,0.012494274,-6.642603
2.6348884,-2.300436,1.0184773
12.0900135,-11.818525,-1.3471925
-16.109396,1.206493,-7.592252
-0.2102363,2.2878919,0.8480898
30.065536,0.32420757,3.6448126
5.904826,-7.0537906,-1.3703694
18.278452,-10.129044,-3.2679076
18.740858,-6.564559,-4.151658
17.978193,-10.62731,-3.2480419
-1.095693,-1.1913,1.3859795
23.981516,3.7636383,-7.6919365
2.8197904,1.4814001,-7.846894
-1.9197341,-1.6872593,0.15018086
-21.859621,4.3355627,-6.8246093
-13.825213,6.3559575,-5.0318847
5.4819026,-6.0989614,-1.5771499
-0.70415694,-0.38999137,0.63532716
10.70755,-9.336383,-2.8965948
19.765484,-6.001289,-1.848447
-2.9485188,2.6863565,-0.5938213
-1.296607,-2.0867898,0.42506504
5.10594,5.3278017,1.9982601
11.284684,-7.313208,-2.526733
2.8137162,3.0170553,1.045241
26.995897,-4.361357,0.53804266
13.120247,-8.419295,-3.1785648
5.872139,-6.498179,-1.0381926
5.6783977,-6.054073,-1.2675377
-23.231144,4.5126443,-6.521099
8.291862,3.776454,-3.3828895
17.428602,-6.8517103,-2.914581
-3.7118068,2.2621458,-0.88411117
6.29187,-6.9585752,-1.7693504
1.8700559,-1.4615034,0.12564161
-29.10977,0.6589342,-7.403689
3.5989022,-5.7250047,-2.245669
27.218136,8.407726,4.810724
27.64983,-2.6196456,1.8487757
24.261461,-5.0730786,1.7412355
7.4199305,-6.575458,-3.9970982
2.00733,-1.3493986,0.21164137
-2.3988633,1.784587,0.33293438
27.54966,-4.0945997,0.47015178
21.261486,-5.377226,-5.8051105
20.55952,-5.8110485,-1.7600664
18.73041,-10.355819,-3.1795876
9.906471,5.767208,-4.086428
9.042446,2.1907623,-3.3284373
4.7435975,4.2364836,1.6957982
14.087697,-9.18299,-2.9232423
22.713549,-4.905983,-3.3093498
4.325662,3.752398,2.1915975
-2.7108972,4.4151683,0.49310207
1.3425131,2.4695842,1.5757108
4.174034,2.8176196,2.4406965
18.082851,-10.066257,-3.304787
-20.511347,2.0359662,-5.992768
17.252542,-7.171032,-2.6764715
-0.84772235,0.2984819,1.1023313
26.210539,-3.5357177,-2.6723835
14.190039,-8.922551,-3.2522378
7.93059,4.8013377,-4.546979
-9.5173025,-0.2856744,-5.101822
25.35627,-1.4867861,0.10607415
24.434086,-5.0134645,1.5590038
0.4233935,-2.3535476,0.5175279
3.046951,-4.1369853,-1.2072818
-0.9928172,4.288919,-4.893111
0.09961045,-2.604833,0.5149354
0.5265322,-1.3611703,2.0038626
-14.11507,-0.8737269,-8.887674
-3.2120574,4.6796603,1.2674721
-35.255146,4.06706,-7.167831
-29.889753,2.1245751,-6.8496094
-17.191254,-0.030334158,-7.5938373
13.978769,-6.3602343,-1.5466751
12.418636,-8.738903,-4.033161
-13.94068,-0.4676523,-5.5952163
-9.711598,0.8012997,-1.556759
17.691378,-8.603545,-3.0871851
0.79687816,2.3954706,1.131337
-8.058201,2.6086028,0.6135505
2.6137083,-4.397956,-0.9155026
-28.449778,0.3913072,-8.232379
18.528801,-6.067889,-2.750239
24.37477,-4.766401,1.6130345
23.750113,-6.692709,0.70836204
19.765764,-6.9748635,-3.225986
24.296873,-3.7293346,-1.0428103
24.613617,7.3864846,2.8807335
-19.877617,3.7329395,-5.9439855
6.4565134,4.439525,-6.2769756
-5.459546,-2.6659937,-9.490987
4.899282,4.309651,2.6444042
4.586942,-5.9176126,-1.6019621
-25.483807,-0.08512174,-7.8246293
4.283434,3.39897,2.3282518
3.5334635,2.9437315,2.3357043
-23.788595,-0.293978,-7.8165865
-1.0732259,2.381602,-5.8594074
-2.135811,2.9492118,-0.73113424
-0.65262604,1.1328089,0.11006101
21.444029,-5.7762065,-0.13904358
2.892498,-0.55426663,0.883709
-0.6679121,-3.0420368,-2.841775
-2.6416023,1.2426376,2.8996663
-1.4277523,2.7837331,1.9081043
8.392394,1.532372,-8.711608
2.3592935,-4.964424,-3.41314
7.0966797,-6.5393357,-1.6842003
26.967543,-2.8743763,2.275257
29.176153,-2.6349516,2.6568732
22.299349,-5.0941963,-1.3060849
25.257294,0.25842333,0.41410905
4.8248067,4.1468782,2.7952378
25.034353,6.55649,1.6920208
-0.9670604,-8.903889,-3.056839
3.4656491,-2.5321121,0.40195593
19.473272,-6.8065505,-1.8231444
27.58481,-2.1192508,1.5972332
-2.6410434,-1.802841,-0.4079168
-13.587422,1.5107942,-3.1024988
-0.76784295,-3.1704183,-0.8277247
4.4111347,3.6865544,-5.7933636
-14.53127,5.7087307,6.8273826
6.321978,-2.4976015,-1.4061103
9.121991,-4.39691,-2.2543821
-11.894903,1.5400777,-2.8055165
6.071476,-7.3228593,-1.978296
4.7610793,4.25684,2.5188413
-21.213572,1.9849058,-5.6959977
2.3720076,-1.0918278,0.65030694
-1.9731128,0.019039456,1.3711869
17.03313,5.3099394,-4.917972
-16.809065,0.71915984,-7.3522105
1.933651,1.5952443,1.2487012
-1.1654062,-2.76197,-0.66664946
17.565048,-8.672687,-3.1697536
17.936811,-5.6464667,-3.865766
1.0805671,2.720589,0.36938646
14.6235695,-10.19795,-2.701743
24.08463,-3.0066388,-1.0936369
2.3616586,-3.3780098,-4.1184163
1.1741164,2.4137435,1.3896748
-27.616713,0.8660526,-8.340134
-0.21769579,-4.539046,-0.33914712
-0.1972634,-2.097099,0.6101214
-1.9667672,4.1213717,0.543838
0.520865,3.759646,-5.6725464
21.695751,-6.6118803,-4.667751
23.795603,-6.4366035,0.8890519
1.3076403,2.3908312,1.3288714
12.990742,-8.540701,-3.9923012
17.541288,-9.905695,-3.5482295
26.408283,-5.0508685,1.9839262
6.504932,4.975658,-5.2128415
23.92898,-6.4575686,1.3389099
-14.439807,2.7634602,-3.9439275
30.287128,8.930208,3.925295
-17.46022,0.9335113,-7.047312
1.7641084,-2.229609,-1.1343695
3.1596572,-4.2133546,-0.96124464
-1.6641788,2.9787533,-5.0927987
-26.99447,1.4258811,-8.123585
30.951696,-0.23927923,4.453959
14.808314,-4.9864817,-4.06872
24.541971,-4.4724574,1.6884234
11.495609,-9.753603,-2.9127226
2.395392,-2.5381382,1.1647636
12.051694,-11.954546,-1.3460045
27.451708,-3.373658,2.1145012
26.795074,-3.2578676,2.2818766
16.459358,-1.8703938,-7.912499
-20.609728,0.78107226,-5.4795146
10.78456,-8.433125,-3.442193
-23.876163,-0.40925497,-7.8780255
-1.7759573,-0.78536683,-0.47147366
0.5361688,2.2698495,0.96340066
-1.867248,-2.155741,-0.10067825
-15.820893,-0.47797284,-6.9043446
7.8121033,-6.265105,-3.5611038
12.509556,-8.563506,-2.5712466
15.239786,-7.4347057,-2.5391827
3.975892,-5.0659347,-0.8324097
17.80306,-8.26453,-3.111392
24.885384,-3.6858535,-1.1470116
6.502988,-7.9246407,-2.105385
-21.425922,2.8946824,-5.064101
-18.056414,4.9739385,-4.0410485
2.0776827,-1.5261176,0.27414128
32.463776,7.9545264,8.737229
21.923552,-3.8890853,-0.62026834
7.612233,-6.030075,-1.9687104
-10.119691,2.5529995,-7.445392
23.675533,-6.7552977,1.1498717
11.146724,-9.0841465,-2.7920809
4.6992817,3.963086,2.81462
21.55766,-5.6746955,-4.12414
4.7760277,4.344923,1.8143485
3.0606544,1.1527396,-7.5032887
29.912859,0.28868702,3.2134702
16.826054,-2.018991,-6.888381
29.192472,-2.04263,3.0210211
17.435568,-9.8212,-3.6292288
-1.4357318,0.6844375,0.44967204
29.980766,-1.9634793,-0.41824356
-10.753582,1.6077654,-7.2308536
23.55305,-6.1814938,-1.7589052
14.635979,-8.838421,-4.182499
1.9189677,-1.8824762,1.0365086
0.58484805,2.4662445,1.2618685
-14.51188,-1.0531269,-7.014318
-5.724985,6.1906443,-3.625374
-14.36791,5.018373,-7.221811
-0.5174112,-2.5200899,-0.6540789
1.5886769,-1.1124104,0.026848309
23.392796,-5.4045744,-0.277724
2.99087,3.6951978,1.1628255
27.504751,-1.2747667,2.6328006
4.6187725,-4.9974694,-1.0809274
6.5434146,-7.798091,-1.5180355
1.6713148,2.4041216,1.5272983
21.39627,-3.3712955,-0.9211654
17.92452,-5.9452844,-3.61308
3.7426932,3.494546,2.046918
-20.377975,5.594678,-8.142836
22.536043,3.8317785,-6.975494
12.797008,-6.6992736,-2.3361733
14.210181,-10.126206,-2.1717126
-15.948276,1.7001454,-7.1887217
-22.321028,2.480947,-6.8772144
-25.830534,2.128596,-5.789642
30.308046,0.11988546,2.672626
5.941996,-7.044904,-3.3029225
1.4797504,3.0732956,0.27682257
1.7155343,2.4981847,1.6867833
13.830405,-7.232516,-2.743964
4.0113373,-5.6603155,-5.037814
-0.7447477,2.2075346,0.28976712
17.659832,-5.7678094,-4.068628
-27.198591,1.6633037,-7.6053042
15.1581335,-10.320961,-2.6898985
-13.732955,1.7738224,-3.0668216
1.2917718,-2.883998,-0.47271523
-7.1031466,4.190788,2.4190617
4.304105,3.2070644,2.4108932
15.089488,-4.8339534,-3.7921576
5.3001204,4.2080626,3.423242
1.83919,4.0229816,-5.2195296
-20.819777,2.765164,-7.393871
24.730127,-5.3038945,1.6525304
29.063082,-3.1771326,2.3853862
20.579405,-5.466022,-1.2963929
5.1012325,-7.3240986,-2.0181947
-3.9433348,3.255695,-0.44853824
27.007185,-4.0361633,-2.228915
19.433546,-7.182858,-1.7059263
24.33965,-3.5354013,-3.8880022
0.44985938,-2.3379185,0.49756527
-3.8310864,3.1372721,-0.57400846
6.234281,-6.02485,-1.6380874
1.8316073,-1.334799,0.028944327
11.264859,3.7999537,-4.7840853
29.178833,-3.1854482,1.1284425
15.347941,-8.13332,-2.427404
23.234882,0.783038,1.1292849
10.439755,-7.3056803,-1.9943962
31.15143,6.115799,5.987738
-23.758663,2.1228032,-6.299435
27.838945,-3.4386108,2.121816
-15.950611,1.2071171,-7.549544
25.340504,-3.8948188,-0.9648269
-1.4243015,-0.12496396,0.94935304
14.558449,-6.9915385,-2.392488
0.0690578,2.4251618,0.72276425
29.264305,-1.4941031,2.0741608
22.512102,-4.0612655,-0.9054242
-0.9422771,-0.92431194,0.6563386
24.42689,-3.3495243,-1.0183191
-3.3665304,2.9319167,0.62557197
-23.268867,4.5022845,-6.5270185
26.215427,-5.3595753,1.7465798
-1.19494,-2.1605232,-1.6304862
26.879961,-4.717349,0.75394183
13.471277,-8.338367,-3.3650377
10.127559,-10.027772,-2.823067
31.482138,10.392465,7.6253476
19.307335,-3.6901128,-3.1713629
27.875477,-4.4094467,2.2278004
-24.174168,-0.74184865,-7.798026
-14.820408,1.5175045,-7.3567257
19.659409,-10.531419,-2.873586
0.96502143,-1.5513673,0.22891746
4.3449144,-3.9813695,-0.71922565
13.205615,-6.7988596,-4.0975404
-10.25307,1.0532143,-2.4046755
1.9760761,-1.5663352,-4.3815465
25.818039,-3.7374966,-0.31969535
-23.308128,3.4181178,-6.73969
24.041235,-2.501441,-5.0606785
3.1995609,2.8886945,2.037199
14.113387,-9.816029,-3.2456214
-28.715809,0.61618775,-7.4289494
21.752413,-5.1670747,-1.3602147
-1.9488438,1.1560692,0.16441113
-17.782179,3.1569712,-5.634211
26.33127,-3.2824059,-3.325718
-1.0827967,3.238572,0.059543207
-0.99980205,1.468757,0.32223275
-19.821205,1.7526529,-6.5318494
5.1638007,-5.8601303,-1.1090511
-33.344566,3.5513039,-4.145048
17.760637,-6.9700747,-1.3167399
-11.704375,-0.7177369,-7.7529817
10.976048,-5.8496466,-1.8947271
13.720779,-10.125226,-1.4932426
7.267311,-7.71947,-0.5054594
-27.261957,1.5088426,-6.5054474
-15.858494,-4.472586,-5.1268463
-18.062428,-0.9470477,-4.900565
27.023905,-4.089122,-2.701999
23.044308,-6.968891,-2.1694744
-35.040516,5.152643,-5.19964
-0.110521294,-4.6614313,-3.5250435
-13.884983,5.257702,-6.7190657
-4.2210097,-4.8931603,1.4427452
0.88374,0.66684854,2.7741685
-7.0774345,3.127242,1.915283
21.424667,-6.052587,-0.1896319
-8.652926,3.0921793,3.4594412
17.04564,3.0917423,-4.217783
-27.536806,4.94116,-6.2431154
-26.223188,1.5497648,-3.9273796
27.533861,-4.448299,0.3561573
5.1271715,-3.7624028,3.1420217
24.714111,6.596783,7.5561023
-27.623072,4.8687654,-6.0899353
-5.955203,-9.05146,-1.5179768
0.5622041,-0.0038092684,3.2100616
-17.418049,1.1956201,-3.9629962
26.320292,-4.960281,0.6767444
-20.398811,5.997629,-6.6835384
19.17512,-7.323455,-0.96584374
-15.900124,6.447863,8.895184
15.209143,-1.1031471,-1.9953343
28.75943,-1.62074,3.8165429
19.531649,2.515581,-2.8296244
-13.408988,6.650865,-2.7309325
-17.612062,3.4607697,-4.308535
-22.170979,1.9616752,-7.1581993
-13.730522,6.1111746,6.2326436
-20.850824,1.1296384,-6.7583137
3.774633,-1.4306768,-5.4984946
-5.736102,4.2032585,2.5669584
-9.67195,3.0461156,1.7901525
8.84574,-9.187451,-0.25453547
-31.678463,1.918656,-5.5636225
21.037815,-6.3879943,-0.28573638
15.517968,-10.22349,-1.9342078
19.387417,-7.1275864,-1.4741737
24.506174,5.9434953,6.531438
22.590212,3.8852315,4.4535985
-20.275358,4.5782614,-8.060026
9.985723,-7.93809,-1.5833714
12.859472,-1.8897982,3.152957
-2.3116286,-5.2602043,2.8256404
-21.985811,4.0787077,-8.235985
-19.617237,6.311714,-7.928699
25.722174,-5.9157915,-0.09227343
16.143484,0.8548921,2.973852
29.266346,6.565266,7.203569
-0.28188333,-2.9088507,2.2344294
11.933133,0.9414953,2.4314778
30.486456,7.306014,10.851503
-24.62784,2.3996508,-5.547827
8.971074,-2.299295,3.9078405
25.316967,-5.9466543,-1.4808471
28.637833,9.526267,11.555184
19.354158,-7.2744513,0.08790082
-21.600323,1.4808614,-7.582306
-0.9602344,-0.07103924,1.4020797
-9.828377,4.0772767,4.8049073
-19.445948,4.207066,-4.8910785
-3.5842855,0.3849696,1.4530011
25.748043,-6.124469,0.058996994
-22.92932,-1.6825083,-4.0285444
-28.71271,-0.8987764,-7.5307555
-8.804361,5.7515383,2.864076
-29.100933,-0.39954165,-8.135641
-27.57995,3.710836,-5.159803
24.407232,2.2375646,3.2403212
1.8549331,-9.728528,-1.3931925
4.8537416,-4.219859,2.6297967
23.805874,-5.1697373,-3.4540484
-26.741669,2.59346,-8.568318
11.631171,-9.337032,0.67442405
26.542929,6.974548,9.340015
13.232817,-6.875582,-1.3070669
-24.195608,3.2279444,-6.342102
12.436673,-4.1160264,2.4040506
-7.1822834,3.3105435,3.1305454
-25.503492,3.3584473,-6.3998313
29.377625,-2.500108,3.3825667
28.420372,-4.5149345,2.4928877
-28.029692,2.6511176,-8.758562
12.433159,-7.778254,3.6501498
-0.25698358,-4.8820734,-0.7172428
23.733555,-6.4451456,-1.1646616
-23.75776,3.3619404,-6.597342
10.099421,-0.7542574,3.7922442
25.222681,-2.9587576,2.7341526
11.667242,-2.5549903,-3.8622468
-5.235198,4.1346936,2.48285
28.44047,7.24991,10.999235
11.930792,-3.967338,0.6297899
-28.961447,-0.7979407,-7.4061584
23.420916,-5.242794,-3.6331651
29.46229,-1.6348273,2.8216708
25.582926,-6.1471276,0.06754089
24.252403,-6.493557,1.254261
24.850302,-0.8886452,1.8550375
8.07201,-8.320559,0.32158265
-21.355045,4.87471,-8.012303
23.90662,-5.7247767,-1.1009213
-21.480808,1.4198118,-7.4374146
21.632584,-6.6045957,-4.9596124
19.49768,-7.529255,-1.3325655
26.151909,-5.815403,-0.40258133
-34.019108,3.6499605,-3.0900266
11.757308,-8.302379,-2.106834
25.847363,5.481039,7.6102037
-3.6831446,-0.0019607984,-0.28911558
11.280775,-10.433684,0.10920772
19.739952,-7.461546,0.37850806
-29.236303,0.86024207,-8.741513
29.565607,1.8447077,4.889161
-1.169695,-1.0235324,1.6829659
-22.41006,2.1914506,-6.7125106
-7.6699185,-0.37895668,1.1480004
28.57309,9.507491,11.642904
18.879496,-7.844027,0.48811802
12.379554,-0.26603645,-4.547552
25.1096,3.0290408,3.1469684
-22.752924,-1.7841822,-4.4534717
-13.872583,-5.4408364,-5.440208
-31.47769,5.3641114,-6.84491
-0.7544756,-2.972862,2.2901878
-0.2699772,-2.7177603,2.8765185
-17.233335,6.9679494,-5.25702
-5.9596124,-3.0205665,-1.9548222
24.279762,-6.7196536,0.29951313
-26.150434,3.2172704,-7.4054666
27.133766,6.061181,9.511816
-24.189716,3.250222,-6.327936
-25.211672,2.7052448,-6.586389
19.977995,1.9748485,4.2202177
-8.276426,0.9821233,-1.9101669
21.235342,5.6079974,6.730658
-29.749506,4.5018897,-8.482778
26.490826,4.576489,5.901714
-27.926971,2.8918781,-6.3598533
-32.528522,0.60029066,-7.6352406
24.828178,2.3756554,3.8884697
25.221355,4.794718,5.3128815
14.897539,1.0697844,0.85407525
-17.17603,5.5953736,-5.511175
9.059788,-0.99458534,3.5354707
30.202238,8.641376,12.742692
-0.9031615,-0.410999,3.4052026
28.115652,4.3042374,6.3515
27.370035,4.1316123,5.598857
15.735764,-10.507047,-2.4768283
24.859941,-0.8447976,2.019839
-9.876103,4.0287256,3.6220899
-24.948185,2.03608,-7.347787
-6.7462716,2.8909955,0.40410283
16.231949,0.38954973,1.5339595
19.351992,-5.1617923,-1.2752959
28.34167,8.318458,12.34916
0.84764534,-9.872524,-0.2823574
5.9515076,-6.910597,4.0708256
11.6059,-10.5908165,0.16684213
20.576746,-6.238375,-4.099701
-7.755022,3.2960596,3.1243384
9.078492,1.9369031,-2.183649
20.19322,-4.6276374,4.3114853
-26.22761,1.3767596,-3.9280033
29.805227,7.779636,11.442742
-29.022694,-0.42454508,-7.2524137
12.50198,-1.8434368,3.558202
-34.784153,0.90589577,-5.8532352
13.506308,-0.6658323,4.9514585
23.820738,-6.6576743,0.37460485
7.8666334,-2.8026297,3.0593405
-18.961685,0.5521517,-4.007567
21.61697,-6.693913,-5.089714
-0.9867838,0.90181935,1.9293361
-29.429724,2.323911,-6.220593
-3.2370727,-7.3553886,4.0767274
8.820507,-9.04556,-0.26875362
-23.555641,2.1547601,-6.7095394
19.14192,2.7204354,-4.742204
3.6817725,3.7084098,-3.3919952
22.181828,-6.3398705,-3.4209206
-30.457052,1.6760255,-6.0623417
-22.713448,4.0152497,-6.7082415
14.646052,-7.3218427,1.4984015
21.622862,1.3023582,3.2053204
25.466381,5.7234035,7.00515
-19.393764,-0.94258773,-3.8930655
-25.268902,2.7262282,-5.2969055
25.755993,-5.775605,1.368545
26.918283,5.0499053,7.6467643
17.931812,3.490824,-4.295982
-29.3208,2.5395014,-6.272266
-28.715395,0.9286448,-6.5867486
12.326539,-10.675751,0.18178704
25.810888,-5.5960007,-1.7034756
31.470577,6.7645745,9.027011
26.428112,3.7287064,4.6378603
-22.979765,2.8467696,-5.2157
-24.357504,3.1228743,-6.6098585
8.228906,-2.3570042,4.685465
-1.1154859,-5.308788,-2.2007692
26.694494,6.8695927,9.386686
-25.444113,2.9665442,-7.632815
-11.746505,2.6501966,4.742985
27.506924,3.4187527,3.9124568
24.547049,5.4272823,6.4230933
26.941362,-2.1813557,1.3055488
-7.175483,3.317838,3.3590803
3.2865255,2.7195208,-4.344628
-15.605679,6.045535,-4.1933327
17.948772,-7.7421694,0.6674886
-8.425545,3.8673203,2.1677122
-32.838127,4.477139,-5.8978233
-28.066225,0.46308663,-6.122793
-25.198717,1.2589512,-8.100371
10.613945,-1.3100696,3.1327782
-10.767305,-4.713961,-6.531714
-7.931832,3.224985,3.14493
15.966083,0.83225375,2.8520174
29.466263,9.260551,13.045075
24.851637,-5.7617316,-1.3087832
30.366194,4.7852764,6.8820887
-24.79326,3.176724,-6.43262
-23.061157,2.9133618,-6.3880544
28.280882,-4.749891,0.8275764
-28.327736,3.995522,-7.0626826
-6.840186,-3.02111,-1.8957031
24.973467,6.1156163,7.0270996
9.986353,4.4088616,-3.8558066
29.098406,-2.4601386,1.0470618
28.917795,9.114117,13.017206
18.556824,-7.779843,0.5753492
28.489632,7.600248,11.053614
8.168611,-1.5495423,-5.583146
-19.21955,2.1786623,-5.1234937
1.8163819,-9.80948,-0.58215845
3.466487,-1.6639384,0.86871433
29.420092,9.303746,12.97455
-14.696431,-4.9279237,-5.2681026
22.53603,4.0935106,4.4622774
15.265105,-10.68164,-2.3173082
28.261826,-4.4748034,1.4639707
8.960223,-2.5333612,4.4549747
24.454119,-5.9258513,-1.1029785
-8.558432,-1.9438313,-2.0392485
21.608303,-6.286911,-5.5681105
-25.986582,2.1177282,-7.6526036
-32.200165,2.543581,-4.765989
-9.150093,-3.9569976,1.5592912
25.650703,6.0288577,5.19758
-8.981828,2.006489,3.7281318
11.47833,-8.990415,-0.20465901
-15.00451,-4.8284273,-5.235874
30.068493,5.4494243,6.469365
32.342487,7.279747,8.944828
19.61752,1.4176034,4.273726
-13.601054,6.628984,-2.7930186
22.027813,-6.7669787,-3.8710895
27.640123,9.192575,10.662695
19.708105,-3.414249,5.874368
-3.156272,-7.8757677,-1.1075029
18.284233,1.3742411,-2.653708
13.418542,-7.8209596,-0.9680255
0.8946831,-6.90685,-0.3225251
-18.057318,4.582668,-4.28081
26.217922,3.762842,5.548511
11.006102,-8.402478,2.0706515
-34.935513,5.4001865,-5.497415
-6.3896227,4.330113,3.3705118
-28.052946,2.5953093,-8.154174
1.5884149,-9.730935,-0.7461391
14.248789,-7.030874,-0.47172716
25.021599,-5.28367,-0.5243568
-5.5379033,-3.3482075,1.4950925
26.61207,-6.160781,0.36746907
16.130568,-6.0521235,0.6322182
6.072806,-3.2694027,4.76514
27.667036,-5.47306,1.2202058
7.002893,-7.269408,-0.87851316
29.352846,2.4988887,5.0148377
-19.28227,3.3149767,-3.839509
1.626783,-7.218394,0.2291569
29.66979,7.6137075,11.561869
7.0094714,-6.5511274,1.1397821
27.596186,-3.1990528,1.8738743
2.967471,-0.86859214,-0.07075487
-3.764441,-5.0889087,1.4213779
20.553682,3.368355,3.536832
20.708612,3.6565433,4.295636
25.988955,5.2732873,8.094492
26.214123,5.6702814,7.2875957
25.252243,4.3361917,5.867422
28.739977,6.045543,7.549525
-18.578365,3.5027926,-4.7337327
-21.363077,-3.1552138,-3.8728023
22.548485,3.9252064,3.9855974
-26.883396,2.5564282,-8.192361
22.405014,-7.0601115,-3.9650655
-1.1252602,-1.148012,1.4211737
8.379416,-8.203734,-0.3531057
11.728205,-3.085129,0.4377505
-22.943142,2.8186586,-6.040792
-3.0643518,1.1122994,2.9994025
24.289171,4.11393,5.4371896
13.648665,-10.0474615,-1.3654666
-4.4771852,-7.555621,2.987278
-21.4234,-0.019868182,-6.6635566
-21.938301,2.5561485,-5.514111
29.209803,-2.3432217,3.0976975
12.672291,-10.67935,0.13379633
29.507269,-2.01076,3.2637188
11.493726,-10.804138,0.055483334
4.6734133,-7.8929343,7.1012826
14.800835,-7.2777762,1.2861334
14.373921,-10.015202,-1.7316717
-21.546532,3.203243,-5.4143887
13.872291,4.2059827,-4.374952
19.191975,1.5700096,2.544186
-25.089993,1.0331272,-8.29787
1.481277,-6.9997325,0.32969084
8.755178,-8.921153,-0.015465996
13.00419,-8.93987,-2.3434184
27.220781,5.1863766,7.4026194
15.023162,-0.098960355,3.5746615
1.1341264,-8.000632,3.9168565
-7.642124,-0.5105336,1.3339752
29.449448,8.979112,12.879371
12.3346615,-8.339443,1.9802884
23.586391,-6.5576158,-1.5038792
-27.291761,2.1774452,-7.042836
28.802227,-3.8024566,1.7623762
20.530346,2.286182,4.237615
27.921452,4.3503985,5.521109
11.474621,-9.394211,0.49981704
26.38698,4.0927873,5.1931434
24.40812,2.420335,4.3771634
-4.4008822,1.034316,-0.03427328
-1.1097575,-0.9200803,1.600919
32.739933,8.122408,5.374839
-18.705622,0.64397204,-4.0212655
-15.47278,6.0356474,-4.385422
-23.567009,2.4688923,-5.083518
27.08557,5.7495313,9.085064
-6.845031,-1.3698221,0.9472905
9.074062,1.9829363,-2.350923
-21.100672,4.0381813,-5.774296
1.7842577,4.8450494,-5.510115
25.557333,5.323785,6.6333995
15.17,-7.0837364,1.2702997
18.49296,0.18564795,4.283673
-30.492174,1.3464966,-8.671102
19.827639,2.378791,3.3307142
8.933923,1.804526,-1.9385267
-27.61052,2.247021,-5.9008064
3.911633,-0.94753534,1.8485717
28.481758,-2.3474684,3.075652
21.876945,-6.45379,-6.1232038
29.284405,9.336791,13.098639
-8.70977,3.838974,2.4523163
-13.608089,6.7531114,-2.7427483
-35.383347,2.1526744,-5.0350256
-20.631203,5.951628,-6.772516
-3.4995577,0.33425814,-0.46061194
15.782582,-7.0072985,0.704636
28.484638,-2.374965,2.959197
-15.582885,-4.5960026,-4.979479
-31.023294,3.5142052,-4.894329
0.32014638,0.05928277,1.813029
7.6189036,-2.7216654,2.8997993
-1.0240961,-0.87038314,1.6518052
25.68422,6.9057703,8.440184
14.511294,-1.9036446,0.5951059
-4.4239936,4.2918587,2.03055
24.411684,-5.81226,-0.9688177
29.621376,8.155437,12.271499
-29.863749,2.3927443,-8.960324
19.264853,-4.3980217,4.6268005
-28.611364,2.2857046,-4.8852863
25.049551,-6.4675155,0.032370757
30.224745,8.033171,11.516883
19.067806,0.5862684,4.356487
-7.5577064,3.6334462,1.536808
-13.986623,5.2519655,-6.8519
-28.42859,3.134007,-6.24571
-17.528694,6.5503807,-5.986513
-4.178027,-4.391121,2.9882557
-24.779392,1.8833935,-7.584599
5.185743,-3.818952,3.3464072
-28.288124,3.1907384,-6.2822757
-26.36553,2.69151,-4.69771
16.59083,0.58322763,2.3571503
28.067577,-4.6814857,1.6593174
11.173749,-9.454407,0.75567615
-28.400314,4.937522,-6.3194723
29.364716,7.1480145,11.120978
-9.934026,4.285811,4.563506
-33.65259,2.1426065,-8.2603245
-16.850441,8.255617,-3.3671737
28.425957,-2.613224,1.4833616
26.18822,-5.893976,-0.30232328
-13.03533,3.4052517,5.17558
10.414502,-9.373638,-3.380155
-27.830744,4.2439027,-7.292182
-16.204529,7.3675685,-3.562688
-21.731956,5.933976,-6.873416
-19.642271,6.291151,-7.9324903
-16.61944,7.1402035,-6.358612
-8.37334,3.7074597,2.9169326
25.964918,-3.5110598,-2.2465525
-17.275438,6.9464264,-5.2992907
-14.181961,5.098021,-2.9986355
-25.164854,-0.48418242,-8.009264
11.036238,-10.201571,-0.023445563
27.68749,-4.6084256,0.33245173
15.160784,-8.32514,-2.3472931
11.683512,-9.725803,-2.9374151
22.561565,3.987018,4.261146
15.466909,-10.558099,-2.1101425
-0.98847365,0.13332586,1.4501566
30.44459,-0.91637456,3.8238487
3.845259,3.6811044,-3.3739583
-24.989988,0.52214617,-5.4462414
2.2517416,-6.677708,3.7182713
24.23978,-5.403677,-3.246142
-15.637187,-4.55258,-5.1183305
6.151161,-3.3984776,4.9033685
22.79265,4.133249,4.0864644
9.067965,1.9545647,-2.2594633
-8.892564,5.3467607,2.5050492
26.271011,3.524724,4.3896074
-28.187582,4.9997816,-6.239917
-26.578798,2.1197433,-6.591256
-13.996063,5.299687,-6.8402567
-14.06779,6.4340153,-5.030621
-16.530994,7.1551204,-6.3304577
-0.26877776,-3.3044152,2.1185288
-13.699825,-5.7326317,-5.447252
28.971844,-2.9773896,2.2972727
29.114946,7.935835,9.516513
26.001904,4.0972233,5.5882154
27.670496,-4.548555,0.12868433
1.2599633,-1.0049276,-5.0610213
-29.240063,-0.75849223,-7.2081566
3.4996462,-1.2333158,1.3106707
-28.996042,2.5091128,-6.257943
20.800726,1.0236083,-1.7251602
14.8022785,0.7666981,3.426225
15.27896,-7.3112235,-0.3780105
19.429335,-4.3964458,4.6778183
-27.44075,2.007797,-6.272356
20.583876,-6.1832066,-0.8449105
-26.857203,2.4991727,-7.7761745
9.512494,-9.851468,0.6535627
13.6919365,-2.0352855,3.4252987
13.2825365,-1.8201952,3.4799902
20.20823,-4.6506333,4.280688
-15.271673,5.555566,-4.11122
29.810644,8.047146,11.660421
21.591816,-6.7113223,-4.9704604
27.215027,-5.073145,1.0592476
3.949821,-9.293285,3.6704676
-13.88054,-5.5190773,-5.437866
19.493217,-7.3295016,-1.7553998
2.8627489,-9.609885,-1.4789475
29.476786,-3.7316737,3.1392677
-0.39590043,-5.2942657,-2.7425857
-15.638919,6.12515,-4.104363
2.2688007,-9.661665,-0.7588055
18.686869,0.12872677,4.4759097
2.6806598,-9.6353,-2.0152936
27.716236,-5.38368,0.763018
-1.2347908,-7.7737465,3.4524016
-21.992062,4.6424546,-7.7441397
-25.659376,1.9902549,-7.2585697
-6.842632,3.0100174,0.4016408
14.619725,-8.792308,-1.7238514
-31.575182,3.0618968,-5.5549846
-20.804386,4.434896,-7.100499
20.070776,-6.9002085,-0.2190242
3.4797819,-1.5531961,1.0126183
-16.756512,7.062442,-6.210003
-31.19134,1.5324913,-6.27231
23.541653,-5.086026,-3.5792558
-16.920916,5.3245764,-5.358389
18.54164,-6.5276113,-0.28542554
9.179201,-1.772687,2.2075572
30.957521,5.5893044,8.011566
29.06546,8.610671,12.278334
-6.6034636,2.9043972,0.2973499
29.860935,9.127626,11.375479
-31.76514,2.698273,-6.3895335
-6.5446057,3.4416516,3.123829
-26.972698,3.5433917,-6.193411
29.703072,6.9110174,2.945843
4.0692983,-5.226467,-6.258189
-13.924707,5.4351935,-6.6162577
26.535034,-0.5759421,-1.074134
-8.3313,-3.427104,-7.351563
28.466297,-2.0144,-2.496268
26.897434,-0.40760636,-0.8242842
-8.876194,-0.41991088,-2.0620422
-6.328799,-2.5057333,-9.127731
-6.7743716,-3.9016051,-7.005412
-32.740982,2.2004957,-6.6763935
-29.692678,2.1680412,-8.243006
-10.149284,0.6203531,-4.277698
3.9848597,-5.4626913,-5.547785
0.7068106,-1.4740262,-3.2476768
-6.781352,-3.2719638,-5.646204
30.421705,0.9920474,0.8344765
6.9621077,-4.7944317,-7.2516017
-19.077507,7.245043,-3.3748968
3.4155645,1.212709,-6.607244
21.008478,1.7404044,-0.14463039
21.590977,1.974554,-4.8673787
-13.777045,-3.2090623,-7.196353
5.2656884,0.9342143,-6.852566
14.871745,-4.6987076,-8.26587
-1.1045028,0.80505174,-6.9838505
-3.1887941,-2.4153364,-5.6380734
23.541029,0.884344,-5.657844
-4.2220125,3.323694,-4.317141
-1.5027039,4.3870173,2.599864
-34.023083,1.9696338,-6.2629647
-29.560911,3.7240329,-7.508772
-7.526258,-2.7173126,-9.287508
18.65596,-1.1573031,-2.6066806
17.26802,-2.325923,-2.0095525
5.756002,0.565282,-5.919921
20.510859,1.9917301,-6.193752
-0.30079937,-6.1791444,5.538631
20.037188,-1.7186986,-5.73795
27.799015,6.518527,4.3080497
-0.021821676,-8.098087,-6.196949
-24.134426,-0.18873195,-8.333684
16.905502,-3.77673,-5.6457677
-30.482443,1.2548468,-9.427734
12.337129,-3.3412292,-6.381233
17.863691,-2.605876,-5.259695
2.3611107,5.732152,-0.09192353
1.3299195,0.5783119,-6.800028
10.869316,-4.0840616,-7.4477663
18.261497,-1.4893353,-7.08183
-2.3678937,-2.2679589,-6.1332436
-13.119473,0.15788765,-8.984246
14.631646,-4.8039527,-7.186931
20.218956,-5.1020045,-0.81263053
-9.024729,1.3720824,-7.2323394
-27.787384,3.9532917,-8.610041
-30.528675,2.5909185,-6.29804
8.579485,-0.23428643,-7.5176153
-13.281975,4.5734663,-5.8938823
-33.060707,4.365964,-6.6382465
-34.89526,0.78993964,-6.2917304
6.650049,-8.939789,-5.9712667
29.942865,7.3703437,5.773331
-4.1548758,3.4076474,-1.6287613
-30.907299,3.8917918,-6.6039467
4.3759155,-4.7047772,-8.107359
27.476658,-1.6395422,-1.1258199
0.7108563,-9.401341,-5.533273
-8.449819,1.5461146,-7.1478415
30.193617,1.151192,0.090966314
-10.115531,-0.11278362,-3.2269368
-3.5886185,0.98016465,0.9115687
19.226498,1.3963972,-5.5610394
-30.06035,2.4008832,-7.892774
23.000092,1.8405561,-3.8483837
4.1353555,-4.655803,-4.5754514
-36.5013,1.18138,-5.217448
-1.5324497,-6.359875,-5.1180053
7.342926,-0.80678546,-6.2993674
15.469978,1.2705632,-3.6117516
5.266138,-6.2386537,-5.5679426
-4.5697284,-3.5580964,-6.9169865
-8.969299,3.274227,-4.238166
7.6558967,-8.034186,-7.497903
-11.066937,0.37568524,-2.0030005
-27.292562,4.1401515,-7.970023
-24.764196,0.61257964,-8.315903
8.9028635,-5.2067814,-5.052159
5.658133,-6.5237265,-6.079071
29.960804,2.2077007,0.54754704
-23.260582,2.7818036,-5.098315
-33.14688,1.8548086,-4.893785
27.07813,-2.3939505,-0.84038484
-15.508085,-0.75739276,-6.0518904
-30.642027,3.628664,-7.001171
-30.339214,-0.11278227,-7.6182904
-6.22347,-9.133298,-1.6199045
-32.449184,4.061185,-7.0178967
3.8602047,-3.4473734,-1.4867218
-2.720599,-4.7262774,-7.5466566
15.391249,-3.436549,-5.5648456
9.342084,-9.261545,-8.794147
-21.170935,3.1883483,-3.5874012
6.75683,-8.333966,-5.857257
22.327456,2.612448,-6.927031
-15.274559,2.8885639,-5.996051
21.599768,0.6398284,-4.1817036
-7.63946,-6.383454,-7.4374995
7.8535028,-4.47251,-7.124755
-30.54222,1.3107017,-6.5727935
19.35428,-0.29050767,-6.4189215
-4.1971507,-4.0270047,-6.680693
29.485806,1.4955162,-0.44808507
-4.255675,0.20694679,2.1012912
2.4049742,5.3544927,-0.04237812
15.676473,-4.3290257,-5.895271
-34.896782,0.15111862,-3.809459
-13.654277,-0.47998387,-4.5738206
5.687269,-0.600654,-3.5401812
31.37934,6.6925273,7.3042817
9.842028,-6.1213813,-9.066236
-28.983953,3.774974,-7.3976636
10.71468,-4.284214,-6.7369275
4.264066,-6.8039856,-5.278692
-32.80093,1.9935176,-7.7784524
-8.045703,-2.5513732,-9.85225
-7.269508,-2.2610908,-8.784926
-5.0129642,-2.0579247,-3.463668
-36.778126,2.4415839,-7.3462014
25.640457,-3.0059607,-1.6757102
-15.968136,0.52449244,-5.575924
30.292425,1.1036986,0.033283114
11.618333,1.0850215,-5.700255
7.1240664,3.1367896,-5.0290565
23.404018,1.1668303,-5.46832
-7.774577,-5.781289,-7.231965
7.723566,-4.097853,-6.856774
6.964553,-5.311234,-6.856246
4.820063,5.018518,1.9274161
-28.390837,3.7191985,-7.0231905
-20.468506,2.1586075,-4.234374
30.10999,2.7078736,0.7048666
-33.736538,1.5216314,-6.550798
-26.496056,3.4717386,-7.074094
-10.362862,-0.8567704,-10.000026
3.7843425,4.6202135,0.98346615
20.340786,-3.4913766,-5.346172
-34.25704,4.1284814,-6.2719674
-0.76688427,1.2332425,-3.6921372
7.5104065,-6.682753,-6.180377
10.763359,-8.7067175,-8.952974
-1.9411274,3.5804832,-0.16616732
-7.5249295,7.050668,-3.2643812
23.02967,1.017444,-5.23242
12.792797,-0.5457609,-6.0881085
-35.091366,0.48039103,-5.2807016
20.695332,1.2420377,-4.560712
-17.55539,0.7037182,-6.7689223
15.68228,0.55553895,-8.700911
-5.6111174,0.64479285,-3.8987558
-11.400829,-0.08837316,-8.248414
-8.070112,-3.3198178,-6.8861837
-6.090514,-4.0060463,-7.367594
16.507202,-1.0003642,-7.6666436
2.3603673,5.7125425,-0.08448631
-26.63864,0.202524,-5.350755
-1.4405087,4.4078717,2.494268
-5.575889,-9.181932,-1.3940902
6.805581,-5.423773,-5.993519
6.689444,-7.679606,-5.373001
3.0185022,-4.693786,-6.462079
-18.780634,4.033886,-7.03831
-16.983847,6.069726,-5.580758
13.442428,-1.7461854,-6.1863914
3.9465792,-4.8101764,-7.263842
-4.6943274,4.4466114,-8.873488
7.846526,-4.632185,-6.938459
5.8023367,-3.440353,-9.446238
11.9307165,-1.7832205,-4.3846188
-26.12623,1.5526993,-3.8984914
-27.445652,3.7539976,-5.3119974
-6.2761097,-2.420939,-9.077807
-3.186355,-7.7065644,-7.074179
20.775635,-3.2357364,-6.1944327
-17.451963,-0.33714044,-6.6992617
2.104833,3.0219467,1.2375634
14.892851,-4.491482,-8.146746
-20.788063,-2.553087,-1.6508738
-0.36297762,-3.8763032,-4.711748
-14.36811,5.118213,-7.285228
29.419369,-0.62077016,1.5720338
6.741119,-7.808903,-4.6366534
-13.096552,-0.7673592,-5.097382
20.199366,0.26274884,-4.8211675
9.483091,-6.262241,-8.892169
-15.3368225,3.1751814,-6.4304743
2.5744507,3.639993,0.86261904
4.1883554,-6.0822825,-5.2687507
-8.648418,3.1046293,-4.1399655
-13.062805,-0.8872697,-4.857137
15.768465,-3.9739196,-5.7727814
-28.171017,3.7153318,-8.426869
-8.706026,3.1507967,-3.8830807
20.760134,-3.7444358,-6.329955
-2.6942263,3.0191154,-1.1988975
0.8168356,1.6039046,-0.60011643
-2.3441954,-4.0360575,-6.082475
11.492625,-4.680891,-8.88451
7.761389,2.7647948,-4.976579
16.643938,-1.1579825,-7.7224283
-23.41953,0.00013671617,-8.79987
6.754049,4.1304398,1.3386174
0.36526334,-7.5339084,-6.5409856
9.384343,-8.279265,-4.9868903
9.414631,-6.027614,-8.89789
32.203648,8.306766,8.611336
-36.055347,2.8901737,-7.423496
3.347616,4.325182,0.9098109
4.9534383,5.0382137,1.4815564
1.9220568,-2.6960845,-11.0250845
11.023522,-7.205831,-4.7472715
22.729183,1.4105722,-3.4331117
27.654713,-2.7494648,-0.912401
-0.26246345,-2.4176064,-10.281605
20.69766,2.5171402,-6.8391213
9.118485,-2.4902723,-10.132658
-1.4390601,-6.258224,-4.9503803
-1.3474256,-4.118883,-7.1532617
23.020597,2.7355847,-4.753841
-30.855124,2.8595157,-6.4441805
2.7849321,-5.1830473,-6.388628
13.60333,-1.8085786,-6.322606
26.499254,5.001793,-0.29799393
-16.087187,2.4131515,-5.4332886
10.021975,-8.618532,-8.950547
0.10506265,-2.7083483,-6.896056
15.764927,-0.71552664,-9.378575
17.808212,-3.8582258,-8.796743
20.735367,0.74478495,-4.1534624
11.585106,1.5786514,-5.6597085
1.2615553,1.0585473,-0.73839766
-9.098083,3.408686,-4.318064
29.080383,1.8219129,-1.0481368
16.76151,-0.7608721,-7.847839
5.6594157,-4.1297216,-8.05094
-31.88885,3.27449,-5.425241
-27.90876,2.73115,-9.006462
-9.637801,-0.40141666,-10.222566
6.888521,0.037811678,-4.802632
-31.702385,4.7702703,-7.3337464
0.9034017,-7.4507074,-6.9632196
-10.689512,-0.9325976,-10.448181
-34.888885,0.24596402,-3.8634968
11.452506,-3.8746123,-8.234293
8.875594,-7.4280605,-5.2127056
-7.7065926,-6.273215,-7.4159045
3.906957,-1.4741775,-5.8479857
19.971754,0.7099501,-4.7822766
0.04284473,2.9609206,-5.974873
0.014467504,3.1509042,-5.521294
-1.5136753,-4.3364496,-6.8454394
-14.024477,-1.9251206,-4.6775327
-0.9745077,3.5200608,0.38878372
-6.66346,-3.7732327,-6.967508
4.878582,0.72557807,-7.6935673
29.816267,3.7454214,0.122415386
-2.9612837,-2.2774363,-6.0129957
10.196326,-4.3525596,-7.823111
11.870138,-4.0270276,-8.43932
5.741683,-5.5612845,-6.5548797
-28.405207,3.698266,-7.1407866
4.500184,4.6326594,1.3626076
-7.25572,-2.4199846,-8.890426
18.725107,-2.0767913,-7.3355517
16.692776,-2.4460907,-4.337113
20.46709,1.8790573,-8.133029
22.985933,3.4853745,-6.3216457
21.281214,2.498271,-5.9586697
5.293055,-8.828294,-2.8278525
12.541214,-3.6540484,-5.580395
-9.878473,2.3391173,-7.439361
-1.6814001,3.0933824,-0.1802119
5.80916,-3.4339614,-9.4565935
-33.889736,2.1055076,-6.765803
-4.3421974,-2.4398963,-5.238079
5.979796,2.6059713,-3.997866
-32.91613,0.71487284,-3.5898764
-2.438697,-5.4917803,-6.4642267
-31.200102,3.1358035,-7.381756
9.366,-4.950738,-7.583421
-23.301933,1.6702392,-7.876261
8.755887,4.245114,-5.677004
19.082355,-0.021083571,-6.520567
-21.795132,1.3743576,-8.115779
-30.504526,1.3479571,-6.709203
-32.906097,1.2327611,-5.9558144
8.633302,-3.2031336,0.48511615
-32.853447,2.057114,-5.888556
4.7918935,-0.5621121,-8.253513
-34.018623,0.23939331,-6.177778
11.066732,0.8654842,1.7863857
24.196224,-0.54067,-1.9283756
20.764969,0.20120719,-3.8329763
32.10094,8.023633,5.727915
-16.794565,8.289364,-3.3412771
-9.9537735,1.9739903,-3.3026483
2.2970023,5.0381975,-0.0032102414
30.33365,0.78565073,0.57426447
29.944502,1.6695765,0.081942536
19.163465,-0.5548576,-6.5789986
-0.9069999,-4.122014,-6.3881636
26.742928,0.88149947,-0.5403443
-19.048105,2.4250026,-6.872452
21.074554,6.0512495,-5.5179963
-0.13647248,-2.5376456,-10.3300495
14.4748535,-4.340169,-6.945988
11.275468,-7.334738,-4.7244267
-1.0563798,-2.6956332,-4.904792
-25.048523,3.7608972,-4.627078
-7.618066,4.431334,2.0164118
5.4865355,-0.6232374,-9.092716
-31.377922,3.6761248,-8.836961
-27.02969,2.968003,-8.267387
-17.079636,-0.24563755,-7.7770104
-8.701391,2.2085137,-2.8982544
22.090508,4.070272,-5.156161
0.953366,2.6392703,-0.8092756
5.6469083,-3.8749368,-4.387473
-0.024736006,-2.0384667,-3.6555445
11.5251,-4.323101,-8.522504
-9.613266,0.5824288,-2.0973537
2.4730978,3.7308407,1.1500039
-0.9886477,-2.947918,-4.749342
-17.409819,-0.37140998,-6.6964426
14.711976,-2.4402196,-6.3035007
19.554663,3.0019343,-4.76571
8.907081,-8.59366,-8.671922
-34.58346,2.759309,-7.667402
-30.49764,4.39098,-7.759318
4.396273,-4.508227,-7.5129185
28.471611,5.9560037,3.9326851
-13.944379,-1.8468591,-4.692413
-7.9480157,-2.5985532,-9.747004
0.78711987,-7.2886205,-6.896749
7.4992447,-4.6275473,-6.9498653
-4.345393,-6.18409,-7.223157
0.35181636,0.39897153,-6.8466525
-13.278745,-1.7961298,-6.2393274
13.163262,-4.0169806,-5.683755
6.7855077,4.8433204,1.8423995
-8.112316,-3.431272,-6.804862
-32.860886,3.3248734,-6.769333
-2.8097627,-9.874272,-1.7651845
-7.709594,-5.6876736,-7.276487
-30.83778,1.901132,-7.7409806
9.094641,-8.42794,-8.67558
-35.879616,2.437591,-7.3427906
21.431084,0.76745343,-3.6783736
14.689575,-2.669043,-5.6686177
-14.221553,-0.6446932,-4.8456364
-1.006,-2.538004,-4.832429
-0.06412309,-8.065509,-6.791957
2.087207,3.624753,0.060337283
7.9781537,0.93574506,-5.4644756
-1.1956773,4.76867,2.2413232
4.762759,-9.341227,-3.2456858
22.795961,0.14625199,-3.5117736
30.261889,0.8047355,0.5647184
28.14856,6.169187,4.054008
18.901138,-4.925987,-7.910504
-2.4278705,-5.5637064,-1.3710302
26.231634,-0.07175172,-3.851634
13.513515,-3.8578858,-9.149832
23.008087,2.2494843,-3.9409807
12.070185,-7.086856,-8.255542
6.615705,-4.5768237,-7.487198
-6.0683346,-3.215386,-8.638379
-32.134407,0.84892684,-5.306416
-34.813774,2.006633,-5.343437
-0.5567956,3.9428964,-6.018701
28.92101,3.5605478,-0.80539954
-8.186947,3.3111176,-3.8832264
-6.2808948,-3.8881698,-7.373455
-33.079834,2.1310737,-5.3870015
13.442206,-3.5415802,-7.3176155
-0.14781761,-2.5776649,-10.276293
-18.779947,3.1136222,-6.9421415
-18.462082,-0.8173711,-7.313728
30.022423,1.0471395,0.6390481
-4.557498,-3.54416,-6.918128
5.2331386,-0.2535228,-8.497456
6.305195,-5.4916887,-6.3456383
6.444267,-8.318903,-6.0705643
-7.312226,2.6873186,2.9480247
2.2485573,3.838993,0.19244361
-3.1469564,-3.019728,-6.0023155
20.760963,-3.0024343,-6.6175685
-33.83394,2.93388,-5.1377335
23.841341,-3.6924777,0.1843104
21.16696,-3.2315314,-6.654264
2.1911726,-1.2120881,-6.2417426
8.981417,-5.7317934,-6.3189116
-29.633928,3.3856995,-6.20053
31.720686,8.404771,5.8796716
9.446183,-6.1467624,-8.937455
-1.3081346,3.1821966,1.7862366
-13.778998,6.3125854,-4.974487
-26.490778,1.2255045,-5.785275
12.443921,-3.6977932,-7.721815
4.7130194,-4.418632,-7.796973
20.521841,1.3334678,-4.77501
-35.825924,2.326809,-7.1578217
-9.20859,3.3158927,-4.418435
7.7609177,3.9662414,-5.6138487
-33.785698,3.2922118,-5.3542953
7.9283834,2.86385,-4.9581056
19.338575,-0.60013723,-6.405366
2.0800362,-4.439131,-6.4564667
8.155764,-4.489776,-7.348588
6.733274,-5.6405473,-6.683373
13.405902,-8.565884,-6.1419134
20.215738,2.5878978,-7.990922
12.307053,-7.3007236,-8.411946
-1.7971522,2.8362863,0.33651784
-9.381128,-1.5084609,-2.6375782
-23.367914,-1.4518304,-7.564253
-4.095298,0.18807413,1.9938881
-0.971844,-4.0420547,-6.421649
-0.54283124,-3.5264478,-5.006341
-1.9079558,3.522265,-0.22066613
1.0288297,-1.2578886,-3.1641328
12.419448,-3.2971323,-6.748123
2.2448137,4.5710382,-0.33570534
9.973045,-4.337706,-7.8177958
-8.801634,-0.8458803,-2.1593046
-0.9711961,0.33624855,-5.7856255
-1.9650959,-4.1989994,-6.834297
-16.873709,8.38806,-3.4314685
-10.139866,1.2132517,-6.774096
11.828636,-7.0310254,-8.089093
9.1929455,-4.872421,-7.5315456
-8.7976055,3.3539433,-4.300431
21.513655,1.4225181,-4.490468
-29.352701,3.341289,-7.9037266
20.55031,-2.681124,-6.7914166
-23.915379,-0.16371238,-8.290012
5.283845,0.019614266,-7.600841
6.1682734,-4.3672037,-7.2402816
-31.171478,3.8364494,-8.75602
2.5739856,-1.2009406,-11.990714
15.674434,-3.7137816,-5.816831
2.448643,4.942382,0.06524412
20.522522,-2.8417327,-0.07724553
0.15060996,-1.7970481,-3.41493
-7.3402944,-2.3228989,-8.855576
7.690521,-7.964511,-6.860827
13.579223,-3.8456101,-9.0314665
-2.5043972,-2.3319023,-6.2075295
-12.528425,-0.89537823,-4.6607904
-2.745095,-6.5747886,-5.8414035
-13.2344,0.16508184,-8.88222
7.3885574,3.6713192,-5.9436097
0.782535,-6.7819667,-6.7376103
-33.361816,2.9664752,-5.4866066
-15.204557,5.176164,-7.049446
12.440553,-3.3483765,-6.21794
6.8209825,4.8852262,1.8718915
2.2483017,0.95569056,-9.447649
4.5886316,-5.072697,-6.0335574
-36.54428,0.6200246,-4.610349
13.452545,-2.9491181,-7.0718164
23.246206,1.77585,-5.786828
14.60316,-4.276419,-6.8601894
1.7381303,-2.8695974,-10.887346
1.3247622,3.6422677,-0.46073106
6.99024,3.903678,1.1512172
-14.258062,-0.6968946,-4.8758388
0.64098287,3.029441,-5.6045723
13.188134,-5.9223723,-7.4788804
-0.0687588,-7.929933,-6.277186
3.1644714,4.2360735,1.0056043
-3.3275785,-7.6715884,-7.041711
1.8262172,-3.276123,-10.852568
-7.6145167,-6.605848,-7.39398
-1.4293836,-7.0606656,-5.184325
-29.367775,2.893886,-8.727841
0.8157767,-0.08777917,0.31579873
-8.439215,2.7561975,-3.4719512
-7.301065,-1.811552,-8.585616
-9.540913,0.3478354,-6.557815
7.659917,-4.543138,-6.879924
18.364655,3.2603405,-4.628086
14.684458,-4.132757,-6.6954956
21.683752,2.4661715,-5.9426155
0.81609815,-2.8196568,-10.587162
22.680302,1.5950606,-3.6793923
30.370745,3.46358,1.1740845
20.21275,-3.3326948,-6.6663256
-35.790394,2.152582,-6.6564746
-4.799408,-0.65732074,-1.788911
12.098073,2.7094223,-3.0706735
-26.208527,-0.23512347,-5.547877
30.223686,5.297324,6.607945
-21.677,5.8759327,-5.783801
-1.2597395,-3.232451,0.79021406
25.65918,4.804343,3.1837866
29.455603,6.294689,9.221336
10.50076,-3.342604,-4.9116745
26.973177,5.61595,7.5674696
-0.57532847,-7.856515,3.699648
-12.429823,7.4543347,1.0803514
14.377776,-3.7208898,-0.0867722
-34.508854,4.802739,-7.106563
21.633621,6.1782293,7.013082
-25.5822,4.014617,0.9093976
16.090305,-0.07574232,4.3370504
0.5094939,-4.202754,-1.9338038
21.408106,6.0754523,6.9200754
15.421813,-0.002437008,3.3542624
17.978245,-1.2619222,1.3440588
-21.140583,3.6166546,-7.7993293
28.126772,8.570428,12.079477
11.946586,-6.2161093,-2.7148592
1.8927528,-6.342245,-2.532646
22.135864,0.02130206,0.6049045
6.084375,-8.017508,-3.9766572
23.304918,0.7949628,1.7121714
-15.369387,3.5433476,-4.2276587
25.368729,-0.30673566,2.226999
-11.3201475,-1.3643627,-2.900276
13.257776,-6.681682,2.2248092
-24.420004,3.4636383,-8.78652
15.254959,-6.2447248,-2.617971
15.347103,-3.5607288,-5.180992
3.047032,0.16496332,-6.730426
-5.6156073,6.011048,-5.3868566
-24.61098,3.71131,-7.6712365
1.6982571,-6.301914,-2.807103
27.690828,8.332598,11.152452
-7.2631307,0.7967426,-1.3549211
20.926462,1.7419388,3.2753155
26.507671,6.2696,9.288378
-7.5391765,0.71590793,-8.108374
28.818497,-1.5144467,3.639354
1.3467112,-5.6495223,-2.276961
17.08556,-5.4919257,-1.537196
-1.1004368,-7.8029222,3.862215
3.9231663,-4.2880683,5.014008
11.506257,-1.2470117,4.825378
-1.709862,-9.327022,-2.7723706
28.579393,9.117423,12.870918
28.24337,6.817824,9.29576
-0.3545033,-1.1638566,-5.889143
13.860843,-1.8997554,3.9008706
27.011837,5.3033304,7.3570666
17.223053,0.59789705,2.861567
19.308336,-4.1738896,-0.23562154
0.35520163,8.0468,-3.7067468
13.975742,-6.8324614,-1.4426113
9.974519,-5.8227553,-0.23701109
8.289349,-2.3588576,-10.03294
23.585928,0.09051887,-2.1873367
26.600183,-3.4331489,-3.2978644
-21.725597,4.969666,-6.5737877
-13.565017,-1.7186435,-6.1175585
5.69466,0.7245959,-7.941874
28.209822,2.8822377,-0.8491033
12.77265,-1.7547047,4.032617
30.501415,4.848869,7.071588
1.321785,4.2811995,-4.7977333
14.820953,0.14863884,3.9797645
5.844387,6.2690735,-9.938164
-21.94826,4.8800235,-5.4568815
21.07546,2.6870956,-1.2331364
1.3693717,-3.7502902,-4.1180606
-18.7106,2.0619662,-3.9001458
-16.77255,1.5529815,-3.4321222
-6.8536725,2.6309388,-0.053298384
-8.531526,-1.0753073,-4.6694736
17.216145,-6.7726088,-7.709544
6.558616,-3.4374142,-4.8491793
-17.018599,2.3058455,-4.979645
-26.54124,1.2401369,-5.143704
23.54278,5.233964,2.4893548
10.26064,-4.551435,0.054315418
-8.300143,-0.8528129,-5.89627
0.69288534,-4.5109997,-5.0132217
19.62023,2.1652498,4.508929
-26.626543,1.0329912,-5.96912
11.209353,2.3991003,-4.578795
16.89924,0.9866193,3.6950238
-11.94866,-1.6710721,-3.9643154
14.716342,-0.7196559,4.016749
17.855215,0.0907435,2.1677194
-0.6664023,-0.7533621,3.348117
-0.2885421,-1.7282695,2.750267
22.478489,3.569253,3.8870838
0.04122759,-3.9425457,-2.040877
-9.139352,5.7356386,3.378439
1.2077149,4.2833276,-5.313253
22.501883,2.671359,5.1600018
28.209122,8.462999,11.189066
28.035799,8.413923,11.9411
8.434378,-3.2564673,-4.8144655
3.7318037,2.595973,-5.9559975
-0.754224,3.9772537,-5.2191105
5.3560834,-5.439114,0.73323375
17.274546,1.5233042,3.5431786
11.611616,4.3950133,-5.320229
28.71565,8.554043,11.629864
7.7761364,2.347702,-5.6471014
17.158367,-0.024307992,4.7692165
25.204426,-0.5644655,2.2459843
-20.099634,0.87609434,-5.220428
8.58221,1.9929487,-5.094535
4.0074267,3.8534002,-5.546594
20.954714,2.7211692,5.0862775
-11.740707,-0.7427963,-3.591147
12.793295,-0.75247824,4.0712304
-9.780531,3.7488422,4.5856776
6.5746613,-6.7041364,7.561167
24.105639,6.8041854,7.6377873
20.406443,-2.154529,0.3012039
-1.0770392,-1.2625011,0.7442646
7.4287696,-3.2313087,-3.8643613
19.981745,1.7809029,4.3551893
0.66233456,-5.114506,-5.097174
-10.492724,2.0776799,-7.745357
-8.491078,1.5889821,-7.48446
18.987383,2.9538782,-3.492874
19.502802,-5.102461,-6.8979383
15.881582,-6.3804603,-2.6365077
-28.0893,2.8317034,-6.327779
-6.395345,3.235479,3.4097865
12.29372,4.4838715,-4.9976225
-24.399614,2.3289106,-5.266558
14.796585,-7.6933017,-3.3859956
-9.713318,-0.042070173,-3.4104059
15.23398,0.31079423,3.9052594
23.968159,6.865601,7.9139915
-0.49351305,-1.5808903,2.6243758
-0.33757836,-0.457859,3.2701867
13.742313,-6.472582,-0.078683324
-17.847147,1.5021446,-4.503108
-3.3556345,-0.4299307,0.75498194
-6.962863,3.8538902,3.99647
-8.2234,1.4442908,-7.2012167
20.479073,2.0979223,3.7956443
0.6185421,-6.205258,-5.86225
14.996874,0.4970431,3.5793657
-18.280088,3.6300526,-5.181624
23.173117,3.513914,6.316611
28.462524,8.95559,12.912865
8.160651,-2.9545236,3.6369753
-9.903331,4.5177097,5.1669736
-6.846062,3.8310504,4.1893578
-22.260647,2.0906413,-6.4937105
18.522966,-1.599448,-4.5289626
1.7215316,3.3765757,-5.1156745
10.735715,4.3117614,-6.500365
-8.357588,4.125856,4.654249
-8.064142,3.8863199,5.2196665
-0.45271116,-0.3980128,3.436629
-5.0437455,-0.21839309,-1.5254434
22.823038,-0.108660236,0.6177031
-15.488606,6.0494795,-1.8970615
23.668474,-0.97343963,-1.235498
7.2235947,-3.3619375,-4.568145
14.978949,-7.6644516,-3.1664183
20.417774,-5.3500257,-0.90327936
-16.732088,1.6112684,-4.141768
1.6335524,-3.6282103,-4.443103
7.0481606,-3.046445,-5.2417383
-19.570734,6.1244354,-6.2598567
8.699248,4.2235465,-4.0438223
-30.348354,2.4902864,-8.271333
-7.771155,-1.4573193,-3.9136508
-17.00022,1.8211452,-3.860294
27.200554,7.788055,10.777324
-8.13647,1.196619,-7.6728215
24.046133,3.6915774,7.146346
1.3788193,-6.9977937,0.38773996
-18.342337,2.9248364,-5.5702624
5.255084,-0.023253677,-7.641345
2.7322905,-2.2957613,-1.1046551
-7.369971,-1.1550963,-4.1720805
-10.092644,2.3723125,-7.3839397
-21.105333,2.2053535,-5.3386364
-21.80033,3.5537558,-5.94705
19.827934,2.0607245,4.4371314
5.454929,-8.85423,-4.8301783
-16.711477,1.4471462,-3.503994
11.535955,-1.0493382,4.2545857
6.1484494,-6.510511,2.6604502
1.3750913,3.4383204,-4.355999
26.591202,5.229827,6.9969707
-23.365778,-0.033211093,-5.4653645
-7.9951544,-1.4857079,-3.7425315
25.629633,3.1748786,4.6353106
23.027746,6.7223325,7.6168203
13.426886,-5.0137277,-1.3084655
1.7427086,3.9807715,-5.1257987
-2.810171,-0.62297165,0.082266934
-29.210083,1.545414,-4.9843354
1.8482026,-9.92092,-0.7611445
5.6773224,-8.018533,-2.5510695
-8.123327,-2.911288,4.822228
15.787618,-6.7839265,-1.8241186
6.655428,-3.4114394,-4.961324
9.368871,-2.7372375,4.611833
6.5586014,3.1552052,-3.284111
18.10337,1.5863476,3.3987093
21.490927,6.1770077,7.018621
-7.114186,-0.882641,-0.9521815
-5.1892247,-0.27114806,-2.4635375
-2.8112736,0.30512637,-2.822458
6.362379,0.5086764,-8.050409
29.133179,9.162458,13.02108
-11.364934,-8.997338,4.5645146
-8.13372,-1.2712591,-3.6664383
-18.89537,3.9030783,-4.7231603
21.384136,2.7808902,5.3150983
-6.5768147,4.1100497,3.754742
-17.961739,2.5672233,-3.7267153
-9.70675,3.9324071,5.5677514
-0.27353817,-3.9616752,-2.316724
-22.799936,4.270793,-6.785312
-11.488228,3.4321072,1.2160033
8.8701725,-0.56676114,3.762548
29.72903,8.689509,10.959827
21.921446,3.2367716,5.8930564
-3.733511,-1.8315594,-0.69835585
14.183904,-5.799016,-2.891061
24.028446,6.8894925,8.115325
-0.47470894,-0.48189494,3.2868505
-14.320602,-1.3441724,-6.8359675
-22.524141,4.0688405,-6.5763493
16.766434,-2.2300467,-5.9217343
11.694788,-1.2404801,4.2243385
1.5381833,3.3474844,-5.012447
-1.7407081,-3.8415565,-1.9881825
10.308253,-3.1841638,-5.3744497
2.8163953,1.5298809,-8.257445
15.25138,-6.825361,-2.1987412
-3.4625523,-4.9115186,-6.156875
0.46489632,-4.335159,-1.7310817
-13.808215,5.581178,7.1042185
-21.912056,5.5102034,-4.331272
30.637522,6.5799184,8.989022
-4.2931404,-1.9304202,-3.0401206
23.991854,3.6396022,7.133719
24.960518,0.94203687,2.2827635
14.418343,-3.942931,-0.06438842
9.285721,-2.8569417,4.755004
21.295057,3.2607808,5.4379854
12.335503,-3.1542647,4.9293795
10.842295,-8.883785,-3.5205667
12.148504,-5.33777,4.3301854
22.918404,5.1327014,2.381239
11.771108,-1.5986425,4.2487307
12.626198,-2.232634,4.390556
-24.18729,4.95375,-7.052577
-17.266556,2.2796013,-5.077894
-8.793721,-1.071398,-4.7287674
11.242981,-2.5060995,3.6229575
-10.249755,3.5318534,6.3472404
30.408302,5.975011,2.8808875
11.882223,-5.6880264,-6.7695823
9.218364,-4.3407326,-1.7951756
-22.283537,5.477205,-4.148896
28.063774,8.525166,11.776811
-11.388337,-1.9596931,-3.5776386
13.493888,-8.531156,-6.0669436
0.19765432,-2.8944833,-2.1261134
-28.264612,2.6004834,-5.8651605
12.725904,-3.5177054,-8.7269125
26.772013,5.609591,9.128112
-17.33925,1.9480156,-4.09683
13.184946,-7.135168,-0.913764
21.15976,1.6760356,2.726574
-16.957006,0.05104395,-3.651239
-8.936115,4.2879624,4.6392555
-21.690784,5.7608123,-4.430271
17.522417,-7.565207,-0.7436498
17.40924,-4.146802,-1.5456381
-9.6139145,4.1481752,4.097127
0.49022034,-0.18773709,3.3263469
-8.990026,4.406415,4.5755277
20.865604,-5.351793,-7.2178254
-11.453335,-1.0076693,-3.0505497
9.508107,-3.1964421,5.2189784
5.738499,0.9840899,-4.6844306
-11.131296,-0.4325424,-2.6483724
2.8130774,3.5223305,-5.296718
-8.444815,-0.9027312,-4.044166
22.253082,2.7761261,5.268181
-4.2885637,-4.3165183,-7.648484
11.384721,-6.9364142,-2.609235
15.815039,-0.25472513,3.7386873
-11.287873,-0.0992345,-2.782111
12.638624,-2.6746924,4.575661
18.27548,3.779975,-4.6514883
10.72173,-1.0047697,4.241882
16.255596,0.25691456,4.2369914
0.9460643,-4.4216127,-1.8209741
-16.33017,7.37077,-3.2704225
-15.053424,5.349114,-1.2959613
21.918333,2.963792,5.2753496
-2.0205185,-4.6825056,-0.80270064
20.781076,1.9931718,3.6906817
27.057953,-1.3080455,1.9463813
15.286585,0.54723597,3.4930058
26.121805,4.768448,7.1696167
20.213955,2.3721921,4.6449723
-9.134886,4.628148,5.125368
21.430958,6.358795,7.078774
8.922817,3.0673394,-3.9406407
-8.644892,-8.164631,4.1696844
22.634247,0.009538146,0.76592755
-21.889475,5.906291,-4.749875
6.513623,3.050385,-3.2633507
8.240613,-8.89823,-3.3287208
20.887815,-5.35085,-7.123477
-10.59636,1.5021799,-2.3235934
-12.873964,2.0857325,-4.076316
10.415367,-7.010301,-7.4589515
-25.330854,4.524278,-7.430749
-0.16420096,-5.0182476,-1.6391805
-5.1295333,0.58417207,-0.5599833
22.57269,3.3558457,6.02204
5.9157867,-4.991085,-0.26669067
14.180023,4.282542,-4.311214
5.032026,2.1173556,-5.4932437
-17.064812,2.0204785,-2.894658
11.2522745,-3.233228,4.246055
-11.904219,-0.83785045,-7.9263825
28.4434,8.7819605,11.175683
14.4716,-5.4400477,-1.6867999
24.841024,7.0975885,8.653139
-7.3315854,2.898859,4.446299
15.02916,-0.012434644,4.0246024
-5.169252,-0.0028851123,-3.1074178
14.312957,-0.6702077,3.8114886
-23.999306,3.2981737,-7.292529
24.626886,-0.8410684,1.7688235
19.942722,2.066008,3.718044
15.1153145,-0.08285768,3.9415638
2.3177962,-7.9770036,-1.2454418
2.643185,2.229518,-6.6840434
19.874722,-4.0983844,-5.2053137
22.29032,6.470357,7.1387215
19.841661,-3.601438,-2.6949275
-4.8370514,-3.8548253,-2.334139
23.299444,6.718917,7.727375
18.53125,0.06453469,-0.3166433
-8.869477,3.8967595,3.7332103
11.238623,-0.99179375,4.363131
2.4067972,-9.348545,-1.6745939
20.550777,2.4909286,3.39702
3.9049993,-4.605741,5.2730093
22.649487,-5.393535,-0.59384626
23.979555,6.85485,7.8834257
-19.036024,1.7259276,-5.4694986
11.04966,2.009396,-5.5259995
-23.041147,-0.013719255,-5.533189
27.02142,6.0020623,9.470508
13.3835945,-1.7348056,4.12595
-17.074625,7.799608,-3.5476918
10.371877,-2.7359734,4.8555655
18.011526,-0.88234895,1.2808504
-22.002666,4.761026,-5.858179
6.0208726,-3.292238,-5.0786533
1.782187,-9.096223,-0.67571855
23.34557,5.147638,3.0055776
1.1380799,1.229809,-7.1688685
-1.3583446,1.1148585,-6.204219
-21.589457,4.668954,-8.218323
24.856342,7.0850525,8.323228
28.920294,8.832837,12.756252
21.106321,-5.828287,-0.34390056
6.1570773,-3.6257207,-4.872801
14.895095,-6.723602,-1.3891953
1.5100878,-6.524269,-0.85276693
-8.421334,0.41580117,-7.1287985
16.294415,0.54384214,-8.165461
-8.216756,-0.42860562,-6.9124475
27.879578,8.780203,12.345573
14.033243,-5.107677,-2.8322132
-7.3380218,0.78515625,-1.3520689
-3.5054333,-2.4118242,-3.575881
-18.390524,1.9781357,-4.0636544
-9.899922,3.9605281,5.273392
-17.687506,2.3290787,-4.1269264
9.586277,-9.81543,-2.2850232
0.194395,-3.1414773,-6.647614
6.2008567,-6.4765058,7.3108816
9.285697,-1.9821603,3.8228893
28.976797,3.1156096,0.1750618
23.818485,6.8781347,8.009469
16.060343,0.53203523,-8.289619
22.081665,3.0655348,5.596681
-20.207401,5.0935655,-4.4360094
0.491282,-3.344602,-6.3688316
-21.02344,3.7811115,-6.3939743
-10.535011,4.8666224,5.2613244
10.63973,-1.3619885,3.8888648
-4.7486596,-0.5872783,-1.3276248
-10.104517,4.9914927,5.3167324
12.604728,-2.535489,4.776547
22.106983,6.319061,7.06821
8.004045,-3.4893014,-3.9999182
21.912138,2.1514318,-0.5751088
-33.819492,3.271239,-5.5430555
-1.4351162,-0.39957038,-5.384044
9.333704,-9.667355,-2.209574
-3.48127,-1.9099494,-0.74753106
-15.928055,2.8557181,-4.749675
1.8517041,2.1983922,-6.7796454
-0.27449372,-9.967367,-1.3600639
28.428814,8.425818,11.5599375
19.793358,-5.016496,-0.012596994
9.222382,-0.9876373,3.5534225
-3.8506036,-2.7757375,-3.872643
-2.706973,0.21155243,-2.8645537
19.871622,-4.7501163,-0.7194581
-22.464556,1.5724694,-6.245745
-21.631462,4.3044972,-6.124242
26.96869,5.8721905,9.283144
26.461084,5.30367,9.096663
22.60654,3.38892,6.175717
12.266181,-1.3169355,4.4234333
26.881264,5.326998,7.4274774
1.3639383,-6.5284176,-0.95000017
0.99434906,-4.130398,-4.6631436
-16.82153,1.8455936,-4.2984614
13.487274,-0.87429863,5.1844573
0.531699,-4.55204,-5.5494995
-17.332365,1.9591261,-3.609122
8.580906,-6.2648892,-8.497581
20.377552,-2.6294956,-0.28327563
11.515771,1.9804469,-5.1514206
-5.903625,-2.9031081,-2.0610075
-10.623616,1.7416679,-1.9725565
29.175959,7.477037,9.085087
5.1785874,-4.755631,5.774727
25.422777,7.1380787,8.720081
11.399922,-1.1016196,4.2168484
22.193409,3.2192144,5.8712883
17.905783,-4.0982785,-1.6449883
6.96815,-4.201696,-4.508736
16.01374,0.37210032,2.6012695
10.715205,-3.9037545,-7.5549307
-20.992,3.4538865,-3.6030064
-7.905892,3.4918942,4.775193
29.687674,3.2421343,5.2375503
18.672564,-3.7613578,0.18032467
-18.340954,2.2790844,-5.255878
19.41954,-4.21198,3.361696
-22.311785,4.9019985,-5.882035
14.729055,-6.427476,-5.0125294
-8.471623,-5.0979614,0.9370166
-24.045753,3.5664854,-5.7695775
-11.068506,2.8639855,7.435887
12.030578,-5.894828,-6.508592
-13.648435,-1.0461344,-6.3880444
-22.79785,3.6560292,-5.983814
24.245726,-0.6385385,-3.8021421
21.615862,6.400664,7.173033
19.725637,-3.6030118,-2.4137137
-17.199635,2.2451956,-4.3469644
20.629065,-5.3720098,-1.5948734
9.235562,-8.433627,-2.1710215
1.2519075,-9.281919,-1.7747816
-5.290906,0.57528895,-0.62132984
29.733913,8.656051,11.7087755
5.2739787,-3.644537,2.3097656
-17.058517,1.687256,-3.8901482
11.136258,2.0368977,-5.319016
13.387648,-2.0840871,-7.18076
16.411724,0.32660842,4.3572054
8.997451,-1.671707,-1.1331996
-11.25947,-0.27712306,-3.2203674
11.905077,-1.1896219,4.376374
0.18794368,-2.8735747,-2.202864
10.843441,-6.7872467,-2.8987098
-31.848528,1.7664803,-7.065078
18.048393,1.5660168,3.5714514
-7.1586924,0.6865596,1.2976292
6.117589,0.7335449,-7.944758
-23.905785,0.78315896,-5.4760957
22.305948,2.990001,5.5076413
12.839515,-1.231547,3.8702273
-1.4264654,-3.790032,-2.410478
15.052997,0.34023085,4.002032
-22.339642,4.895224,-6.4351697
-19.405003,2.179352,-5.4917207
-4.863196,-4.2577987,0.441443
8.309177,-3.2565098,-5.052099
11.201058,2.4697413,-4.165552
3.6204867,-7.15809,3.0250754
-22.64706,7.0843143,1.8457042
-23.231525,5.0873218,2.3860679
-23.671494,5.9565926,1.4599456
-15.434353,3.763993,-0.31811544
-3.523257,-7.2043343,4.105752
-23.08793,6.464027,2.5890799
16.126425,-0.14841498,-0.54163885
9.513483,-3.809842,8.204951
-23.734505,6.112056,4.184709
-14.513539,1.5019734,0.9780713
1.7669477,-6.138331,-2.48845
-9.30082,-7.9492726,8.468008
2.5011868,1.3780406,-5.1967626
18.616142,-0.8835016,8.450323
19.491585,-1.1964842,8.1091385
-33.6957,3.6131008,7.718582
-20.54167,5.9624014,1.1487429
-3.6417308,-9.033261,-1.4317106
-33.29131,3.1322322,7.8033156
-31.219675,5.2434535,7.2497387
-0.98650616,-4.7094007,-0.83505267
-4.0662494,-8.284618,5.402737
-15.546418,6.418893,-2.5812025
-13.23963,2.6405468,1.4402736
-32.03324,3.5299406,6.8250227
-8.629949,-2.2755067,0.33423668
-2.5754116,-0.16358201,-4.0622544
-5.8117576,-8.661103,2.4690287
-1.6766862,-8.4253435,5.372102
4.798943,-2.9038022,-3.4673815
16.044588,-5.4123816,-6.693788
-9.813806,-0.9523869,-0.4885189
-34.33694,3.23235,8.580449
-34.772346,4.607032,7.536786
-12.987782,2.0372946,3.901172
-3.4085302,-8.836577,-1.5772325
-0.7937786,4.736098,-4.3893266
-16.854343,1.1271253,4.0070467
17.71595,-1.4689808,7.709005
0.7291622,-8.08002,3.9525685
12.25333,-3.863113,2.2435627
-2.487181,-9.29875,8.39463
0.9404761,1.2557956,-4.205553
1.984,-7.314512,2.8791614
-8.482876,-9.346152,6.955144
2.8979979,-5.2139125,7.4760237
-12.919923,1.3787308,2.3799405
11.6670885,-4.0788813,0.15950817
-33.493412,5.2811,6.9198194
-8.971252,-2.708327,0.68693113
-4.186436,1.1694686,-5.7117486
1.6626693,-4.1290197,-1.7722446
-9.3269415,-7.1718745,4.4739623
1.7392617,-5.0571017,-1.7840128
15.17024,-5.326391,-5.983176
-17.299452,4.208884,0.9951824
-30.061304,3.0769963,8.967561
-11.035004,5.708203,1.9084382
-22.829819,7.1032686,2.4559655
15.110758,-1.099295,6.630677
-32.26922,6.571435,6.4137864
-21.728218,4.5067267,5.942505
-8.970309,-3.4012647,-0.8041436
-0.59796435,-9.957776,8.773494
-25.017002,6.617625,5.350558
3.2047384,-10.049541,-3.82184
-33.97392,4.981348,5.868059
-30.98885,4.2858453,1.6589637
-20.364098,6.6289573,0.5279206
-35.335003,4.600389,8.054521
-20.25039,5.6306353,0.9518088
15.069564,-0.6409696,6.3431664
-20.02015,5.2497187,0.18152551
21.67321,3.090455,6.360608
21.402079,0.5969973,-3.9772093
5.58386,-6.427153,-4.9422784
-6.6557574,-1.3580786,0.8128841
8.186677,-4.0950418,1.3410219
9.90694,-8.576911,-5.1868014
3.4682708,-6.830345,3.6600637
17.354338,-1.5867119,7.7664633
-2.1117952,-7.577407,4.077915
-22.015505,6.530065,1.9358726
-26.941235,3.7795322,7.6450777
18.669798,-1.191421,8.121543
-20.658182,5.4975147,1.4806619
-31.245005,6.7094517,8.482434
11.163691,-7.966092,-7.3049703
-18.1996,5.9786873,-0.99695975
3.3469021,-8.703207,3.1017628
14.791427,-1.1460845,6.9938273
-6.1909747,-4.397936,1.052659
14.815299,-0.4771322,-4.775252
-12.341704,-0.6484899,-1.2482101
4.6771626,4.4748783,1.3297588
7.0103745,-10.347048,6.402576
-21.112114,6.785338,1.5685725
-19.951426,5.8976936,1.7683305
-13.143912,-5.1570573,0.63138056
17.677246,-0.98490065,9.10465
-13.8196125,5.2262945,-0.88069844
15.397746,-2.2576625,7.236249
-31.270212,5.284054,10.050766
-24.319029,5.535992,0.4715983
-30.292847,4.0769415,9.116337
19.733747,-2.7140813,-3.4930494
-31.565779,6.1261334,5.046979
-12.699266,2.2106113,-0.85008013
-34.157036,5.928246,3.8251941
1.5012178,-7.406683,2.8083816
-33.26168,4.4318194,8.220075
-33.329338,5.073447,6.154035
-18.288511,0.26556447,4.474434
19.154003,-2.061992,7.833754
-32.342358,6.1276197,4.515915
-2.9908774,-7.958224,-1.8804643
20.228928,-2.410895,7.131327
-3.7993197,-9.363487,-1.290718
4.694155,1.7074316,-4.973655
8.199004,-4.1589327,1.4522939
11.556037,0.94463223,3.310742
7.7697787,0.42082638,-3.7143686
-18.338507,5.428181,-1.158857
-19.928638,3.1744463,6.0109773
16.406822,-1.0060998,4.531654
8.092302,0.8247169,-5.3333125
-33.73661,5.5967603,8.437424
-22.549082,7.553251,3.8190744
13.282002,-6.7075806,-4.4616446
-21.295258,6.2195487,2.526789
-13.975359,4.5002775,-1.0038297
-8.731453,-6.5269666,6.2311716
20.154448,-5.682291,-5.178779
-11.585531,3.3827684,1.126022
-1.5847063,-4.117704,-0.53123605
-30.070433,5.7648883,9.362725
11.825337,-3.5121484,3.7157924
3.083267,-9.007806,2.9965143
2.3458445,-5.4350233,6.273243
-3.6172726,-7.312883,3.8347032
-3.7648575,-7.9388485,-1.059191
-21.096151,5.8516927,2.7466757
-21.759394,7.7309637,1.4289731
-11.931244,-0.9142686,1.2671877
2.2135682,-4.5893383,7.089333
16.371542,-2.0077822,9.157497
-26.143112,4.180178,6.079178
-23.753489,6.2329807,2.6812675
1.8018051,-6.6684365,3.1680472
-5.476805,-5.03311,-0.21885829
-9.666148,2.3637705,2.1636226
15.083336,-1.1814407,7.1196694
-25.166403,4.655742,3.602696
14.841847,-0.43204653,-4.837524
17.502981,-0.8847268,-1.6060696
19.411049,-2.6965108,-3.6055748
9.350979,-5.2627525,-3.3639708
-35.139835,2.861058,6.7044015
-9.111082,2.6736367,-0.8981843
12.261693,-1.9337817,6.632206
9.653317,-2.5536687,5.878267
16.609615,-1.6789672,7.4761662
18.372698,-0.18804975,-3.7416646
-33.292454,6.8601937,8.567894
-14.410096,1.9983816,-1.3106683
-5.2082834,-4.997505,0.040557105
-32.763893,4.893326,5.934557
-33.438908,4.974375,8.323362
-7.5192356,-7.46496,4.3519998
-4.4523177,-5.17728,1.815887
-34.382378,4.4833565,4.389224
-33.956257,5.481877,8.437689
-18.098555,6.062713,-0.87948585
-10.095816,-1.8032296,-8.012983
-3.249595,-7.065993,4.4976172
16.029043,-0.28580225,1.9539961
13.897251,-1.8985312,7.431034
20.331604,-2.316438,7.1707954
13.718099,-2.7179322,-2.8794565
16.859783,-1.6691,7.598083
-20.353598,7.1909904,0.03949203
12.44076,-1.9906911,6.883791
8.043587,-8.73885,-6.2328525
-33.77222,6.438745,4.234892
-15.050955,5.7580166,-0.88929546
-14.771343,1.6826806,2.0494804
-17.459312,2.1940846,4.768158
18.584034,-2.3289962,8.868153
-6.8433356,-7.552337,3.219197
11.98895,-2.1255908,-3.2963052
-13.945793,3.3164897,-0.52644145
16.510456,-1.7780691,7.4758425
3.136021,-10.017738,-3.7118282
20.456816,2.6750417,6.6038876
-33.45481,6.284341,7.3463116
-24.928343,5.0684066,3.604691
-15.673633,3.8188539,-0.6205238
-33.898834,7.0206323,6.6655245
-13.460314,7.0542793,-0.10532671
20.119831,2.7479532,3.3972042
14.990732,-0.44250152,-4.8976126
-9.267674,-2.706579,-1.8117537
8.995819,-0.87140864,3.5562215
18.215065,-1.0967075,8.680974
18.233286,-1.4186401,8.046897
-7.60736,-6.3402467,7.262343
-24.131329,5.935995,2.4387915
8.269538,-8.059398,7.754669
20.157373,1.0152897,-3.8341565
19.292673,-2.2162178,7.937348
-22.743433,7.220959,2.6175654
-21.747927,7.6339173,2.4526954
8.4697695,-3.0034094,7.5643992
-16.794447,0.76189,4.44433
-8.479087,-7.708723,4.175478
0.98914456,-6.536111,1.8654944
15.978293,-2.0030465,7.3396
-2.242825,-7.5563836,5.147516
15.741972,-1.1201061,4.399075
-11.530153,4.3699207,0.51929426
15.499843,-0.46641028,-2.732302
-18.55607,6.53024,-0.9789547
-21.22833,6.5366693,1.7188874
11.942538,0.9109194,2.3084526
-6.0877333,-8.724786,7.8787923
9.2897625,-5.32683,-3.9539995
-8.927526,-5.811552,2.938859
17.907366,-1.5694396,7.667927
-32.534786,7.5818567,6.3695602
18.470741,-2.0992796,8.496597
-24.331505,4.0917664,2.4793363
-5.620111,-5.6304436,-0.25068653
13.378795,-2.3447196,8.357331
-10.619254,-9.41324,4.6698556
-19.918755,5.7215776,1.6974641
19.513803,-1.5532465,7.989319
7.541814,-2.6977825,2.9447582
-11.693472,6.901062,0.6072502
20.205423,3.196857,6.2517605
1.8719053,-4.8225126,6.75775
-16.097408,4.2838516,0.6783946
-23.705738,7.690557,3.9339705
-4.5181775,-5.8811784,-1.6505138
-4.5556026,1.1604043,-4.6869454
-33.304035,7.2309084,7.4951587
-6.6984777,-1.4112408,0.84869033
-8.761991,-4.479696,9.209173
-4.837123,1.100575,6.380268
-30.868706,5.2692904,4.735154
7.1876535,-7.0184298,4.4175344
-4.555004,0.35537058,2.4402242
20.312532,3.5224476,5.027168
-5.378156,-8.105836,1.6790049
-14.896645,0.67534924,-0.91762584
7.12307,-5.846903,8.658441
-7.162333,-4.618348,3.7323742
-8.66131,-6.985527,4.427985
-32.646557,3.902708,9.299047
9.090131,-8.688101,-5.4827566
-19.526455,5.034333,3.4360394
-8.768087,0.29721573,0.62470347
19.67151,0.9379595,6.263254
-22.561134,3.1090238,7.7881193
7.304968,-7.140116,2.8899965
-31.234299,3.2976036,4.7225094
-9.96625,3.4349995,1.6316361
-2.1679647,-9.431612,8.664782
-18.69375,4.3675556,-1.1464518
13.856933,-1.8328657,7.45385
-8.657634,-6.3207803,4.120735
15.704708,-2.3882303,7.1843514
21.331219,0.89503163,-3.2571113
-11.066426,4.080954,1.2371051
-2.150271,-7.7516613,4.4103203
10.699174,3.48209,-4.309576
-1.9527645,-8.125619,4.8434587
2.2037263,1.2691312,-5.2590733
-21.02353,2.6286614,0.66899127
3.7412508,-8.223615,3.063459
-13.186131,4.8101134,-0.8543662
-4.1665006,-6.098201,1.7672193
-15.256996,4.1034846,-0.4551075
-33.808445,6.4964347,10.206197
-11.638805,4.169551,0.12449528
-22.092339,7.8234534,0.7368855
1.5429926,-4.8740416,6.6217012
-8.9744835,-3.4373317,-0.93082327
-24.85544,3.796005,4.5023313
-2.5273588,-6.176964,-1.275026
-22.603043,3.1095643,7.8011403
-3.1303222,-3.808627,-0.39577886
-2.3411493,-8.168775,4.9648876
-2.379464,-8.735991,-2.2611763
-21.480726,8.412529,0.8989888
-29.232672,2.3763456,8.28568
-2.8084056,-3.081575,2.0465977
-20.157276,5.272376,2.0018125
11.899641,-1.6419328,6.3148317
-35.124756,2.9247882,7.6561537
9.678235,-2.840409,5.6260347
-20.646578,6.229544,1.434706
17.572346,1.0066867,0.020301199
-4.5956836,-7.4205456,-2.5021467
16.150394,-0.8944487,4.507981
-9.008079,-2.5165563,0.8363369
-26.099009,5.5726457,5.9620075
-34.303535,4.9443736,8.094557
-3.6387753,-0.7702112,-4.1711793
-19.991747,6.029046,0.9388365
-33.589603,5.2976413,8.39622
-7.992664,-9.542534,7.5253453
-13.326096,2.7104435,1.3945849
-22.310028,5.136839,3.054777
11.501673,0.9192371,3.572131
-34.113968,7.3359704,7.8846874
-25.570776,6.264719,3.7338223
-23.581812,2.8342018,7.0025997
-22.471828,5.961638,2.1898072
-23.731659,5.803187,3.4514618
-0.8099893,-4.60782,-0.6222003
-3.0187535,-0.18802969,-4.2939806
15.09739,-1.0417567,5.21357
18.363922,-0.94920444,8.566277
4.827955,-4.2025857,-2.8800251
-5.4636436,-5.0890145,10.4258175
-23.98251,5.865048,4.300761
-4.2560406,-6.3779154,-0.55094004
-31.252577,7.058885,8.488548
11.201868,-3.7231178,-2.1782646
18.17325,-0.16289407,4.910282
18.186016,-1.4530712,8.074938
-24.16347,8.023277,3.0087004
-20.680597,3.6912541,1.9558923
-34.405087,3.4580393,8.5555525
-9.092594,2.6968162,-0.8915558
-16.978096,3.623251,-0.19970967
13.645986,-2.6685483,-2.8158824
25.08844,4.1173573,8.390568
5.071087,-4.7362747,6.8730097
16.585695,-3.5661662,4.242312
17.974463,-1.5709071,7.7653613
-20.432703,5.527692,1.7805411
-8.771791,1.7597916,-0.9584914
17.21043,-1.8219947,9.195328
-9.050578,-3.0829337,-1.975891
-9.073925,-3.8059018,1.8089637
-17.808767,6.124408,-0.73754513
17.032465,-0.18835847,-4.1250505
-1.9943215,-2.8272197,-0.76460785
15.046057,-1.0219692,6.955926
18.479258,-1.9830605,7.9210153
20.735056,-1.4354041,-3.525807
-20.634453,5.4692936,1.5936166
-5.632013,-6.505854,2.3701646
-15.976749,3.540028,-0.72278017
-35.23166,7.146822,6.947458
8.515306,-3.6055436,2.1683917
-10.852407,2.9744234,2.3963373
-5.5946684,-7.4107294,2.6942735
9.661073,-3.7518044,8.197193
-31.5611,3.5175614,8.209779
-22.088102,6.542368,2.3852887
-1.177789,-2.1887026,-1.9057451
8.364645,-1.5599858,-4.1171923
3.5724158,-7.7237763,2.9945884
12.850394,-2.058547,7.1588383
-8.41049,-8.627967,3.24705
-21.839783,3.7668784,0.5193849
-0.5351929,8.0625925,-3.2645452
9.647077,-0.63907933,3.74862
-35.447544,5.562717,8.067975
1.9169129,-4.1228657,-1.798013
-22.674665,5.2204967,0.6672012
-21.402884,8.621924,0.98402184
-11.77499,-5.2957077,1.9689081
20.048527,3.2610164,6.2102365
-32.380943,2.4856567,5.6166463
5.9440713,-5.447415,-3.1328177
19.757593,2.7376208,5.871636
-4.822338,-5.267176,0.27177292
16.146076,-1.8806632,7.326496
16.123716,-1.3178661,4.5313168
-31.111794,4.074688,6.4761662
18.759941,-2.2389667,8.18761
-14.449308,3.8865583,2.6117058
3.0440912,-0.24414515,-5.0590596
1.9171221,-4.391824,-1.8767815
-7.938494,-2.337766,1.9009317
11.208764,-9.269205,-7.5028987
-0.67345506,4.850332,-4.2191653
18.726425,-1.1300907,8.378164
0.708091,-6.669278,2.0716648
-31.683582,6.1777716,9.452542
16.77326,-0.3309104,4.9299912
-1.9919405,-9.689026,9.220957
-13.10663,4.7125034,-0.9292338
-34.10698,4.588262,8.7428665
-1.4185027,-9.241596,-0.898646
-22.839195,6.9415307,2.532352
16.90643,-0.5896663,-1.2621979
-34.111553,4.1827273,8.1399145
20.4666,3.5077484,4.8137236
-34.591644,3.3257513,8.518575
-4.196325,-6.185363,1.8754967
19.843924,3.3113506,6.1219954
-8.767595,-2.9221349,1.4866128
14.975992,-1.8210154,4.4288797
-20.958628,3.5679574,2.4925003
-10.0898695,-10.431134,6.7124443
-17.112162,1.5976378,0.21574944
-22.37823,5.1460795,3.0177848
-15.570237,1.1497447,3.6023471
8.533299,-3.2990453,6.7585382
12.919263,-8.649383,-6.597455
-7.649535,-8.897245,7.9226303
-22.779692,7.62345,0.89581126
7.8616824,-8.775898,-5.8915186
-8.8581705,-1.6155447,0.49534857
-14.390843,0.97116286,0.5807611
-3.7531476,-8.881131,-1.5701226
-12.7500305,2.2524004,-0.9071531
14.824775,-1.6974556,5.50466
20.090563,2.5365078,5.0855265
-9.164688,-2.5750976,0.90065855
-32.895447,3.4288023,6.4790936
-34.129597,2.753906,8.246455
-32.56409,6.8847184,5.0317206
-27.373072,5.124738,8.2327385
15.325024,-1.5945832,4.5394855
18.09787,-1.5879968,8.787231
18.150242,-1.4722099,8.037792
-14.1956,4.172743,0.16903701
15.992249,-1.9021497,7.502751
-32.98123,3.4996672,4.666361
5.9566383,-3.7478347,5.3950276
8.76194,-7.0611815,-4.8046694
-2.1881056,-10.050931,9.181041
-21.05835,6.1104207,2.2641356
-33.20185,7.4811664,6.883967
2.6374297,-5.407133,2.1675267
23.157228,4.91599,0.13550885
-34.620266,6.7803082,6.360642
19.364157,0.6474789,6.0260434
-10.154988,-1.8414679,-8.026737
-11.922115,-0.3393848,0.94841623
-16.321636,-3.3905256,4.4758954
7.689366,-3.2520268,7.458964
-13.893746,4.9789853,-0.6091398
10.950471,-0.87514764,3.547187
-34.63084,4.013983,8.117139
14.745544,-4.693747,-1.8795205
-14.377865,0.9055955,0.041042678
17.916296,-1.329151,9.040834
12.155018,-0.30456147,4.193861
-8.42452,-8.820025,6.007087
-19.58427,5.9852796,0.53939384
-30.623856,4.0544667,7.8946996
-2.4751835,-5.794888,-1.4975263
19.953964,3.248727,6.166032
-3.1928456,-8.669439,-1.4076213
13.392407,-1.9018146,7.3190665
18.232414,-0.17239805,4.9542193
1.0617101,-6.53393,1.7499932
-1.1044575,-4.6568046,1.336409
15.409126,-2.2971747,7.222299
11.788029,-4.7372046,-0.59148973
-30.763239,8.100421,8.3286495
-8.079312,-2.1669874,1.8134117
18.282732,-0.07691644,4.943564
-33.465656,7.351168,6.6110196
4.9215803,-9.33055,-2.8440206
-32.57648,2.2065017,7.5399117
-21.545969,3.634868,2.372827
8.970462,-6.90001,2.8883576
-33.072567,6.0756373,7.22917
9.122119,-6.737369,2.8904123
25.083586,4.062974,8.354201
-31.924648,6.707992,8.82955
-8.770647,-3.5077817,-1.0548682
-22.03938,6.90071,1.2919827
11.483575,-2.2315724,-3.8368073
-1.8467956,-10.128565,9.667779
7.575738,-4.171739,2.932523
18.395786,-1.2558498,7.921155
7.588244,-8.667496,-5.7322154
-30.150885,6.2699685,4.735812
-32.763405,5.1236606,8.910851
15.591765,-0.5908351,5.115357
18.736488,-2.062937,8.346859
-14.529406,4.0272684,2.415186
20.439125,3.3629086,6.579794
0.34857708,-7.6060405,4.2550006
-15.014153,5.7221794,-2.9381676
18.291101,-1.8048506,8.521536
18.519611,-1.7999331,8.297026
-22.416582,5.1387,0.01963665
-3.5316868,-2.780852,-0.20997807
-34.86974,4.2588344,9.502739
6.187665,-6.3125577,-4.597243
-34.50397,6.186799,7.748875
-10.789686,-2.0621421,2.4699047
-5.750482,-1.8564558,-0.27241325
3.2244742,0.45146906,10.44992
-18.929562,9.6100855,-0.41228098
-13.037639,-3.6011136,3.9150028
-18.341011,9.589289,3.2967505
-30.70478,4.0379686,6.2374144
-6.4855075,-2.5928698,6.2790594
0.41473955,-1.6976619,1.9150857
-5.035937,-3.0539932,5.7919593
9.845114,-10.35754,-2.0843284
10.255719,2.275936,12.690707
-10.548438,5.6166344,-3.6607733
1.1860124,-2.2116628,3.253769
-10.19079,5.5541377,-3.9649045
-12.358435,0.34695724,4.2357283
-1.6673039,4.2865057,-10.850099
-21.708658,-1.5731131,2.0506465
-3.3792608,-1.7495528,10.157129
-33.666798,4.9469013,7.1317644
-32.38052,2.3282218,7.1129026
-32.592464,4.797071,8.729409
-29.551714,4.5481057,6.5554047
3.0874112,0.6798817,6.61866
7.1659527,2.7422702,11.720462
-18.92007,9.497411,3.2868152
0.5836453,0.3792841,-7.1105266
-30.72537,6.3898425,6.917771
-28.653952,6.0441403,4.4802966
-9.227699,0.5786833,6.2167153
6.991117,2.55609,11.681784
-11.6900015,1.8668901,2.4874332
-32.690254,4.3119836,8.78452
-6.792152,-1.506557,4.4458466
-11.7038,7.260912,6.39601
19.525227,-6.5818686,-3.2567668
1.2944818,0.077376634,2.0772195
25.223125,6.0697064,-1.9242018
-16.561644,7.18478,6.9428787
22.129942,5.563026,-3.6361444
-15.926163,-0.68700063,5.313457
-16.977274,0.17246604,4.9469256
-4.845637,0.88264406,3.93801
-32.598263,4.09499,7.4560843
-15.391984,2.4306238,5.431119
19.7155,-1.583649,-4.743972
-2.4735422,6.182211,-10.981433
-16.762484,6.71172,7.647762
7.2744565,2.6997514,11.868941
-35.51097,5.088545,5.5841255
0.10246976,-0.4100415,1.2742451
2.8193085,-2.9023557,10.049655
4.378704,-0.05442499,-1.2519183
5.430042,-5.6361437,-2.6421015
-15.648265,1.6907029,4.558162
-12.417545,-0.16433144,5.3398314
-30.937162,4.261747,5.9321957
-11.181488,5.947565,5.4262004
5.3029346,2.1789298,10.693348
-5.9670916,-2.7526343,9.534711
-6.119015,0.27008605,4.2142024
-8.24406,5.781193,-8.0477495
-31.104122,4.099175,6.247209
0.6429855,0.5245487,1.9853522
2.2764208,-0.09518338,9.424743
-31.082804,5.6277757,9.079594
0.3368739,0.48659953,10.398857
-15.848927,1.922718,4.999684
-15.501418,-1.0911021,2.5562477
8.15995,-7.945895,-2.9834146
-35.54917,5.2053714,5.695225
-31.038055,3.9885154,9.015258
4.994016,-6.7776203,-4.2096696
1.0939314,1.334556,6.5532894
5.322291,0.55998737,-0.8464388
-16.142965,6.013189,8.053591
0.80777735,0.31054783,10.619716
-33.334286,4.0066543,4.465592
-16.985838,7.3611746,6.7629104
-17.765486,7.714353,5.245931
2.5537407,-9.405278,-2.5139112
-17.591022,8.75266,-2.0343666
-9.912402,-0.31781408,6.69818
-29.253466,6.6562347,9.0966
-17.840067,7.5240536,7.904986
2.1160212,-3.029389,-1.4212382
-6.109108,1.8210902,-7.6112647
-2.2106748,0.9417766,10.374633
-9.243289,-1.1931424,5.2426405
-3.8622222,1.5892198,-7.5895247
-16.274544,-3.020899,1.5312469
0.92860204,4.2379203,-6.0238366
-5.642407,2.0049453,-7.5509777
-16.514402,6.201161,7.679818
-27.57492,7.5109143,5.0171905
-33.378315,4.4464154,2.4630718
-17.743567,0.11267397,6.028997
-15.96488,-1.3662914,2.7987096
-5.281158,3.2469616,-4.9464316
-12.8395,-3.2347572,4.4907174
-11.541876,7.1758876,6.333009
4.6957054,1.2233492,6.185504
-12.513349,0.25895724,6.4094296
-5.28184,-1.2934834,6.301257
-14.996137,-0.37778476,5.502719
-0.77409905,0.34692088,11.042556
-2.9603984,6.3397255,-6.078788
-34.27225,6.131386,6.678932
0.7091992,-2.4988115,1.7138019
-31.064102,3.6388955,4.764799
0.68372166,4.0279794,-10.652181
-4.067485,-2.7481592,5.3915358
-13.965175,-4.735471,3.9574223
-24.1823,7.4006624,1.6668259
-5.095953,-0.04677812,3.1183412
-30.890827,3.807851,5.6854944
-3.6003537,1.6352646,-7.634235
-0.21678537,0.5189584,10.654061
-2.4015574,0.9081661,10.284609
-0.5961133,5.147439,-11.695521
11.792143,0.8452333,-4.656682
-32.726234,1.410778,6.4539475
-0.8473863,0.12004508,10.100226
-2.386829,0.04140315,9.673215
-16.051174,-0.29918757,4.911913
-16.568388,-3.2591074,4.253725
-7.9729137,4.868684,2.561071
-16.891607,-3.1658494,3.9032018
7.4521136,2.9207585,11.956422
-34.953484,3.7784715,7.642668
-9.742058,2.3699346,2.1350238
-28.765585,3.3901315,6.7406983
-0.16595782,-2.3112025,1.7582067
-16.63662,-3.0319917,3.8094227
-30.891714,6.1005335,7.4661684
-28.661776,5.697305,4.5810895
-12.065835,-3.4693627,5.004305
-1.6503907,0.72835034,-1.9601725
-17.58778,6.8937016,7.2821746
-13.654035,8.494005,4.820995
22.19939,-1.880721,-0.8139162
-1.8111039,0.11159883,9.955332
-7.239076,4.738725,4.4200335
-17.414768,2.8818536,6.3796935
-30.618666,4.7066827,6.148447
-33.957237,2.5063307,8.308921
-5.224963,-0.8234564,4.6156797
-8.446084,-2.20743,5.7916465
-31.893019,5.3464103,5.7670817
-3.6725242,-0.34454066,5.770391
27.569166,-2.9287708,-4.4748483
-2.3211873,0.7909868,10.227058
20.97544,6.2350698,-2.9926302
3.2527237,0.5048259,6.875631
5.4479637,3.835341,-3.7395298
-10.90043,7.630197,-7.760954
-3.1244044,-0.28803328,8.736636
-9.812295,-6.73905,-2.399243
-10.015803,3.9444842,4.944579
23.464775,-3.9126382,2.6761994
-9.473039,6.8700886,-7.0882487
-17.720995,2.9297724,5.769891
-32.042446,6.377473,9.448753
23.102999,-3.8575456,-7.091114
-2.6850789,-1.5107307,4.1690874
-8.235795,7.6501107,-3.0986671
-3.5396547,-1.5091413,5.1325665
-14.133619,7.138551,5.328077
6.7838974,1.6683319,11.104714
-15.605781,-1.5696906,3.3225462
17.687075,-6.480114,-7.7716203
2.2348645,-0.20308879,10.595311
5.172789,-2.9829686,-3.5610485
-6.222328,5.5402617,2.266198
-11.2300415,-2.863834,3.959709
-7.253747,6.127681,2.7442765
-6.8776865,0.39425263,7.3625884
2.109327,5.0948877,-9.599586
-12.393064,8.133627,4.9536357
-17.923178,9.312849,3.570823
-33.22144,4.598759,4.674994
-32.213375,4.0506206,6.244369
-17.330814,1.9380351,5.1284275
5.301376,0.43516147,-0.93014693
-17.189468,6.7565074,7.900036
-11.226805,2.2843094,3.3928034
-34.01183,3.9761336,6.2736754
2.8432622,5.955293,-10.415921
2.0740297,0.12212072,9.606416
-30.509573,6.1626163,6.9652247
5.0512686,1.1288235,6.201895
-32.207886,6.683367,4.8293543
-17.26053,-1.3135624,5.356022
-9.495847,-7.0902214,-2.0336144
4.553882,0.3912963,-1.080014
7.6708107,-9.3168125,-1.7246566
0.3540882,0.44114554,10.436986
-8.683307,1.9865971,3.6151388
-15.28999,1.7180554,4.632258
-17.729427,6.572116,7.211326
-6.0793757,8.806338,-7.5933824
-15.02876,-4.5935183,0.77021044
-17.705137,3.2874582,6.367021
23.52475,-3.6560788,-7.017212
-34.299248,5.9859495,6.84488
-5.9151382,-3.1974707,6.7332387
1.4474108,-1.0533092,10.232414
-6.393875,-2.1002154,4.74899
-16.504553,1.0504819,5.616666
-17.543386,5.778407,5.729886
-16.560064,7.350552,6.884786
-29.114206,6.8664584,8.212674
6.0845156,-2.4841135,-5.4636583
-10.6567545,6.022352,-3.5802033
-32.689053,7.055843,7.426106
-32.216682,2.2864594,7.1091466
-17.745337,9.950641,3.1484888
-6.227028,-3.7337,6.727037
-12.26178,1.6108775,2.7132192
-30.687735,3.5286531,4.9982667
7.8625436,5.2892733,-4.3905506
-1.524798,4.7538557,-11.4617815
-17.136206,1.2078075,5.8897567
-0.24304123,4.3337493,-4.6805286
-17.449581,7.385955,7.762468
2.0369785,-8.482938,-1.2331349
-11.835574,0.85858685,6.05878
-17.663914,6.3378363,7.1233296
-13.946013,7.0322766,5.368238
-33.63687,7.423047,4.7004185
3.320833,-5.8003955,-3.9998443
-16.200806,-4.7782164,3.0419805
-18.219793,9.348837,3.4406505
-0.94292617,-1.7705607,6.916139
-6.1606073,1.8878767,-7.6839
5.4413652,6.692494,-15.190831
-13.511794,8.397764,4.698735
10.83687,-5.133434,-4.7605233
-4.1988373,-2.0687969,9.015629
4.049342,-3.2756019,-3.8249938
2.4128568,-0.14852661,9.520875
-0.035517868,-0.0453533,10.399182
0.17687342,0.35516173,10.806858
-14.248221,6.896201,5.4799805
19.260536,-2.4079342,-3.591086
5.090372,1.8741084,11.060501
-6.8871574,-4.1807256,8.772452
10.4979315,-4.3606687,-5.857377
5.216877,1.2978201,11.30242
-5.0473485,5.7691627,-8.1816635
-1.4874564,0.486323,-1.7820386
-31.709583,4.7707014,6.3039885
0.2159706,0.43191266,10.751989
-17.64952,0.140522,6.0353093
-29.712553,4.2656264,3.7764707
-5.503658,6.216492,-8.321288
-33.715805,2.5298102,8.309041
4.4114027,0.24896868,-1.154221
-9.828962,-3.6199863,7.335033
-21.818823,4.6603985,1.9024904
-11.457542,-4.6012654,5.432617
-16.531973,6.2872105,7.835576
11.894219,-0.40825948,14.71947
2.4094622,-5.242335,2.5503397
4.837922,1.309492,6.067056
-33.87931,4.9280834,9.090555
22.53438,-4.97003,-6.8342934
-27.855341,4.496747,8.959429
0.023237012,0.49265188,10.402585
2.1860836,-4.490372,2.8994548
-13.958849,2.8529613,5.2253256
7.6725073,2.7347674,-3.5423915
-16.470196,7.0046053,6.130033
-5.849865,-1.8358791,-0.58846384
20.418247,6.3574967,-3.4133875
-24.444094,7.9253,2.1137233
-13.777482,7.51664,4.6047564
-17.57698,6.8674526,8.073668
-9.792295,-0.8970706,3.8338957
-7.06766,6.1402373,2.590056
-17.142796,2.4998496,6.5496507
7.4698834,2.049092,-2.3996124
-1.5822294,0.40063244,-1.7199851
-34.146782,6.4828153,7.4493213
-31.43921,4.0651703,10.213708
4.7931237,1.2717354,6.1250663
18.957561,6.11864,-3.6187449
3.5424547,0.7773019,6.5457973
-3.7712307,-4.3364606,-0.4653111
1.5331172,4.620012,-5.506348
-35.084072,2.9977515,6.9021974
-14.396478,7.0481386,6.3694606
-14.13855,7.011216,6.1868396
-31.339924,7.3389153,6.1123824
-7.179022,4.8125043,4.440094
1.5549511,-3.6554246,12.043157
-9.439586,1.8372688,2.7212317
-4.2009535,-0.9419268,7.773865
8.032198,3.49588,11.514063
-10.625193,-3.336941,6.935006
-11.398268,-2.3789427,4.0007954
-33.257618,5.7666135,5.4246964
-14.240639,-3.1244485,6.2585845
1.1581888,-1.2103128,9.680371
8.346546,-9.301121,-3.8193672
-30.113647,5.943804,9.09069
-33.231,3.854573,4.0804067
4.008132,5.856851,-13.569895
4.6635103,-2.8709457,-3.2362356
30.063385,-1.7614106,-0.91675967
4.32277,-6.845442,-3.1485686
-4.6176357,0.9226268,3.823049
6.468719,2.247128,10.917699
-30.590672,3.7274568,4.317342
-16.468506,6.9502144,5.9638352
-16.805315,-3.1259842,3.902388
-32.853977,5.3012214,5.240791
-19.806711,9.937531,3.8213542
-11.250634,-3.026052,2.901097
-21.483612,-2.3384578,1.8485252
-36.183937,4.9814806,6.7492824
-3.1940188,0.21895958,3.890021
-16.726511,6.5317698,7.821715
4.460017,7.330186,-13.6727705
-5.990305,-0.112084955,4.0629973
-13.94804,-4.647318,4.185279
1.1949918,1.306914,6.5623035
-17.435099,-0.5018585,5.4521585
-17.09729,-3.95188,3.2103665
-33.4803,3.809015,6.9373317
-16.522875,6.3811536,6.19936
-14.096939,7.5690236,5.2141986
6.7641296,2.813555,11.027143
-32.26645,5.440336,6.7029886
-34.0626,4.9013815,4.447761
-6.462647,1.8631636,-7.5664043
-33.07099,5.768544,4.866282
1.6607382,-6.5429506,-2.751092
-3.2161856,-1.5342253,10.329691
-7.1058803,5.9876094,2.5394766
-11.524209,2.8290334,3.1694171
-4.7038226,-0.49457785,8.372813
-2.4906058,-2.827382,8.027382
-32.437435,4.098688,6.6042266
-21.016024,7.229867,0.6404441
-3.843192,-0.10006734,5.0591536
-31.402475,4.4096036,7.4431777
7.2083583,4.248327,-1.8635321
5.586121,0.52645993,6.896432
8.01808,-6.0166826,-4.943031
6.0376086,-6.6287117,-4.7592697
24.58107,-3.51337,-3.4461806
-9.667009,-0.6342951,5.478548
-11.78713,-4.613586,2.9951258
-2.3192868,-3.0153997,8.912748
-2.9383175,-1.4685138,-8.044553
-35.168377,4.6229,9.194194
7.1922746,4.249134,-1.7029335
7.637041,-8.109489,-2.147593
-8.475735,5.666284,-6.352968
-2.0715907,-0.004248297,9.990659
3.3244808,0.4789289,10.583381
3.7875235,5.711031,-9.855765
-1.0681518,-0.43425855,9.857106
5.964421,0.87808996,9.854157
-31.866716,6.0434823,4.786875
21.640202,7.0216055,-3.7978332
4.5031643,5.9875255,-12.505014
-13.565851,8.433214,4.676462
6.314027,-7.8823223,-4.873795
-7.939065,-1.1972333,5.572733
-35.034904,5.3764052,8.137834
-0.4845315,0.50679255,10.611531
-35.477577,4.919188,6.5440855
-11.07291,-0.54526234,4.2948027
0.8952989,-2.8204172,1.965025
-16.205015,6.334255,7.970943
-21.859303,-1.6176233,2.0645528
-28.741964,5.540296,6.9672384
-1.7526119,0.047947224,9.9204855
-33.371845,8.190226,7.5379796
4.989781,1.1635177,11.315959
-20.140863,3.9811459,5.234935
-5.315996,-4.0087614,6.3146963
-31.109919,5.736405,7.303356
23.282146,8.576888,-2.6018403
-17.314907,7.030241,8.172331
-11.232889,-4.5339785,5.676913
6.853589,7.677732,-11.632015
-6.321969,-3.6964502,6.6235657
-34.013344,3.1910386,6.517384
-1.5987803,4.262563,-10.960083
-29.011612,3.3925226,3.6683002
0.37311557,0.33354244,-7.5426116
-0.5754381,-0.36203074,0.17363502
14.399063,2.171038,13.584223
6.124586,1.9207995,9.493385
-31.540514,5.631946,9.352726
-11.293142,-3.4853966,3.0857084
11.21937,-5.6009436,-2.9344344
6.3450246,-7.053474,-5.1392393
-10.181252,-0.4575356,3.5918813
-12.745708,-2.547706,3.433554
21.148256,6.1279407,-3.8079588
-10.89899,6.1958537,-3.5117242
-32.24027,4.2595463,4.262141
-6.8974333,1.7822394,-7.5076017
-1.2029277,-0.45693058,9.755807
-15.776916,6.184411,6.807594
-16.615665,2.4549286,5.087528
11.303385,-5.461226,-4.7825246
-11.354744,-2.8237853,3.6585078
5.88923,-6.303934,2.314614
4.09428,0.40914074,11.084854
-17.008549,-1.1923023,5.3237214
0.5358458,-0.70929915,10.159042
-6.5044284,5.6321125,2.2735155
21.228542,6.2180476,-3.844214
3.4922853,5.2709165,-13.509061
-5.905949,6.926383,-6.327118
-3.8301382,-1.3248779,9.1971
2.5283484,-8.570261,-3.9686916
-6.2363825,-2.1582022,5.418741
-16.491179,-0.884533,5.3665824
-17.587828,6.2965508,7.0665264
0.7587641,3.8646538,-10.431921
-0.31416088,4.9486113,-4.0105944
-30.685965,4.3345118,6.6799207
-0.6362844,4.6698565,-4.3973618
-31.418755,4.8846927,10.420628
1.3934511,-1.5115498,-0.28959963
2.2045915,3.9345832,-5.1098437
-8.059482,-1.2073082,5.587128
-6.131097,-3.4224074,6.1164227
-31.889086,4.598944,9.004537
7.2383394,4.239877,-1.9175072
6.2043724,2.382796,11.44402
12.815548,-4.4034014,-3.9382865
24.144928,-2.998226,-5.186508
-34.58243,3.1767795,8.254339
0.78626734,0.10153,2.4365437
4.8177676,1.0478444,11.349333
-8.91974,5.9273195,-7.769088
-3.809092,1.5784472,-7.525576
4.391977,-0.0039257873,-1.2453514
1.5479434,-1.2151414,-0.5485134
4.5543056,0.1049367,-1.2561518
-0.12474653,-0.11374896,10.396268
-33.241783,2.8966603,4.577905
6.991252,2.84075,11.269668
9.006194,-7.556359,-5.1534276
-13.470768,-2.4918613,5.4812756
-33.166283,5.030523,5.948173
-17.03117,7.6239014,5.475418
-31.27022,5.2119703,10.23936
-31.323359,6.789689,7.9443955
-10.4941635,-1.808428,2.9254584
-13.885516,-2.550191,5.1488237
-31.247007,5.6812377,4.428053
0.69496775,0.7471402,10.702853
-32.837,5.649876,7.1851835
-3.5862448,-1.2126358,10.03056
-33.332336,5.412826,3.8810842
7.7224073,-8.796862,-1.7702192
-2.3933685,0.24453677,9.808353
-13.263648,-3.7454274,4.0108957
-12.92229,-3.718758,3.7118068
-17.003805,6.5647545,7.9228044
-33.871853,5.665297,9.431116
-8.557534,0.36728087,4.7727604
-29.242924,5.4589434,8.168323
6.9164224,2.7278314,11.07015
-1.6856914,2.6741831,2.2315857
-6.8778896,-1.492661,4.329775
-26.613749,2.682106,6.945615
-13.604734,1.5940254,5.71715
10.301801,2.546602,12.935014
31.895622,5.933013,1.4057624
1.0970393,-2.5454986,1.7858137
-22.411308,7.6319966,0.9341041
6.345958,3.714213,-4.474815
-6.0238447,8.678779,-7.6350727
-9.018114,5.6412563,-8.438495
-30.328274,4.8093815,8.408928
8.096008,-6.32266,-4.8952217
12.538104,-5.2067585,-5.57498
-15.807526,1.5915309,4.961879
-10.688216,-3.9174829,6.5341854
-3.6751614,-1.8925021,5.367429
-5.744757,-2.8655362,5.686584
-4.2675505,1.4410051,-7.096751
-4.2914214,1.7695014,1.7670615
-4.5825167,-0.14599273,4.186085
-5.42627,-2.6849806,6.8098607
-2.2720916,0.04586284,9.662285
-33.192856,6.4250617,7.1092687
-5.1584496,-1.024807,4.8622956
-10.889181,5.653546,-3.3427975
-10.463733,5.8772216,5.128483
28.275421,5.6472936,5.178822
-24.056757,4.372299,7.08942
5.3055105,2.6611893,-6.475009
-12.531815,-1.8115329,0.16296132
27.992569,10.256407,4.45496
-0.16058697,-3.131505,6.865515
-9.790671,-2.347621,5.168204
7.3344765,3.258747,9.470609
-4.0752287,3.1941743,-1.9070181
14.835468,3.6040661,-0.59684485
1.434424,5.269154,-9.942874
4.2987337,7.2179823,-13.444751
2.126146,5.1079774,-10.037053
17.601095,-7.772251,0.37970906
4.231309,6.9437184,-13.765434
1.3237557,-4.487633,11.390443
17.359688,2.134849,-0.1678039
5.237407,3.029145,9.126444
-21.137344,5.4970045,7.8245773
0.26184955,5.8514295,-11.228582
-2.139002,0.29540953,4.035323
0.04825428,-3.1149147,-4.861719
2.1427693,6.7812595,-12.61363
24.110567,8.35805,-1.6751609
25.548525,9.598608,-0.34643662
-14.2836275,-0.6611068,-1.1000072
27.248085,6.0987015,0.89680177
-19.339945,4.535575,3.301311
-18.112623,6.1318126,3.3175871
-12.152332,-0.34620953,3.066344
-1.3111514,6.2288876,-10.034813
-9.887762,2.0993087,-3.2514622
-3.5611143,-3.2348547,9.433664
10.828987,-0.82320696,14.094374
27.411657,9.740762,2.0325158
-1.6526301,-3.8448138,10.511192
16.470016,3.3309507,-3.0008104
-2.1018398,-3.8490424,12.850308
9.948762,0.8065443,10.323852
-5.713437,3.5376968,-4.614555
24.253162,5.5917974,-0.61134416
7.294336,2.434417,9.226523
-1.730765,5.526593,-9.514751
-14.12834,-0.0751563,-2.7862797
4.1900315,2.478024,-6.561554
2.105497,4.968097,-10.548051
1.7919067,-4.4974575,11.922194
2.0304601,5.5972176,-10.756985
-1.1832883,4.1847405,-5.1078467
28.461449,6.2547765,3.177321
-1.2681358,-7.101744,11.27437
-5.9433494,6.9439716,-8.021883
-11.47087,2.1013224,3.7135165
-14.446318,-0.18194865,6.8158216
2.3430772,6.7952094,-12.112973
26.834763,9.787623,1.4992431
-9.950925,-0.68140906,6.8751416
29.501629,7.0818963,4.318968
-13.435166,-0.022885237,5.313899
9.898515,-2.516077,13.789374
-13.845185,-0.53035796,5.4514313
-21.483368,5.54345,7.8363285
25.263065,6.1426854,-1.8227704
10.774255,4.4156275,-1.91698
25.705776,9.646494,-0.14486864
27.708836,9.984391,3.4355075
-8.604062,-1.9553891,9.384146
10.615244,-8.465273,6.5839972
-20.792444,5.5102425,7.3466773
-21.444546,4.6757803,6.4965963
-2.668712,6.0833325,-9.939614
-15.213601,1.2481949,7.7940383
23.586916,8.493573,-2.4896357
1.0936159,-4.319245,11.15622
-12.9489355,1.6267303,5.036169
-11.988535,1.0510257,1.58846
24.261106,9.176581,-1.0870694
-4.1179576,3.6324246,-0.91144854
-6.2019424,0.49583128,4.40159
16.916212,3.0701272,-1.8655452
1.9501073,-5.555435,10.888418
-32.73728,6.5255475,5.1845565
-22.795574,2.9873862,4.9138427
10.34932,-3.164774,-3.7511408
24.83633,9.351425,-0.9058947
-0.04655229,5.300132,-10.952515
-0.21118823,0.66825336,-3.001191
2.6889465,6.020033,-12.868208
-12.049199,6.1855774,0.089926705
-1.5443702,5.893204,-12.171861
10.304245,-8.556727,6.6144257
22.808481,4.742206,-4.2213
-8.701411,-0.6010607,8.912691
-17.05875,2.8630867,7.100078
12.141181,-8.128101,1.7646669
25.836617,6.283578,-1.4309297
-11.613301,-1.3189361,8.675388
-28.636028,4.9592285,4.62188
10.694109,-2.9992359,11.521829
-14.071256,1.4384978,6.720503
-7.8155212,-6.272891,9.862289
21.88336,6.2555776,-1.8497669
-13.046871,-0.2698335,2.8028433
-12.206243,-5.1800027,2.985841
13.701571,-11.45865,-5.3501043
6.652309,7.9583855,-14.218337
-5.182274,-10.363061,-0.986296
2.937517,6.44246,-11.697704
-10.971609,-1.8676405,5.7314487
6.9226584,2.9042714,9.463613
3.8757646,7.2473063,-13.401122
-9.345373,-1.7713436,6.727887
26.592188,9.724956,1.1926063
-14.037384,1.225258,6.9514356
-5.999613,4.4160514,-3.9623845
-8.135037,4.831968,-6.0294766
-5.8890452,-4.6075077,11.240283
3.7576432,-4.592174,12.590086
-13.914463,-0.5047843,6.2062097
-5.767241,2.8704035,-5.0680504
-13.619916,4.6613874,-2.7362633
-3.5306678,3.7193532,-10.131997
-5.811812,-0.8469702,-5.423847
-5.872034,2.9420035,-4.988585
26.688023,9.74322,1.346209
16.126709,-1.3570795,1.4742774
-11.498775,-1.7622797,6.201686
18.216505,4.1454225,-4.602884
24.023577,8.455507,-1.845931
2.2432516,6.0953407,-11.855463
1.9897646,5.9579434,-10.417422
12.002482,-0.39866793,14.682532
1.0197557,4.174663,-5.896547
5.9338536,-10.911234,-2.5868418
-4.389744,3.6449838,-1.7809081
-12.623801,-0.70027864,7.58142
19.718163,-3.535011,-6.883464
25.348854,8.329404,-0.74671715
-14.864608,0.5877215,6.944731
1.341611,5.8729215,-12.249359
29.87116,6.758604,0.6387537
-4.484639,3.347182,-4.528345
-19.613737,1.2500056,-1.2052053
-19.928553,4.498705,5.3099055
0.8118775,5.5975904,-9.935529
5.2630205,2.6044579,-5.0581555
26.677172,9.689426,1.3505338
10.712059,-3.0076656,11.487856
-25.080002,7.7114224,4.4701924
-15.627954,2.0398488,7.099685
-11.566796,4.175248,-2.113474
26.561222,4.889136,0.93521816
22.063047,7.4287887,-4.216639
-18.270376,5.003419,-1.4177531
3.8829737,0.19798976,7.5178523
24.129906,9.296631,-0.8292561
-3.474355,-2.1471398,7.4305353
7.846121,-1.6894855,12.34249
3.4468307,6.60244,-12.546039
24.214123,1.4514492,-3.4761403
25.672722,4.4069133,-3.4014301
13.337526,-2.2265363,10.5222845
13.190117,-2.3597383,10.445985
-10.724362,-0.6163875,-0.55206025
-9.240657,5.748574,-7.871653
1.5568968,5.442917,-9.974685
23.188486,6.1958375,-1.3808908
22.621964,6.0348186,-2.1067803
16.356998,3.4708564,-4.042469
-4.5842433,0.9844831,6.9753995
-9.017203,-1.4453385,10.883118
-13.208702,5.1163907,-5.81395
7.8185854,2.886114,8.628576
-14.12967,6.033207,-6.4644094
6.1164336,7.094522,-11.091011
-24.173044,5.361221,5.8281546
-3.4808617,-2.9074533,-6.2835436
-23.583998,5.4960437,5.7588387
-9.67841,-1.0362376,8.211001
9.267293,-1.837741,12.183984
-24.242569,4.684242,6.966724
-16.595087,8.800103,-3.3651235
3.5809987,6.496632,-12.716956
28.857466,-0.064827524,1.531864
-12.719844,-0.5792932,2.5544584
-18.97872,3.6166952,-1.2040392
1.7402647,-4.487008,11.594846
-34.041103,3.415663,6.5687423
-17.682804,9.971422,3.1690366
0.7264537,5.7118964,-9.902015
0.09761866,0.63728106,-5.675357
12.739761,4.1691704,-4.549111
-1.5440862,6.021078,-11.131806
-4.6044087,-2.7814076,9.5226965
7.223262,2.2525003,-6.1576223
23.139477,6.2556343,-1.5298172
6.85154,0.38537753,7.53475
-6.725246,0.11588711,7.502135
-6.0227847,4.569805,-3.9524922
16.668966,1.1575083,-2.9612997
-0.28829372,0.97020245,-3.5268607
23.813404,8.375364,-2.1512542
7.319321,5.854662,-13.62442
-4.6872473,1.1088141,6.6233845
15.725959,3.4410841,-0.5291454
8.358087,3.6989517,8.576245
-6.06131,-0.94714004,5.8018622
-23.768108,4.6060686,7.258077
-4.5423703,-3.2685142,-6.266013
3.8654032,6.722805,-13.535404
25.662996,8.441939,0.11881129
5.253756,-4.5393896,12.667801
-18.98266,1.1602944,2.7692232
8.312779,3.547115,8.603805
6.8239822,8.167953,-13.966974
27.584957,9.81371,2.2244031
-29.226528,4.179901,7.163614
27.903343,10.136144,4.190486
2.0578966,-5.7634945,11.987807
-12.832916,-0.45829937,7.7562857
-10.298886,-0.28787103,2.8581004
26.071863,0.31212205,-4.4331775
6.440894,2.7254288,-6.363454
-18.845032,3.2922375,6.221013
-29.340961,6.1286864,6.8264236
23.66027,8.004717,-2.2670557
-11.733369,4.318382,-2.1387262
-6.5306816,-1.0011992,6.6487045
14.947251,1.1715459,-3.6320717
12.76401,-4.729139,-5.448965
26.700733,7.2533307,1.2786764
-0.98383915,5.406294,-10.01615
6.273013,6.5517964,-13.852587
-1.9892092,-3.091132,11.244194
-20.081713,8.105137,2.69524
-20.649826,5.3541374,7.370119
-23.719542,3.6761396,4.296477
-0.9456381,2.9450212,-9.081925
-2.5323715,-4.234949,10.51595
-32.5736,4.039586,2.338036
10.915802,1.6330057,13.1002865
1.8064153,5.2143097,-12.715822
-1.9141115,5.4973454,-8.876057
-6.3396645,7.586365,-7.8243647
-9.123952,2.7951498,-7.5929465
-21.810411,3.552904,5.497073
-7.8789487,-0.25643376,8.403977
15.727088,1.0127767,-3.3616796
0.7683818,-4.124923,10.891054
9.214743,-0.08438141,-5.5258374
17.037584,2.1111495,-3.0337508
13.436901,-5.512261,1.7734966
-10.905895,-0.5396792,-0.09337012
-2.5633419,-3.68419,11.363225
-18.692787,-1.0374038,5.607849
-29.733881,4.8829784,2.7809885
9.814599,2.662086,12.761936
22.147268,7.493195,-4.1910777
-22.234901,0.32890958,1.567781
-15.5555315,2.0470023,7.3406177
-15.52904,0.54296744,6.8909945
5.9277153,-11.271862,-2.8589084
-10.475634,-1.640436,3.0922961
-34.769188,4.9251513,6.756906
-2.5689657,5.9996047,-9.853104
18.169392,5.8092165,-3.8755484
2.5133538,-8.549615,-4.0340075
17.404634,-7.8623476,0.43267623
-30.381721,4.962412,5.7854857
-3.0173295,-1.600442,-7.913447
-17.999462,6.0497327,3.2370956
26.523167,6.7760234,2.3000047
26.761963,9.835701,1.616024
0.6580414,4.956421,-11.775329
-18.192017,3.4142637,-0.7835111
1.9871014,-6.0438557,12.068029
-20.523397,7.3006625,0.24280308
-2.9720201,-1.4642444,-8.043499
-3.5634918,1.1688856,-1.7642905
12.981422,-9.375415,-6.777398
17.144989,-4.1501956,-7.370978
-9.427787,-1.3842539,10.386334
12.616068,-5.507353,-5.7164407
-14.30713,0.36531818,7.0257373
26.560566,9.889788,1.3500057
26.781534,10.044575,2.4875298
-18.905153,3.708777,-1.1053954
26.715147,10.032995,2.3651304
-19.144953,1.0515501,2.7423036
27.43772,9.757795,2.0611742
-9.075965,-1.5538694,10.438121
-4.853825,6.616432,-5.3934183
4.252723,7.1935854,-13.575059
-12.436083,7.6565223,4.2805247
-8.752306,-1.5448736,8.388742
1.6736884,6.1374745,-12.398398
-2.9279196,6.3057113,-6.1508837
6.2021174,2.5685055,9.289381
-25.343565,5.916487,5.988307
-32.27428,5.2791915,8.583492
-2.5222359,6.0270514,-9.890736
-0.25218537,-3.1380656,6.850034
16.805134,3.5485256,-3.6964986
-9.646206,-1.7139695,9.649098
1.000271,5.7524376,-11.557372
8.246748,3.563597,8.625261
-15.514673,4.9872065,3.9833055
-1.398066,-6.8404527,10.928326
-7.69122,-1.9282366,9.612975
7.0441566,2.9920456,-6.217392
-18.08103,6.1332746,3.3279681
-13.745796,1.1187009,6.929207
-12.4564085,-0.663502,2.5960515
25.823647,8.271764,0.20829554
1.7994666,6.0383863,-11.7699
-20.797781,2.009003,3.4039416
25.219765,8.274232,-1.0652063
-10.14905,-0.95460665,10.356323
-2.939805,6.2977476,-6.04018
-13.077486,4.2546096,4.018705
23.48187,7.7459583,-2.6697838
-5.8542385,-4.6035132,11.21706
0.9812148,-1.9885914,2.844722
2.900428,6.8839836,-12.765642
2.0756822,5.2226744,-12.832146
15.740085,3.4512594,-0.8337874
22.255468,7.545049,-4.1521664
25.757801,4.4516716,-3.6995676
26.077744,7.1066723,-1.1917688
-6.141075,-3.4494631,-4.20909
-8.971691,0.19560008,0.12644085
-14.260641,1.6292996,5.09708
-20.485813,5.3424287,8.181433
5.682176,6.7127585,-10.733353
24.382399,5.314643,-2.1316574
-17.590763,3.8771496,-0.13505492
-17.494112,0.7370123,-0.579002
6.7885365,0.68951845,8.772568
-22.77449,5.133652,6.7072105
3.2788663,6.715335,-12.702509
6.392824,0.47125646,8.12348
-9.701492,-1.6168337,7.075792
26.483976,6.855645,-1.0566545
-21.033596,5.500992,7.955521
-26.074688,3.813625,8.15502
9.295407,1.9618798,8.910396
-13.554929,-0.56021273,5.306818
-17.899996,3.5130756,7.020731
-19.996534,8.175746,2.7353315
-10.185781,-0.27614957,2.7890296
-14.613118,2.3906589,-0.56169385
-5.906203,4.932587,-3.3950098
-4.3501673,6.470907,-5.78598
-7.82954,7.36559,-3.160331
-7.7997684,-6.4435353,10.109234
-13.159902,-2.6942186,6.835677
1.4315057,-3.4062653,1.1677977
-22.826532,5.916596,5.331925
-11.904283,6.160311,0.22049533
-14.270282,-3.2011728,6.27202
12.36815,-0.7097341,15.509705
-10.056608,-1.0286291,10.341401
-30.851877,7.6269927,6.0507913
-10.125607,-0.9608786,10.319125
-0.8897382,2.9632578,-9.104359
-17.238985,1.3815067,-0.4474342
1.2281858,6.1505756,-12.314194
-12.237665,6.1534376,-0.09384216
7.3378963,0.5470251,7.7190685
-30.7082,3.4893847,4.280213
-7.1551213,4.9016466,-5.9516015
-20.692581,1.4893281,3.4743083
-2.093093,5.792427,-10.748994
26.930124,10.044607,2.2612655
16.384207,3.329465,-3.1579041
3.4341898,-0.18806976,11.552501
17.04183,2.913913,-1.4765229
-1.3654338,-2.992959,9.21242
-12.922016,1.6585964,5.0170374
-20.689167,5.439366,7.7818136
6.205306,-2.0580463,0.40901318
0.41832903,5.9753385,-11.362533
20.90946,1.5683799,1.0240139
-1.5311061,6.0747204,-10.539292
12.274407,-7.9727855,1.7649862
2.6808274,-3.149443,-4.338507
-34.381714,4.753794,10.020681
-33.029816,5.444866,5.7138267
-13.21668,4.8665657,-5.89135
18.130413,0.45447472,-6.4762483
8.304648,3.3924634,8.555867
-14.93334,0.37102047,-1.0746393
22.529654,-2.3117135,-1.1719148
-19.543915,8.945741,3.1242943
-22.018578,5.3265295,1.5256243
-7.3462844,-1.335897,8.72629
-2.672851,1.6973555,1.7792056
26.99478,7.4171977,-0.8044968
-9.387278,-1.6469032,9.816855
-23.08048,5.312291,8.053104
17.478271,4.6859636,-4.888319
3.6937213,-4.6158776,12.55982
25.688608,8.550177,0.1066979
-10.767251,0.33357736,1.5469115
-16.664429,3.638584,7.8028193
2.151991,6.551272,-12.610971
3.5762618,-0.17543384,11.068803
-8.376266,-2.6151738,7.9049435
2.9037943,6.624712,-12.757339
5.941276,-11.334782,-2.9633605
-36.431053,4.85026,6.7559676
-19.097498,10.163555,2.954102
-24.338518,4.035253,6.3053417
-7.4942203,-1.3542465,8.657838
-20.672712,5.3778768,8.182118
13.432529,-2.192548,10.532761
23.250397,6.8363996,-2.577968
27.49706,10.345766,1.8204463
8.162202,3.7333968,10.511616
-10.42621,-2.764469,-2.0437934
24.617918,8.4603615,-1.3185577
-21.961143,5.497983,7.914314
-16.99263,3.3099303,7.3334675
-3.1320882,6.439975,-5.980448
-8.127606,-4.022311,8.358074
-0.46078798,2.8274033,-9.606941
3.2624466,0.34773192,11.749481
10.820139,4.435169,-1.8430269
18.395573,5.9401994,-3.632628
29.86397,6.7881045,0.71001065
-2.5351713,1.5501628,1.376947
26.583254,9.659034,1.1686109
1.7038463,5.4130435,-12.380857
-11.439337,-3.0671406,6.781159
1.8637543,-5.3040223,11.883713
2.6546483,-4.476899,12.482152
-12.016956,-0.37803435,3.1465774
3.9852393,6.8701863,-12.9015045
7.5143194,3.3582356,9.589461
-7.958228,-1.5975689,8.469635
5.7388825,6.2185893,-10.066312
-12.057446,-1.3858222,6.8129826
-10.42222,-0.11177127,2.7513053
8.132611,3.1986127,8.603375
8.217687,3.5443645,8.690987
3.9346178,6.9775033,-13.69742
8.216105,3.7651055,10.674342
-2.4449444,-2.7372377,-7.381044
0.46065745,6.154541,-11.452421
-9.266901,0.1437162,2.9311047
24.037464,8.693149,-1.7803602
10.725241,-8.426879,6.592812
9.718366,-6.3307085,-1.3536333
-23.989267,4.2706494,7.0807
3.3128126,-2.4691963,6.797478
-7.0854945,-4.2819147,8.674904
26.647572,4.9041367,-2.69638
1.9216003,-4.5852346,7.1409097
-33.257904,3.63158,10.230634
4.5989056,7.1634154,-13.499838
21.541891,6.29552,-2.0982504
26.484371,7.1373653,-0.99866176
25.71996,9.680135,-0.14503956
25.254747,4.486629,-3.4670599
-4.4773464,-4.5128202,6.835844
-26.189594,7.1527643,5.650534
-1.1404654,6.047127,-10.241578
4.6778493,6.6063566,-12.242014
-4.366427,-2.2814054,8.101778
-24.93633,6.6729875,5.418746
-16.64663,2.3680873,7.278909
10.254256,-7.3921456,1.3868489
-20.545506,5.380435,7.4908037
-2.4013436,-2.8144007,-7.3732457
-19.048056,1.2444403,2.7464871
17.312344,2.1871073,-0.41883904
11.525586,-0.36799133,14.116667
-33.31746,2.2403982,8.4839115
23.50609,7.528454,-2.6206198
-10.453662,-0.6825487,4.0791817
4.82816,7.0458484,-14.254294
-8.892074,-2.1821141,6.1208806
-34.018612,5.112629,4.3165536
1.4327449,-4.9597397,6.4323606
-17.370646,3.2312489,-3.9219868
17.352045,2.34401,-0.5733306
-0.14237347,5.25068,-11.015838
31.527832,3.2032976,1.3052208
3.2365577,5.6364245,-13.089667
-12.326127,-1.1975158,-0.40259925
-32.441883,2.518256,6.388377
13.132279,-5.1056776,3.3648727
27.482853,10.085593,2.1092622
-9.036582,-1.4739876,10.840324
2.5475442,6.0951777,-10.648504
-23.126575,5.4109864,6.785615
-19.022436,9.652362,-0.382745
-4.022177,-2.9701319,9.3458185
-1.5986577,5.412096,-9.0809145
-12.91938,0.09720331,6.6443872
-16.04803,-1.4859285,0.8454916
24.157204,8.720117,-1.4802885
-34.006454,4.6846414,5.2172346
-33.01684,5.2854085,5.032995
-16.912582,2.8389194,6.554662
-28.089813,7.654846,4.332875
-11.548797,1.4898853,5.31644
11.757112,-0.23480417,14.03182
-9.758955,-0.45477736,5.3358226
-2.327045,-2.9687128,9.826524
-9.791993,-0.6494719,3.380544
-0.5545438,-3.5246418,9.401069
7.4703183,0.8144032,11.148275
7.3241854,0.617429,12.626729
-20.256039,0.33318755,4.6679387
-5.7853293,2.805148,0.59224904
13.4346695,0.73355776,14.013781
3.614646,-4.664991,12.630211
9.262081,-0.07603455,12.97533
-34.617634,3.831393,6.111494
9.979199,0.6400001,10.725246
-0.6056732,-3.148234,11.653626
-13.652967,-1.3201324,1.1055174
-20.70075,3.5802424,4.637402
-33.14918,3.0926204,4.5033684
9.494185,-0.03680619,11.758909
-33.946987,5.8853984,9.792681
-4.0081177,-1.0554973,7.917862
-0.63552076,-3.060938,11.663728
7.872575,1.207614,10.980147
-24.23163,3.2956882,5.2966533
-35.578663,4.651694,8.387418
-9.05804,0.69081146,5.1729336
-32.489765,2.0752375,7.4033866
-23.317577,4.3498564,7.111412
-16.24113,7.709165,6.6218
-10.745297,-0.3758866,3.7617416
1.4331536,-2.4744315,8.872266
4.5948668,-0.27448168,10.91859
-4.613233,-2.240933,-1.6323619
-16.790579,4.266074,7.087905
3.565125,-1.8511095,10.285889
1.4434596,-2.4203773,9.434154
-8.487708,-1.8785889,-5.666256
1.5235474,-2.0538125,9.917272
-32.87058,5.3402276,3.6252418
-0.15111804,-2.013497,9.564687
-17.024563,3.161758,6.928674
-27.517984,5.7710137,5.045982
-30.556393,5.038212,5.7943234
1.3207134,-1.6669655,9.869387
8.774935,0.9555767,12.896865
1.491522,-3.6145947,11.886044
-0.7441666,-1.5389531,9.512934
-12.714465,1.6272397,4.9857445
-14.007249,6.8614,6.6419353
-5.1946692,-0.052449513,9.200431
4.095286,-2.109607,10.483377
-6.14388,-0.39153054,5.5489807
-28.232967,4.524739,4.899486
1.443066,-2.5124693,9.81717
-15.419248,-0.134956,1.1969472
9.249709,-1.1974636,12.956618
-1.6804403,-3.467739,9.268322
3.8260798,-1.7611202,9.807816
7.8449574,-1.5240363,12.366908
-6.833811,-0.48468995,5.3085184
5.0671296,0.4308688,11.378416
-13.564137,-1.7964276,0.404076
13.530964,1.4179953,14.0480795
2.8343275,-0.98770696,10.339825
-15.961975,8.8602705,8.15194
10.85867,-1.9458506,12.978556
-17.385794,8.494722,6.782423
-5.154872,-5.8804145,-4.396028
-3.58688,-2.4071825,6.8742914
-13.643148,6.930278,5.9642763
9.406437,1.6581043,12.943102
-26.90723,4.2252383,5.427472
3.2506657,-0.110085666,10.906062
-33.476765,5.839269,5.172296
-1.0474799,-1.7651601,7.086995
7.0249662,-0.646715,11.112017
9.127662,-0.03331009,11.780261
-12.130249,-3.54779,4.8442307
2.088551,-3.2991457,-1.5241326
-29.701778,3.293873,5.145332
8.867229,-0.62591285,12.579743
-6.5226173,-0.51950806,6.142951
8.576421,0.6457682,12.659509
-4.862569,-1.7515142,8.7103405
5.072059,-0.6484501,10.497644
1.9880921,-1.6948704,9.981022
-3.8782105,0.01212989,8.389607
6.9882336,-0.90117776,11.971582
-7.9019775,-4.0132318,8.683689
-0.090428285,-5.983928,12.961586
-31.879898,6.543555,4.3260465
7.0037565,0.23391545,12.014105
-16.440313,2.8470993,5.3170495
4.9661674,0.5174612,11.383721
-11.945182,-1.8310249,4.842385
-3.698594,-2.2950249,8.764172
-14.523231,3.5893404,5.372896
-12.3317,0.4592406,3.2834013
4.582256,-0.89874,9.855544
-11.231169,0.25382414,4.7818637
-0.82511455,-1.2057382,8.662271
-8.294552,0.32407227,4.753392
-22.143162,0.2708678,1.6677312
-14.118302,2.228723,5.5504394
-25.646654,5.87937,6.7070904
8.826117,-1.008399,12.470631
-11.930763,1.7801121,4.5085635
-18.372568,9.542296,6.0099874
10.589564,-2.8807452,11.663364
-3.1451297,-1.1718729,8.3880005
-4.1673903,-0.12247099,-0.1384506
-6.7926326,-0.35260454,5.4121456
-6.6617894,-6.454827,-5.057948
-7.64452,0.26110578,4.629894
-28.773136,7.703829,3.9304693
-18.508764,10.299677,5.321941
-1.0538524,-1.1930175,8.623206
8.820197,1.1123221,13.133451
-17.101654,0.5406997,2.3688452
-3.7131007,-0.7834676,0.22473778
-5.8231325,-0.45534942,6.4886246
-17.765438,5.846845,8.458909
10.668046,1.2898211,13.353628
-15.957613,8.404534,7.3478184
8.960664,0.5396359,-4.7373376
-6.010059,-0.9188443,7.5078907
-2.692505,-0.68213516,8.82956
-11.790652,6.483549,5.113893
3.588634,-2.3393395,10.665919
-23.571127,6.76659,3.498176
-33.10273,4.883135,3.160312
-27.735836,4.066231,5.974135
12.299411,0.19402555,13.094189
7.4360285,0.8638128,13.044062
-31.74855,4.101324,2.6237957
-10.310258,6.949668,4.9637036
-5.5415173,-10.846591,-0.6870458
-3.9094362,0.92831904,0.5260573
-3.2448738,-2.3509226,6.847747
-9.937638,7.081757,4.849537
-13.097907,1.7517928,4.9733696
-27.774155,4.2213054,4.145201
12.5441675,0.5835089,13.425065
-31.749853,5.832733,8.581968
4.599947,0.79508036,-0.67512834
12.370348,0.903848,13.8836975
2.5703251,-1.7476573,10.079012
-2.2409778,-0.71508324,8.507348
-20.667988,4.9613123,-5.4868646
-30.918077,6.68063,8.449243
8.786615,0.035799485,11.508536
-0.04919373,-1.2024578,-0.9131426
-15.009052,7.209671,7.6879435
-22.715391,5.2395005,6.6635475
9.848909,0.97632146,12.881261
-3.982145,0.22156647,-0.28832573
-12.172988,5.6002865,5.2499075
3.5851648,-2.2458823,10.15825
1.2900112,0.033478428,8.447566
3.2100494,-4.17458,11.868696
24.002743,9.298112,-0.8912005
7.137008,-0.11368058,11.940465
-16.507774,4.245085,4.1439357
-31.109444,7.241314,6.155493
-2.1440551,-0.7660426,8.695814
-20.278461,0.28970686,4.3214335
-14.484697,-0.38026446,7.091912
-25.68981,4.987442,7.707208
-33.42368,3.076855,6.570496
-0.5770462,-0.7126665,-0.9328184
-24.10425,3.8256607,6.2935553
12.373283,0.21302857,13.844806
-1.0018774,-3.2926142,11.827186
8.507867,-1.4017128,12.521137
4.19093,-2.7581484,11.159967
-6.3376827,-0.5307932,3.9337404
8.817323,0.87923306,12.914737
8.538571,-1.5041119,12.490149
1.4857172,-0.050435867,8.549767
-16.472498,6.0747786,6.6761975
3.6494794,-2.1868334,10.576853
-3.3953195,-1.2532175,6.5864906
-12.787942,6.583318,6.2798305
0.051629968,-1.9591737,9.55743
-14.23718,7.1343594,7.078822
11.813631,0.47046095,13.807784
-3.5802479,-1.5378077,6.6020913
-18.900005,-0.98848176,2.8202248
6.470675,-0.6231671,11.104575
-15.938579,11.15992,5.613212
-1.761065,-4.17748,10.968755
-2.008993,-1.5104449,8.133186
-13.408921,7.595785,4.405559
-6.9244967,2.0097141,3.2985752
12.456109,0.45327917,14.297969
-1.4872665,-0.96548796,-1.6531851
-3.383367,-0.84487385,6.8376083
13.366735,1.3537253,13.836779
8.457989,0.9470609,12.731879
-10.705139,-0.6659953,4.4603577
-10.380914,6.903299,4.9747033
-2.987738,-3.406941,11.160984
3.9218342,-0.6452879,8.448937
-4.5512877,-1.3616025,6.6568656
-31.372456,1.8293885,6.4442677
3.3000553,-0.41301885,10.549093
-31.64191,4.200177,2.605666
-14.38227,6.6092114,7.1004825
-16.42171,8.457747,5.783517
-25.625456,2.7163093,4.0790854
-16.695272,3.398812,6.475723
4.5141077,-0.51994044,10.246591
-11.751004,6.7792053,5.0728126
-10.640077,6.8471837,4.9893064
-5.4157763,2.4591424,1.4282354
-26.084211,2.9637046,6.026324
-16.949455,2.8110578,5.6030817
0.111171044,-5.852684,13.058466
-6.5571537,3.1167252,2.9276323
-28.436707,6.922721,5.044109
-8.059036,0.39036062,4.664711
6.5137186,-0.5713727,11.705015
-14.216338,-1.6782448,0.5851509
-15.917159,4.3170834,4.409525
-6.4898663,-6.699269,-5.1869707
-29.92441,3.6815393,5.1537666
0.7859733,-1.3531078,9.820224
9.629962,-1.1010315,13.121174
-19.555168,-0.28242442,2.474064
-1.3943988,-0.736505,0.8740888
-0.8654157,-3.4259381,11.718513
-13.71377,2.1697254,5.701149
-29.627024,2.790344,7.7323275
11.812032,0.4514167,13.723546
12.540081,1.0803049,13.612008
-13.1085825,7.564295,3.835723
-31.719778,5.961915,4.470593
-6.4021487,0.22489177,4.3786683
-11.6702795,0.022825794,3.8902814
9.508933,-1.558059,12.257149
-12.04932,0.95893544,4.4708924
13.629204,1.4305348,13.991874
0.39003748,-1.3944188,9.089528
-1.6409601,-4.044456,10.915518
-33.098335,2.945827,4.5700574
-15.453426,2.1690621,5.7288256
-2.7503119,-1.2470415,-1.4427772
-31.985945,6.0600824,4.6565876
-33.708267,6.070941,6.5164714
3.2096338,-0.07195017,10.690907
-16.222416,10.972472,5.623069
-16.264482,0.58499897,4.899184
-15.30397,11.548446,5.585167
-1.0227892,-3.1397407,11.725943
3.8918002,-2.4035368,10.612177
11.583166,-0.17701113,13.03609
0.44532618,-4.1721306,-7.3687234
-16.210243,10.953656,5.6358175
6.862265,-0.8892867,11.954114
-15.981701,8.87681,8.204651
-11.379373,6.321488,5.2310185
0.42637774,-4.3426137,-7.3077044
-6.0901923,-1.4015018,7.297713
-1.0310099,-3.6541514,10.853108
13.431061,0.8258651,14.017135
-14.649497,7.077804,7.6629086
-16.714808,3.4576848,7.6246176
-12.467578,6.8601775,5.633576
5.950085,-0.5504135,11.134016
1.4056748,-2.9567437,9.96494
-22.913395,4.111735,7.0936017
4.067827,0.14668737,7.7323895
2.9198706,-0.83955395,10.571957
-11.277804,6.1960382,5.3517833
-2.719899,-0.9642795,8.314839
-4.9811883,2.1486194,0.3456329
-3.1038291,-2.6400802,-1.5046608
-11.086583,-1.8623679,0.7551619
-35.174957,6.7651005,8.135899
12.554259,0.52385926,13.581716
-18.391777,10.02458,5.4782586
4.598919,-1.512753,9.973182
11.012743,1.296407,13.379489
-22.913195,6.726301,3.5279472
3.8289278,-2.4075997,10.631665
-14.092902,0.09228086,0.85557723
-16.162766,-0.15250227,2.9049454
13.494904,0.18693602,14.069288
6.4173923,-0.015738532,11.755755
-16.565777,0.4566259,2.4846091
-4.1134405,-1.0872699,7.7239456
5.5719194,-0.6954695,10.992237
-33.22691,3.3208132,0.51483166
13.454133,1.6725937,13.809691
-31.118948,6.1557674,8.579541
-2.2986562,-1.8929427,7.8219976
-19.985285,-0.040331565,3.280613
-4.961462,2.0708919,0.33628494
-3.441606,-1.9979534,6.8044457
-13.089628,4.2372127,3.9577568
6.8831363,0.56265223,12.174788
-32.641296,4.7387495,7.389544
8.296629,0.2918084,12.255555
-15.368866,6.89989,7.0388203
-18.296429,10.220756,5.189608
-8.502018,-2.6031702,8.727342
-3.6758702,-0.37706438,8.399456
-13.566799,7.2442265,6.344041
-11.137425,-1.7820964,4.1936707
-12.538318,6.8103514,6.0997453
-10.887285,0.15099348,4.711758
-6.967259,-0.5231923,5.3659678
-17.060104,3.0557675,6.819457
-12.954956,6.0793695,5.6214585
-2.4347348,-3.7314854,11.504024
-5.2152686,-0.7815389,8.33261
10.330249,1.829131,13.96785
-8.296765,-3.0371368,8.946106
-3.7382078,-0.70548594,7.9528017
-20.779934,0.43167266,4.5039406
-16.980759,0.3517498,1.3451653
10.820875,-0.7805981,13.212668
-15.815358,11.209274,5.615992
-4.787875,-2.176269,7.2728024
3.0921957,-2.0922062,10.257901
-4.147825,0.94621164,0.10929743
-14.458893,6.1611266,6.7561297
11.343372,1.3570181,13.42339
-11.755179,-0.3197027,0.6802106
4.029685,0.8636805,9.750939
-14.0624895,7.452717,6.8895335
1.149273,-3.9606638,11.6543255
-2.5000975,-0.016156178,-0.51295334
-24.385498,3.5890625,6.0730257
-27.514744,7.457147,4.8068495
-10.504111,-0.18012631,4.400273
-11.776387,-4.9133706,4.7081723
1.3829067,-2.5930414,-1.7405313
-8.742377,0.22187127,4.0848756
-8.715812,0.53079444,-0.92271304
-16.35607,10.917148,5.6275525
-11.615506,1.3215518,5.4712634
-14.017942,2.3258746,5.4595256
3.7774076,-2.4415143,10.487644
-29.131048,6.2920156,7.85081
8.20843,0.79139334,12.007881
-0.17690878,-6.0453296,12.96383
5.708139,-0.5949483,11.148723
10.0299425,1.5499895,13.741775
-32.869324,7.3029203,7.6739693
5.977297,0.6112291,11.865574
-30.064873,5.0401773,4.465603
9.135153,-1.6968625,13.129616
-29.024004,6.0990586,7.5561686
-33.027798,6.481799,7.2011223
-17.393154,6.993148,6.6651883
1.4952917,-3.77521,11.9819975
-16.370111,10.917955,5.6263127
-31.733185,4.0925307,3.6681085
7.5564575,0.37881747,12.114918
-15.009471,-1.5682994,1.6527886
-18.596815,6.004558,7.010078
-2.0415356,-1.5154741,7.8779855
-29.000603,2.495988,7.6271057
-7.6616573,0.5678378,4.2362456
8.128493,0.4096077,12.115954
8.05597,1.2862157,10.589549
-2.092535,-1.4084686,8.4536
11.091732,-0.73085964,12.6405325
6.348284,-1.093237,10.31069
-26.074217,4.0290256,5.82139
9.1917,-1.9931586,13.200272
-8.738633,0.9473705,3.56008
-14.760439,-0.48747152,5.636031
-13.75251,6.5737433,6.422249
-11.746098,6.779958,5.142091
0.6440369,-1.343848,9.788741
11.603596,0.09521679,13.634871
-29.993078,7.6040373,4.003192
-33.859806,7.4522634,6.4910583
-8.189856,0.77627987,4.7545967
4.1454988,-5.71553,-4.4143395
-0.9220308,-1.0048121,-0.67893773
-13.454397,1.246458,3.7921455
13.179325,0.73232293,13.898339
-13.22033,-1.8891914,0.3258667
-14.449366,6.7705894,7.0019364
-16.333658,10.921007,5.6310954
-22.866667,5.833522,5.1051764
12.456488,1.693544,13.865506
-17.906597,0.63424283,1.5399854
-10.746719,-0.9481169,4.600077
-29.122246,6.1147313,6.718101
-10.215402,-1.4025058,1.8489318
1.3504435,-1.7321692,-1.0379317
1.7580903,-3.332449,12.070003
11.4525585,1.2470516,13.523851
-14.516281,3.0126677,5.3003798
-13.145012,6.8680205,6.19884
-3.6752782,-2.011706,8.689707
-16.004072,11.074014,5.6311765
2.5075197,-1.3705809,9.900679
-5.042436,-2.054728,7.3322153
-15.678339,8.162634,5.874355
-13.562663,7.620839,6.1704707
4.5772805,-1.2947091,9.905486
-8.74084,1.170589,3.5298426
13.434611,1.3568698,13.916369
-30.249567,5.004074,8.267344
1.802057,-2.7438538,9.098006
7.7762814,0.36388144,12.178598
12.465816,1.3237311,13.545658
6.8298526,-1.078731,10.235995
-3.4359791,-3.3111882,11.150377
-8.332855,0.5125601,-0.6836901
-16.061316,6.2999663,4.4081097
-13.042804,4.9752073,5.3541203
-6.048683,-0.8621097,7.75971
10.323779,-1.2863597,13.289715
-35.88278,4.326489,6.6540637
4.58624,-0.531398,10.391442
-35.400997,5.620441,5.096301
-15.339235,7.735977,7.262808
-15.588764,7.0314865,6.109895
-29.056292,7.1552186,7.9781637
-24.178022,2.5621653,6.017838
4.1684365,-0.7373441,9.857318
-16.834791,7.7550955,6.369907
-16.956848,4.0536695,6.370559
-28.227552,7.5561795,3.6517372
8.795232,-2.0579433,13.216948
11.084707,1.3981986,13.401388
-5.633739,3.1295736,1.9337851
-15.710433,-1.5086857,0.87601686
7.8791595,0.6583236,12.388238
7.453944,0.42859238,12.185435
-3.2870657,-3.3179014,11.08171
-16.182951,-1.1651065,0.9613626
-6.2884026,-2.1561356,6.4776497
-4.6546583,-0.28650165,9.003167
-15.337977,11.529635,5.5863075
13.462464,0.6744593,13.9705305
-9.211213,-0.29414323,4.3371577
-23.47552,3.912391,4.2020698
-10.132315,-0.29641765,4.5051107
-5.155987,-0.8859931,-1.2903374
-8.295233,-0.23343104,3.9620361
-5.567597,-1.920617,-0.7380122
-0.32180512,-1.2540623,-0.766388
0.17388469,-3.8199244,11.425944
7.5189376,0.5462709,11.992645
-12.76603,6.111135,5.219619
-33.71218,4.6304793,4.951834
9.331562,1.8099966,12.887687
-3.2407181,-0.71321774,-2.1340203
-15.195315,7.8735065,6.0520263
12.731378,0.040110238,13.674117
-33.927547,6.461656,10.371701
-17.491653,8.403682,6.7497783
9.913594,0.28482068,13.208857
-12.150851,-4.9634595,3.9623845
13.2717495,0.47315016,13.95802
-19.221584,10.106047,4.891574
10.123461,0.71391326,13.062634
-16.211859,7.7755513,6.7146487
6.083357,0.5717807,10.502537
-6.9381905,1.9836552,3.2951345
-14.511107,8.117037,5.4861073
-19.113037,10.031149,4.7864923
-17.076464,2.8493729,6.638481
-11.740052,6.6797957,5.871173
-3.0012238,-2.4516973,7.091291
8.686236,-0.5610237,12.191393
3.4462636,-2.737006,10.278085
-15.188933,-2.557828,1.9520106
-31.208944,2.1494744,6.465969
-28.085804,5.0758553,7.9467463
-32.44088,3.5590146,3.155329
9.489103,1.6219567,12.975151
-17.650827,-0.4787975,5.250605
-19.119566,1.8137385,5.3615813
-4.647798,-1.1151961,-0.5649044
-28.058596,6.385837,4.924607
-18.817825,1.6544484,5.268212
-0.7627238,-1.2134281,9.985712
4.9376993,0.14527234,11.271913
-27.634613,4.006847,5.0021873
6.4913163,-0.55176073,11.098837
11.152879,1.3403964,13.418322
-28.935534,7.289682,6.357933
-23.34006,5.5881624,2.1825297
11.559681,0.6347199,13.6079035
-12.939698,7.047293,6.2094846
-1.2552314,-5.0031495,-8.055191
-8.571933,-1.8625088,8.412638
-24.30761,2.4114635,4.3847814
-13.680359,-4.581956,1.3061743
-17.105679,1.5747528,0.39788654
-0.54961824,-2.8921993,-6.9043474
-13.945364,-4.572455,0.5631194
-12.080609,-2.2652051,-3.5004282
-20.135166,-0.118613616,-0.08444992
-19.096727,-0.76962894,-2.2096171
-11.351153,-0.1273667,0.5594757
-21.978552,2.953832,6.3674874
-15.620112,-2.09814,-0.03337052
-25.789001,2.5085976,6.1971364
-5.594915,-3.277126,-5.450051
-9.549166,-2.9122627,-2.3898644
-18.328217,2.8142116,-5.6989856
-10.615191,-6.116705,-2.895828
-18.039623,2.0106356,2.855668
-14.9478,4.8978977,-1.1841068
-10.851644,-2.0069926,1.5605607
-14.374689,-1.0043627,-5.7707777
-11.323516,-5.5675645,-2.4843495
1.5887669,-6.286779,-10.782022
-4.0055723,-5.2357283,-5.4850206
-15.17944,0.21127157,-1.1446607
-6.9753556,-5.254094,-3.5653596
-15.240624,2.327079,0.6535996
-19.73575,-4.197323,2.80448
-17.62484,-0.23690307,2.4746163
-19.897305,-2.915591,1.7910051
-11.33829,-5.313156,-2.5856233
-34.264267,3.149233,2.8680706
13.303418,-2.282483,10.688266
-19.019041,-1.1536161,0.75268966
-3.5072877,-2.6599398,-5.0097103
-0.4054179,-3.7157514,-9.48314
-16.121477,3.8443575,5.8041763
-8.548919,-6.8127155,-4.2128987
-14.276594,-3.7103257,2.0726616
-15.011724,-3.0347555,4.2220626
-2.3494263,4.7123637,-4.82314
-9.854412,-5.8079476,-1.8780272
-25.538303,3.2804842,6.76433
-23.056532,0.38089296,-2.5760524
-14.906509,0.43971097,1.8642089
-15.110991,-0.6691161,0.46385878
-18.92906,3.2904136,6.0046067
-2.5666645,-2.2734544,-3.4290872
-6.2088013,-4.29265,-6.3579693
-14.867938,1.7303343,2.3332994
-7.7954617,-3.424992,-2.8241303
-26.22101,1.629205,5.3361974
-10.4620075,-5.5612807,-3.0800436
-14.596825,-1.1845751,-1.414043
-12.231807,-3.971019,3.2592652
-9.031686,-1.6012372,-3.5691907
-23.32615,1.1224461,5.0353246
-18.63295,3.1623633,5.951668
-30.612686,4.403323,9.066852
-24.040686,2.4460075,4.117034
-12.321695,-1.3115083,0.017975584
-17.64092,-2.353542,2.8482196
-21.372778,0.75947446,3.551103
-18.580835,-0.4556058,3.0957923
-26.869404,2.2033265,6.5070734
-12.869918,-0.1971346,-9.819807
-15.03003,-1.9189775,-1.5777656
13.429865,0.06612761,13.895365
-18.202444,-0.9771154,-3.1673105
-34.83354,4.8033614,7.3142033
-22.192017,0.6365139,4.667788
-24.002998,2.3030057,3.667737
-14.27425,-1.7724751,-1.7806256
-24.788364,3.2040837,5.528883
-13.318356,-3.6738284,-1.8305966
-4.466803,-6.2546215,-4.6262765
-10.906742,-4.63243,-0.5298197
-31.378866,5.9921556,5.4700527
-17.848919,-1.2427593,-2.0408268
-0.65587574,-5.2834964,-8.592127
-28.533813,3.5708811,6.732809
-17.487988,-1.1530298,2.4132295
-20.57967,0.5145893,-0.6578649
-12.986087,-4.547193,0.8942495
-11.064352,-2.0899763,0.9765581
-21.612257,2.4974813,1.8390261
-21.758665,2.2868125,2.06415
-13.843629,-4.4661245,1.0832243
-28.694613,3.09907,7.3547125
-16.099443,6.020753,4.325653
-5.9014144,-3.8465397,-5.195254
-9.581593,-3.8565278,-4.2262483
-7.116372,-0.56862426,-2.3348036
0.27362862,-5.7437057,13.189111
-14.794109,0.4068547,1.7387013
-17.434391,0.397574,1.3726956
-10.048861,-0.8051747,8.297788
-17.929293,-1.9569507,1.0455114
-26.133823,2.5290926,5.9339814
-20.899614,-1.6308452,-1.735844
-5.046187,-0.89419055,-1.1619755
-18.141914,2.8988664,5.616449
-14.859364,-3.8889668,-0.53671867
-24.48268,5.1806097,5.6810665
-32.033726,4.7424536,7.975665
-19.739752,-0.3689178,2.2183151
-18.471014,-2.1778698,0.18916552
0.13574006,-5.5858064,-9.725965
-11.430789,-5.247196,-2.4161253
-26.657734,3.1688416,5.452623
-7.636279,-5.5675488,-7.0567327
-4.242933,-6.7425303,-5.5720854
-12.079348,-4.0910535,2.4972842
-6.895456,-3.4312286,-5.4382706
-19.407576,-3.5671258,2.2911947
-20.928192,0.4688103,0.1701684
-18.822727,9.668706,-0.49977595
10.196553,-2.813892,12.306182
-24.44242,2.4604747,4.5179834
-21.16922,0.45562458,0.038644306
-15.2299185,-3.4602637,-0.0008385559
-24.005215,2.3888907,3.1197786
-24.76587,1.5953311,5.324743
-8.505869,-0.8833443,-2.0724072
-31.376926,4.69037,6.3015194
-9.0682955,-2.892838,-2.7560306
9.026196,-2.474551,-9.884453
-20.89387,0.040371895,0.7268012
-16.244442,-4.306821,2.7815592
-4.822563,1.385491,-6.66361
-18.839317,-2.1239188,1.2512745
-15.699813,-1.9599928,-1.6422826
-15.679603,-1.3073106,-2.710965
-8.189954,-6.3932724,-3.9726398
-4.9008217,-5.975306,-5.48355
-13.143997,-4.269328,0.74912256
1.1827992,-4.165671,-6.032082
-13.57254,-5.212287,-0.58302224
-25.336369,2.6990001,4.1727705
-14.09362,-5.1744027,3.350491
-34.29092,2.5232127,6.378722
-21.104843,3.8829088,4.277146
-11.5239105,-2.7462885,0.17482857
15.25915,-0.5024207,13.152297
-10.61657,-3.2015831,-2.5475056
-17.81941,-0.7873051,2.921535
-2.5848234,-4.6272974,-4.929423
-12.968399,-3.699055,1.9230124
-32.051067,6.637629,6.105135
-5.22167,-5.0164313,-5.2975574
-8.68327,-6.706,-4.0394855
-26.021389,3.1751785,6.2589808
-20.108393,3.3424594,-6.188602
-24.8517,2.6966026,4.9266086
-24.89844,2.3307765,5.5825825
-18.715052,0.958783,-0.9740984
-6.2852354,-2.0467062,5.0019264
-25.430649,0.65949297,4.721877
-9.588848,-5.9794674,-2.3213637
0.919263,-3.308205,-7.701814
-30.099388,2.687306,5.5160475
-20.164448,0.54170364,3.2278333
-8.578956,-6.7084394,-4.097623
-16.99832,-3.81707,1.6501464
-12.712106,-2.818925,1.8500652
-14.469331,-0.9941607,-5.7173915
-14.588859,-6.6194344,1.5326793
-32.33027,6.0813975,8.630264
-9.945817,-6.1103363,-2.837778
-19.156431,4.189212,-1.0703394
-34.19482,3.188318,2.915559
-10.966398,-1.7777497,-0.27843297
-15.752283,-2.0765724,-1.1672596
-4.167787,-4.522437,-4.97174
-19.449198,3.642454,5.151542
-7.977783,-4.457689,-5.077498
-15.994067,-1.4522202,-0.53901577
-4.806962,-6.54582,-5.3056154
-14.286898,-4.06296,-0.7539821
-29.530046,4.2812934,4.4927344
-5.025892,-5.1921988,-5.150753
-21.617533,-2.176644,1.8826516
-23.925114,2.9465585,0.48974204
-15.404247,-0.8066934,-1.2904907
-18.333471,0.2776925,4.462303
11.024388,-1.976323,-9.166049
-12.05689,-1.7799113,-3.8776448
6.2590437,1.498865,10.88415
-18.408165,-2.140796,0.27935004
-19.077053,0.03201981,3.8828242
0.6518436,-4.7921486,-6.432477
-20.970179,0.66293585,3.7055712
-25.744513,2.521319,5.750149
-3.8392322,2.0061593,5.604464
-25.709036,3.346955,5.8665967
-18.077215,-2.6703246,1.4015733
13.374005,-0.569591,13.940111
-9.142876,-2.9338598,-2.7704144
-26.198294,3.3237705,6.8010144
-11.500099,-6.838181,0.9762787
-24.136398,4.416927,2.0670047
-8.393347,-4.0554495,-5.1316056
-13.969854,-4.587255,-1.617242
-27.599323,5.0799847,8.262182
-17.030039,0.82899815,5.4656043
-0.6699029,-3.8040423,-6.4815817
-8.656157,-3.0003169,-2.3294687
-12.098455,-1.6728672,-7.390572
-25.494995,3.2261033,7.17073
-20.28242,-0.73355985,-2.124631
-2.805815,-4.8132343,-7.5848975
-11.066563,-5.211227,0.29388365
-14.46168,-4.2511253,-0.47654217
-9.153799,-6.09184,-2.8517535
-21.054462,3.8114033,3.9650245
-8.90243,-4.670736,-2.6030319
-0.36627385,-4.186517,-9.403642
-8.601918,-4.814242,-2.2063148
-6.947759,-4.6686687,-5.0792174
-17.781641,2.1877847,2.918752
-14.380237,1.5095966,0.62350565
-14.483155,-4.79309,1.784429
-18.326162,-1.0269195,-3.0955892
-6.6283746,-4.431635,-4.9241004
-20.761595,-0.98142016,0.5424165
-0.13111953,-5.5369005,-9.534939
-11.089605,-5.16665,-2.8302631
-26.325686,4.2180314,7.054372
-13.818527,-4.3717327,-1.7127472
-17.381992,-1.1764677,2.9164374
-24.14023,3.0622764,5.607349
-30.197357,5.8610697,7.035689
-13.838309,-3.5300608,2.4283879
-19.800753,0.66692805,2.8873603
-11.150108,-3.8952649,-2.9188364
-25.28435,5.725717,3.6161733
-14.531549,-2.4052145,0.08271709
-14.74705,0.22368103,-3.5910869
-14.097687,-0.079755984,2.1349623
-1.9249063,-0.27273524,-3.6048117
-16.344418,-0.71670693,-1.4944165
-19.131931,-2.0323904,1.5110261
-5.9828095,-5.967029,-5.442703
-18.414997,3.8419359,5.1562862
-34.435013,2.887837,5.925708
-6.5366697,-6.697922,-2.4930532
-6.523368,6.160253,-3.615768
-22.486366,2.0328646,4.633368
-24.811079,3.7553473,3.083982
-19.259731,-1.2928114,-1.9100817
-21.494394,1.6455228,0.31279486
15.253836,-0.5321466,13.1403675
-16.925772,1.5221597,0.46164483
-19.297407,3.4546487,5.007423
-15.023258,-0.7137442,0.5260704
-0.974098,-5.178891,-8.506174
-25.10983,4.68402,4.132514
-33.02535,4.0711074,4.327582
-9.936743,-6.0638824,-2.870842
-18.494362,-1.3612478,-0.1471919
-7.618568,-3.611737,-4.7797647
-5.6316204,-2.81303,-5.5408483
-11.402597,-1.3054321,-0.020380998
-14.04187,-4.918963,-0.65973336
-33.486122,6.8673863,7.574186
0.3827497,-5.650799,-10.153366
-13.674535,-3.5366354,-1.3130687
-17.612385,2.164101,3.158796
-11.176116,-4.748089,-2.9511425
-4.541249,-5.8204517,-4.5230255
-31.19847,3.0162203,8.570813
-4.1212344,-6.8703027,-5.2349167
0.7787675,-3.8447332,-6.8812737
-15.565341,-0.82798064,2.7112134
-4.3861656,-6.6140223,-5.5037656
-12.724803,-2.9357305,1.9594082
-10.155154,-5.0554843,-3.038853
-6.629695,-5.706088,-4.630529
-19.159927,-1.137555,0.75700897
-18.642134,-3.7544053,2.2478034
2.0150158,-6.5409184,-11.017841
-31.579437,5.2902646,6.365905
-22.812456,0.22643791,4.7517014
-24.279232,3.2563195,2.7888372
-27.8924,4.4580045,4.405425
1.0294539,-4.071828,-5.7662783
-25.425364,4.0116835,5.1359067
-3.685592,-2.688971,-4.1934752
-5.2678947,-6.2106175,-5.117277
-32.71939,6.567477,7.2208095
-11.251548,-1.8274528,-1.5382446
-10.937362,-3.0913258,3.6956866
-17.87412,-2.3238664,2.875113
-15.52366,-0.6887411,2.6743002
5.150281,3.121742,9.029859
-10.909596,1.6865786,2.2406573
-20.249182,1.4168688,-1.2727958
-31.365784,6.4766326,4.029929
0.23685265,-5.34021,-10.590396
-26.703535,3.1523256,6.12795
-30.827623,2.938394,6.0906124
-15.969494,-1.8705877,-1.1159837
-24.281689,4.7946653,5.590828
-18.175304,-1.7443886,1.3555173
-11.586529,-3.7715027,1.3924459
-11.947689,-5.232815,-2.2316782
-13.979106,-3.5286665,-1.0079461
0.53877926,-5.619396,-9.859922
-10.904848,-2.2301295,-1.7453578
-34.798283,5.444135,8.615513
-0.92351717,-4.106958,-6.3572054
-20.666832,0.24291682,4.1157236
-17.275587,0.36479828,1.0507458
-14.63277,-4.772542,-1.5423975
-3.6258967,-5.275259,-5.8660045
-8.599861,-4.938619,-2.790778
-27.39662,4.2475266,7.243579
-17.33622,-2.680399,1.0865197
-11.455122,-1.0675651,-1.9110674
-8.766863,-2.033167,-4.916563
-19.985395,-1.2442007,-0.6286467
-13.624445,0.697593,0.5856696
-21.691366,1.5026178,2.0484536
5.654919,3.999523,-4.7462554
-13.896293,-0.55388033,0.741718
-8.40218,-6.2397704,-3.0314624
-21.702309,1.750781,0.22817414
-5.1220517,-2.1528766,-4.5590167
-13.517691,-4.533348,1.1334338
-14.246228,-3.3899975,-1.4384742
-15.782072,-1.3014501,-2.7838223
-17.300945,2.13238,5.145001
-21.420195,0.372504,4.5707984
-20.02515,-3.2277215,2.0519242
-13.152003,-3.3375463,-1.8984873
-11.472605,-6.8692327,0.9117032
29.861156,-3.3811913,0.58077866
-29.411783,2.5597312,4.5427947
-24.113016,4.4622765,2.0048146
-33.869667,6.2821727,4.1911287
-13.559319,-2.1302648,2.846547
-19.099213,-0.8342527,2.774679
-25.279184,5.792848,3.589701
-12.765234,7.562062,3.3615468
-3.951983,-4.302707,-4.0414376
-30.328535,2.527702,4.5904474
-10.997695,-4.6076026,-1.1871544
-4.0369773,-2.950329,-4.911307
-17.205727,-3.5676162,1.7757921
-28.008919,3.9116697,4.458269
-22.733612,2.7020123,4.602906
-9.233311,-6.0871353,-2.549644
1.0208437,-5.394442,-10.98529
-23.148087,0.34010422,-2.4462929
-20.719099,0.3683621,4.442383
-9.730808,-4.4561625,-1.4369681
-4.430079,-7.0292497,-5.389489
-7.2509375,-3.271397,-5.2044625
-18.971764,-2.0973167,1.3132473
-23.08798,0.31091163,-2.4045782
-17.760748,0.009940462,0.56670433
-16.259464,-1.086699,0.8571591
-14.965967,-3.7677836,2.600687
-10.073093,-5.781738,-3.365927
-18.46539,-2.4043636,1.3525795
-14.5383215,-3.9837916,-0.6616845
-17.594316,2.0610332,3.1118963
-24.790657,4.045741,7.1080995
-7.2424436,-5.2095485,-4.3815837
1.7584704,-6.40698,-10.909313
-13.902889,-2.6692827,-0.39299795
-24.543139,4.779866,5.524259
-14.824934,-3.907771,-0.17876196
-12.396444,-5.322495,2.5418432
-21.96682,6.5071254,4.06329
1.4488577,-3.6252518,-7.4850492
-12.889219,-0.48359504,0.9324134
-25.462084,3.9728606,5.7244496
-33.047684,3.2385645,7.2151346
-12.232763,-5.4469514,2.207808
-23.147858,3.0328422,2.0573146
-24.391064,4.3056364,2.4849992
-20.120249,-0.27487344,0.12410146
-27.433275,3.646529,5.339121
-8.512447,-2.9740355,-5.3007517
-19.397293,-1.5519572,1.519433
-17.749454,-0.16771713,2.4955463
-13.719281,-2.2779875,2.984345
-8.735398,-5.081711,-2.7627652
29.645405,-4.128087,3.4747064
-14.448715,-4.814609,1.765737
-9.634764,-3.9145648,-4.1982574
-14.721733,-4.274125,0.3570248
-0.16079587,-5.660636,-9.537887
-33.22103,7.2071958,3.809232
-2.6484892,-2.2952025,-3.3510268
-17.812817,-0.55258006,3.8432913
-34.251293,2.9559624,5.5347257
5.795147,-4.088445,-6.287747
-15.3996105,-3.991456,2.3370876
-20.24023,-0.83240855,0.8992596
-14.113517,4.421656,0.13010594
-7.29245,-6.2886763,-4.4459453
-6.617538,-5.647886,-4.603581
-27.809536,3.6774745,5.2280054
-5.0992613,-4.6623573,-4.7093744
-12.395195,-5.7550945,-0.24987717
0.8021993,-5.7501893,-10.1805
-8.808641,-3.7940145,-4.806377
-3.3195755,1.2106838,-6.788986
-10.765031,-1.7415733,0.085192405
-24.655079,5.372306,5.724286
-15.288752,-1.7830588,-1.6276138
-4.507745,-4.542603,-4.2703567
-20.118431,1.0968164,5.449116
-23.619999,2.7534845,5.843435
-25.14997,1.4419804,5.1719527
-25.847786,4.346503,7.0921183
-1.001216,-5.0374026,-8.208353
-16.28269,1.9246922,-0.36944985
-28.83052,7.0421267,7.918253
-11.512054,-5.2695675,0.89573205
-13.366063,-2.1800063,2.9767427
-23.73722,4.081871,4.717368
-4.219819,-4.7129836,-4.4650326
-31.680891,4.184646,7.0924783
-5.484895,-4.8341203,-8.3975935
-8.70856,-2.8867826,-2.6155279
-17.88945,-1.2202874,1.7329898
-5.33571,-1.9414771,-1.3501954
-7.3688097,-6.2286825,-4.4720635
-20.034052,0.8718225,-5.2615542
-13.6980715,2.4426007,5.1787114
-4.6431627,-3.2493784,-4.450204
-11.655589,4.3515525,-2.2264984
-12.665874,-3.6105201,0.36215237
-33.95779,3.3848417,2.1797075
-21.561623,0.35981548,4.454733
-8.9045315,-2.900407,-4.538998
-22.94788,2.9146123,6.4622693
-25.472708,2.7168558,6.259504
-11.1527815,-5.4219503,-2.8347123
0.15953188,-3.4503217,-4.71161
-16.211273,-0.14569958,1.2474147
-31.648754,5.281016,3.6018968
14.106044,-0.22950362,14.508881
-24.140747,3.1604824,5.5621395
9.954268,-2.6923747,-10.419767
5.604881,-3.9729562,-6.6306257
-14.011108,-2.604307,-0.28107503
-19.21811,-1.8101877,2.2671115
-8.440178,-6.893731,-4.3344684
-13.542698,-1.9780284,2.9429286
-17.208069,-1.1195025,2.112568
3.915261,3.7563176,-5.3038225
-20.046888,0.13683055,2.9354866
-18.54171,-0.4976473,3.1028597
-11.953317,-0.5756497,0.631834
-23.289808,5.6978736,6.1780567
-11.402524,-0.16660206,0.354537
-17.966398,2.1799884,2.8853414
-12.44395,-3.9714642,1.9335076
-10.949752,5.7335215,-3.311567
-16.203024,3.85838,5.8811975
-16.217258,-4.8762217,3.0207436
-12.942731,-3.339232,-1.9580626
-24.014093,5.8734446,4.3437934
-11.285658,-5.0270734,0.38850725
-14.5371275,-1.4981428,-6.88041
1.5642136,-6.288071,-10.776126
-24.78244,2.769864,4.845212
-16.308067,-0.52524763,-1.5010431
-0.4069699,-4.0551124,-9.387733
-20.23431,-0.7714483,0.6579482
-16.680117,-1.5707887,-0.9508646
-14.7297125,-1.3109812,-0.48269188
0.30424088,-3.1125932,-7.0733476
-20.851934,0.36055166,1.0129418
-5.325267,-6.2205663,-5.135826
-27.28068,2.4345086,5.4982038
-8.354528,-6.6685696,-4.1325097
-14.780731,1.1060102,-3.6209733
-10.87226,-2.8665411,-1.8415427
-19.52421,-1.1935737,-1.4799398
-11.643515,-5.030866,-1.2571652
-18.372665,3.0906801,-0.83877
-14.675972,-1.3693808,-1.499437
-1.6067786,-2.2557187,-2.0735307
-14.633625,-6.5864615,1.5604237
-18.917711,-2.181748,1.3789822
-12.748673,-3.7409682,-2.2383184
0.9942067,-5.455479,-10.98015
-11.658125,-2.8942146,0.26177686
-8.641704,-4.5218887,-2.2786605
-8.078982,-1.7256418,-4.0025344
-11.403141,-4.755883,-0.38057926
-29.308466,4.241578,6.4437737
-23.882082,2.2692292,3.3461685
-21.07251,2.758899,4.621283
5.6714954,-4.7014775,7.4053335
3.0745406,-0.6228782,-6.9366493
7.596027,-4.0558167,8.378114
-36.452793,3.5579836,-1.8683399
-34.91146,2.5038784,-2.4856286
-24.2251,6.991668,5.385488
-8.651561,-3.9909766,9.985903
-3.3579702,-9.953095,7.68426
-15.22193,6.9852653,2.7155101
10.598669,-2.910908,-6.999155
-19.786354,-1.3499808,-1.2887621
5.411717,-3.6160438,9.116561
-30.079378,0.75179267,-3.7166812
-20.209925,3.999599,-4.518837
-9.943026,-9.893452,6.723953
-35.432735,3.802546,-2.3959274
18.328375,-0.019178692,4.546472
-20.172905,4.8560786,5.8121324
-6.145616,-6.8836064,-1.573284
-8.583756,-3.9272249,10.031876
-21.378647,7.733332,3.2903218
-14.143103,-2.115463,-6.2547526
-24.178139,6.744945,7.7488413
-32.51083,4.4300947,-1.8267611
5.497213,-7.986991,5.271735
8.29055,-5.156872,6.746073
-32.27169,2.5065246,-0.88793886
-19.587563,-4.7732086,-5.128554
-19.833683,2.263182,0.7104019
-25.039133,-0.5907177,-8.046627
-34.11882,3.9046257,-0.94717085
-3.8779242,-10.660161,7.567139
-14.504465,6.0589404,-0.4618305
-26.599741,6.818933,4.5440173
-33.807877,3.2885678,-0.40189508
9.3723345,-0.5517325,-5.7618856
-22.012434,-3.304707,-5.3828077
7.3128095,-3.976196,3.9022667
-18.288267,1.1061233,1.2571434
11.126074,-2.8983967,-8.024013
-30.240131,1.3213673,-5.426835
-19.625633,-3.3144321,3.5701249
0.6039935,-6.5557,8.952468
6.5111823,-4.6456647,8.3029785
-10.150398,-7.590396,6.7944446
-22.821571,-2.4472125,-6.4745812
-30.346178,-0.39697945,-6.17373
-15.55752,6.665752,0.8355406
-2.1551068,-8.398923,9.342265
-9.647222,-7.8190317,6.180441
-6.4163985,-3.388642,11.112808
-22.363373,3.044243,4.0530624
-19.074278,-4.470799,-5.231636
-10.682754,-9.230904,6.96203
-5.605276,-7.8373995,3.3491902
-30.686562,2.7417724,-1.6876801
-0.46491683,-7.3379264,7.1677346
-11.715385,-5.8380237,7.6694255
-16.617632,6.1003976,0.95241934
13.45694,-3.1454864,-4.409074
-6.2314005,-8.339499,7.8391113
-4.541471,-2.978131,5.390244
3.3134294,-9.697853,8.403316
-35.32221,1.9707731,-2.4168563
-6.6926746,-7.959562,6.5388885
-10.701215,-7.661821,4.722192
-18.352547,-4.0382786,-5.4465437
-22.899223,-2.280539,-6.319584
-32.752464,2.658832,0.19685839
-10.076503,-9.249432,4.790665
-3.5431106,-10.0259905,7.553295
12.110956,-1.0847619,-9.340306
-20.270748,-4.2639728,-3.8244133
-20.341505,-2.9778748,1.3136778
-17.351091,-0.4831124,-6.632932
-5.949805,-8.365182,2.1824446
19.931358,3.1641498,2.3450198
8.389472,-5.5659833,6.792733
-25.270031,7.779718,4.6764345
14.92684,-1.74612,-1.7307404
10.837212,-3.2361577,-7.754171
-18.230999,4.603398,1.3963089
-6.7879834,-3.6486697,11.072371
-33.062252,4.652745,-4.7804327
-33.52134,2.1600637,-3.766376
-19.862696,-3.4052176,-4.952094
6.2115088,-4.594409,8.865224
5.3200088,-7.296783,6.936966
-17.57668,-3.6161058,-4.167461
-35.227287,3.6914666,-0.87565887
3.4264553,-9.622915,8.451894
-18.736452,-2.933023,3.3803012
-26.090996,2.601431,-4.500408
-5.396742,-8.34685,4.7842407
-7.025184,-7.8836956,4.9773498
-35.3522,2.4040043,-2.4009607
-17.326504,6.709532,-0.49086103
-26.571012,8.047309,4.4069333
8.224497,-3.3019392,6.635868
-14.381906,-1.2486815,8.639127
-33.868443,3.047847,-1.0819644
-20.208952,-4.10951,-4.990931
-18.439152,-3.9631877,-5.292232
-3.3122683,-7.0506496,7.1396146
8.810308,-5.0267434,6.5872526
-33.38404,5.501166,-1.0586895
-12.835489,0.13486814,7.163555
-22.26777,3.9534035,4.0557036
-11.4790945,-8.719959,4.6605344
-33.360493,5.3982964,-1.8405306
5.8360205,-4.5562754,7.9925833
21.72534,4.004978,1.0017525
-3.892796,-8.024193,6.179934
-19.584604,4.7443347,3.6461222
-6.012014,-3.7263348,10.203979
0.6570038,-5.5280676,5.951058
-18.83769,2.5274167,0.84185094
7.4855576,-2.8759418,7.1023173
7.0168705,-3.0585139,7.3120546
-30.309088,2.6130989,-1.0340974
-15.093772,7.563533,1.54143
-32.803802,5.076038,-0.2804027
8.733249,-3.4230316,5.827445
-4.511793,-4.399551,-2.566652
-8.24997,-3.0702677,5.0152364
-14.294028,-5.623343,-5.367086
-35.062435,2.9028227,-1.7737466
0.6732098,-6.53273,8.7975025
-21.06832,-3.908048,-4.9626126
8.324061,-5.5307655,6.8480678
-19.356123,4.441663,4.185675
-35.43288,3.600903,-3.6562207
-17.687506,-3.9205606,-4.8729763
-2.282371,-6.9201913,5.605476
-4.833416,-7.7264757,-2.173707
-23.153852,4.6616797,6.4968634
6.020783,-7.07729,6.960733
-36.34105,3.346485,-1.6553364
5.289974,-4.4486856,9.086309
-6.865517,-6.627118,4.4852304
-1.485378,-8.343178,6.6960707
-13.318248,-2.262231,6.951721
15.904083,-2.1379812,8.329149
-21.646612,-4.075542,-4.773592
-21.063986,-4.5850363,-4.452866
7.3736897,-2.3308084,5.168339
-12.23929,0.4024539,7.8631124
-2.0869107,-8.817429,6.806109
-37.199566,2.2408922,-6.662864
-2.5202763,-9.342248,7.941766
-17.40526,6.415566,1.1344823
-17.755274,-4.0172524,-5.429781
-9.030018,-7.075936,5.1208725
-18.725317,-5.439873,-5.2741117
-5.0559826,-4.849167,10.023641
-15.485242,7.537379,-0.38488662
-2.8091938,-7.468456,9.177546
-4.3557305,-4.364859,3.0060349
-12.709204,2.6725118,-9.324494
-31.2165,4.209532,-0.55603784
-0.68761414,7.9577236,-3.247721
-15.459357,6.9194403,1.3202039
-29.320978,2.5214581,-0.84707177
7.3544655,-2.5380473,6.8718443
-31.890219,3.899729,-0.063682534
-17.127012,-3.6920547,-4.1182594
-14.327783,-5.5010657,-5.3708363
-21.282557,6.8969765,4.7685795
17.604364,0.58603823,-3.7327704
20.133484,3.319472,2.0849483
20.179193,-2.3299181,7.749682
-8.290097,-9.337793,3.2936566
-7.3010178,-4.568004,10.741976
-7.05243,-6.890877,7.40507
-30.287224,2.6305368,-0.73631316
-0.91419107,-2.4689925,9.214063
-21.03648,-4.7778287,-4.3591857
-32.86526,2.885429,-4.3105407
7.150731,0.4526765,7.6382694
-10.678429,-7.437355,5.3501663
-19.705532,-4.430782,-5.176553
6.880841,-7.6352158,6.0270033
-22.549828,-2.7125247,-6.4940886
-4.3179626,-6.6686997,-3.695922
-33.44803,3.2779038,-2.8893554
-24.262949,6.6554494,7.6536303
-2.2624092,-6.4733768,7.395719
-31.224888,4.697981,-0.8277453
5.956477,-4.9814143,9.021807
-5.6990447,-7.710122,6.3841095
-34.672867,3.0940511,-1.8873153
-20.760645,5.078025,1.1638323
-14.308232,-1.2906576,8.535692
-7.0187473,-8.017903,7.913666
-8.295129,-6.7104664,0.86688274
-7.4220557,-4.527895,10.512556
-0.44385,-6.9245553,6.728098
-4.80367,-4.2422395,3.2968206
20.706034,-1.710364,6.7752056
-9.846997,-9.318076,6.6484423
-9.021703,-2.995851,10.707076
-2.994789,-7.6359286,8.23969
-3.5853965,-5.998895,9.056067
-11.789732,-1.3165028,8.164412
-21.664991,2.3352146,-0.037850805
-8.767517,-6.4045196,4.9532313
-10.177195,-6.504033,5.5724125
18.001436,-1.2122396,-3.1496296
-35.763042,2.5985353,-7.6321096
5.155016,-5.739183,7.0286794
-20.013033,-4.1032295,-5.1733856
-2.0875738,-8.569002,6.4390097
-33.69512,5.784835,-2.4739273
-7.441154,-8.677118,4.5408754
-33.5422,5.151197,-1.3655223
-30.946154,4.318993,-0.6246796
-6.920432,-7.01357,7.4845204
-19.89634,-2.779096,-4.7205205
-11.254976,-7.967204,5.2379384
-20.80983,-3.2749693,-4.518111
-7.6497135,-4.4900217,4.7292347
-15.147308,7.007691,-0.51412195
-21.622576,-3.4511604,-5.137223
-24.13097,4.3299184,-3.8885326
-10.593019,-7.504327,4.984385
8.102867,-3.2934084,4.128483
5.796774,0.9307989,8.845818
-20.16717,-4.3167806,-4.0450106
-19.397701,-4.653581,-5.156442
-3.204587,-6.846746,7.544172
-20.913082,-3.9233258,-4.9681306
-19.679548,-4.222311,-5.033225
-12.394071,-3.763095,-5.0733557
5.778315,-7.469538,6.875979
-19.203472,1.222006,-1.0677099
-5.165289,-7.334899,2.9743657
-19.695986,-3.7974205,-5.028502
-23.918533,4.338373,1.5389999
5.9630156,-3.7875545,9.229145
-21.525238,6.606945,4.5730915
-20.95658,-1.4446046,-1.698956
-20.739132,-3.6829598,-5.140417
5.709687,-7.299951,6.8920083
-21.86695,0.50486046,-0.36920598
-17.717001,2.021405,4.9375257
-1.983875,-8.997767,7.3994794
9.413586,-5.595919,6.278619
0.99086046,-7.0637355,6.9832807
-4.3500714,-7.4402003,-2.7794106
-17.308033,-3.4788446,-4.1789074
-21.501696,7.664033,3.3074462
-22.726444,1.5630181,-7.904448
-6.6132545,-3.551359,11.02708
-7.660058,-4.2575397,4.0450153
-22.545786,-2.7184994,-6.5524526
4.8470755,-4.7570834,7.2603517
-34.938854,2.0108202,-1.3839535
13.298385,-2.6673062,9.749366
-27.131561,3.1629672,0.42449063
0.26159048,-6.5848694,7.2916102
-31.540066,5.250621,-1.7526811
20.359451,-2.4032397,7.9540224
-9.083043,-6.641912,3.5932667
-3.5702114,-10.087782,7.581953
-31.95996,4.883769,-0.7564285
-4.93254,-8.729235,7.7063375
-19.532356,-3.8275728,3.9611866
-32.5844,4.354506,-1.3230685
19.401392,-2.473963,8.221386
-10.4192,-4.8692155,-0.55500495
-16.285961,5.0962825,0.94826734
-12.769739,-2.6784387,7.080616
-20.083181,-3.2251992,2.1095247
-11.1813135,2.872534,7.5459757
-11.294899,-8.078305,5.1391425
8.725912,-4.9280763,6.600555
4.9389753,-0.24959865,-6.497317
-34.104553,1.4589909,-4.0021815
-12.051159,-7.8784375,5.0162706
-4.782081,-9.164018,7.6133614
-1.5064187,-7.2019973,4.295324
16.989756,-1.599366,-1.9118402
5.6314974,-4.990121,7.2779284
7.883549,-4.3129063,1.5706547
-9.849981,-7.522897,6.084144
-13.889246,-2.0129237,-2.016525
19.94835,-2.188468,7.642298
-2.4431736,-9.470967,7.684643
-8.032527,-9.123948,3.839787
-17.871407,6.8678074,1.4444668
8.671911,-8.593442,1.2557625
-4.5379877,-7.696811,6.435515
10.539041,-7.1406236,4.9111176
-17.143532,6.8396654,-0.5350331
-4.092011,-9.193541,7.274927
8.216944,-1.9174179,8.004787
5.301118,-4.832946,7.290329
11.238449,-0.82452923,-0.507302
-10.380254,-7.409119,6.6868534
-35.64597,3.1337998,-3.266059
-18.538939,0.7779426,1.4379281
-7.0217137,-7.363815,0.73341656
-0.18855664,-0.6625797,-6.838683
-6.7781672,-7.1486797,5.8261766
-10.748731,-9.323334,6.879119
-9.080492,-2.931822,10.702708
3.1155243,1.2490332,9.525783
-34.561493,4.164707,-4.400803
8.495076,-3.2941706,7.873107
-4.3146167,-8.23094,5.8506246
-17.541954,-3.7222867,-4.3615594
-11.9408865,-3.940632,-2.686831
-12.816442,2.2829742,-8.838163
-11.222639,-6.99194,3.9197147
8.880828,-3.0746408,6.6001506
-20.635904,7.265066,2.7981775
15.833125,-4.263391,1.9072595
20.399109,-2.000774,7.0405893
-4.988674,-8.891797,7.669444
-15.286574,1.9630677,-1.3469545
25.140926,4.211966,8.315512
-19.46341,-3.684882,4.0217314
-22.674984,3.7809386,4.092918
-24.037539,4.3664856,-4.266617
-5.409164,-7.10556,6.5623584
-6.524829,-7.730042,7.1694508
-17.472843,6.579677,-0.4673613
-30.271456,2.576268,-1.2612094
-8.178774,-8.983025,3.4337087
-25.693031,3.8437083,0.76973385
-22.350266,3.972841,3.8618217
-15.083348,7.4914236,1.4631518
-18.96052,1.4535487,-4.7538176
-8.815215,-8.632756,4.588725
-19.091534,-3.4736266,-4.7642794
10.396366,-6.5770483,5.392209
-3.2884185,0.30152044,-6.3380957
-0.069446154,-9.499158,6.3840775
-24.382753,7.329507,5.820908
8.717334,-5.203761,6.615679
-23.146242,-2.2239406,-6.332972
-14.22926,5.1247993,-3.3591802
-20.713303,2.3472178,0.75200266
-36.687275,2.2463512,-7.7994385
-30.475351,2.7930748,-1.7146243
-18.742466,-1.3651272,-6.647187
4.0532675,-4.202485,4.7084584
-2.913367,-8.396984,8.453256
1.0509958,-5.5577846,5.7953134
-33.28938,3.703251,-4.147397
-19.018173,6.580999,-1.6378587
-12.680967,0.20176026,7.838258
-11.642068,-5.8333263,7.701988
-7.6016483,-3.5316596,3.6204035
19.79851,2.5840297,0.67030066
-34.97855,4.4091077,-3.6259265
7.988082,-8.545532,2.2568045
-18.753027,-1.5548009,3.1568365
-0.4193469,-7.356655,7.182181
-5.691472,-0.83888155,-3.7951558
-0.72264344,7.9996266,-3.2178328
-34.141773,3.39377,-5.2341847
4.9611335,-4.8844743,5.646301
-6.058274,-6.750724,6.3983526
-18.33727,0.12105049,-5.9525466
-35.2963,3.9213216,-2.2909715
-4.881912,-7.2577357,9.209034
-9.1345415,-3.0280309,-2.5064456
-18.23116,6.994989,-2.4905882
-35.291344,3.3735282,-2.6546214
-18.937717,2.0916464,-4.84243
-2.9430506,-8.201474,8.0254135
-17.388538,7.6448417,-3.1097903
-9.961437,-10.015306,6.8344636
-16.463709,1.0845944,7.922926
-24.2576,6.649185,7.608363
1.2235122,-7.7985396,6.9946523
12.357687,-2.8327038,4.7937474
-23.493948,-2.0031602,-6.189747
6.3661647,-7.2850795,6.3626814
-34.98775,0.031173645,-6.004637
2.9679124,1.2745525,9.445764
-21.06288,-4.7022333,-4.3578653
-15.0364065,7.6536784,1.5796174
-0.5059865,-7.3653126,7.1353145
-16.520231,4.21006,0.82893425
8.237219,-8.104071,7.7194037
-21.146759,-4.831827,-4.325233
-19.389343,-3.7450595,4.0264544
-2.9297094,-6.8847485,9.3882065
-8.687334,-5.501968,7.246186
18.851564,-2.3124642,8.66677
-0.4351112,-2.4892504,9.4357
0.28698793,-6.7179546,7.2231293
-3.8682213,-10.428383,7.5780644
-17.235468,4.690008,1.8254311
-8.696586,-2.848144,-3.2863498
-2.6227884,-7.2077503,9.454069
12.620342,-3.721227,4.6964054
-6.182968,-3.7349646,9.879874
3.4114785,-9.647537,8.460865
-34.761578,4.344226,0.20878498
-8.242151,-2.8523548,4.9891906
-0.70984197,-7.6608663,8.843751
5.99424,-4.723112,8.843149
-14.909271,-0.18940423,-1.0761287
5.4695625,-3.5436451,9.233224
-5.929461,-4.4276767,10.480979
-21.313658,-4.3505106,-4.517555
-3.7369,-10.251334,7.562874
8.920746,-1.6387188,-4.8282504
-2.487225,-7.6528244,7.970005
12.899043,-1.666313,-6.5617175
-3.2941177,-6.754386,7.0235305
6.4620833,-6.9576426,6.931288
-36.454933,2.777416,-1.6118263
19.87356,-3.2255015,6.346152
3.3942363,-9.668937,8.462618
-3.6579359,-10.392605,7.595609
-2.6607718,-8.680424,6.6431723
-7.324074,-8.64302,4.4566875
-16.347479,5.3103385,1.2369671
-19.98421,-3.5357356,-5.0341353
6.6162434,-4.904973,7.805702
-8.088027,-6.1912146,-2.5980892
0.9813602,-7.602461,6.933654
-17.420073,6.6688337,1.3524705
-2.5435808,-7.377203,5.361182
-1.7979796,-8.595926,6.8699875
-6.0703206,-7.3475266,6.001669
5.397317,-7.408692,5.1986914
-8.487767,-3.7493923,-2.5242457
-28.637691,1.9231054,-7.264244
-18.196476,4.662732,1.1550984
-35.9782,2.5567975,-1.4496676
-35.90782,2.5427778,-1.0963448
-18.241188,-6.6324525,-5.454272
-16.228062,5.0159616,0.8895863
-7.448406,-7.4208956,0.6491905
-11.237549,-7.4764013,5.618454
7.6897874,-1.0005106,-7.2107215
-9.133934,-9.728065,6.7002273
-3.3131866,-9.463551,7.585489
-15.328701,2.2481744,5.6865983
8.567481,-3.5848908,6.4451537
-19.190825,-5.033614,-5.191919
-12.682141,1.6160618,3.86406
-33.316456,5.3165183,-1.3273064
-32.72707,4.16321,-1.3603429
-17.918623,6.9201627,1.4553268
-1.8262398,4.376926,-4.8594766
12.695772,-0.6918989,-9.071706
8.406197,-8.534258,0.5916501
1.5628897,-3.032925,-8.2507
-20.708458,0.75212383,-1.0944732
6.3666162,-5.7266436,5.7489357
-8.1078005,-6.0936975,-2.502094
-17.51695,-6.5634108,-5.192637
-16.437973,5.2797503,1.0253403
8.347135,-3.9491732,2.2389598
-7.5995617,-3.5776436,3.5804873
7.7486343,-3.5126162,7.2731705
-8.309268,-8.989837,3.2400186
-33.448013,3.6814206,0.6948359
-5.8913374,-7.7098846,2.942681
-11.855538,-0.061027184,7.837834
-34.17908,4.610421,-0.983287
-35.671024,2.2137752,-1.8153133
-35.90817,2.1397355,-2.136942
-30.904129,2.5633862,-1.5504396
-35.637856,3.019792,-1.2422893
-6.116244,-7.688408,6.262475
8.288425,-2.181737,7.8653955
-19.735134,-4.224636,2.9867127
-31.37788,2.5904484,-1.0900037
19.039688,2.8246331,4.689467
-18.913406,-3.6341352,4.073113
-20.230536,-0.88318,-2.770041
-15.37208,7.3784623,-0.381449
-19.41596,-0.70449936,-7.2050624
-33.874634,3.0658107,-1.3463739
-3.0419734,-5.8869524,-4.1157384
19.73147,-2.6190157,7.270069
-16.390654,5.183127,1.0883917
-3.4752626,-6.9961367,6.667227
-34.544113,3.273926,-0.5865147
-19.330372,2.8255877,0.79541415
0.61205965,-7.2425528,6.9792223
8.15654,-5.8668633,2.5804274
25.485458,4.202798,8.163423
5.7598033,-7.078722,6.9715424
-18.97176,-3.7593112,4.2064447
-6.3007884,-4.3640594,10.923047
-10.764292,3.25594,6.7185993
-12.025155,-5.7284102,4.886331
-12.140481,0.24727847,7.866972
-10.667309,-9.034912,7.0735245
-10.33577,-1.9373885,9.24705
-20.263302,5.057709,5.791499
7.7696037,-5.247147,7.3154697
-0.5116964,-4.780638,9.403557
-13.738325,4.050307,7.1954803
6.5888553,-9.703009,3.2308204
-20.564106,4.334333,2.4260745
10.718431,-0.55835414,-5.283452
9.408459,-0.6642321,10.243144
7.1228848,-4.538989,3.7014637
15.1151,3.2434945,12.359001
-7.5875015,-4.647301,4.986133
-15.021586,3.6219888,0.691769
-8.151072,-1.7178637,3.1532488
1.4708167,-6.7834725,9.240447
8.735752,-7.937296,-0.3662447
-12.659663,5.3692346,7.3805757
-0.012961412,-5.879773,9.579227
-31.655708,4.8728395,-0.3764921
-8.494168,-5.729655,7.9181223
-29.478422,3.9759932,8.172697
3.040626,-4.374455,10.550928
-23.574188,2.3076625,-4.393446
-13.510122,3.601839,-0.061319735
-1.6663961,-6.356159,9.139991
-14.038646,-5.5360093,5.6881943
12.03369,-4.0793996,5.4533887
7.8947043,-0.8925429,10.167552
-14.126444,3.7464492,6.9284678
-33.331493,6.966417,4.373583
-7.1491437,-7.9263864,6.204247
-0.37009746,-5.587831,9.598097
-8.956761,-6.4036226,6.9702935
-21.3471,2.9229774,-3.6579475
-6.9477577,2.538119,7.3920226
-19.442747,0.3267359,-5.916185
8.437807,-2.4622414,13.518812
-15.3206005,2.1911123,-4.696079
-37.420723,3.3715713,-7.1974087
0.6713292,-8.151509,3.9250376
-16.012363,2.835292,-3.2724185
-34.552856,3.4729624,-3.0154479
-3.6573346,-5.3304896,9.63886
0.46574625,-5.0380964,8.878165
-8.864278,-5.559521,7.0242624
11.249357,3.8469276,-4.331617
-1.0286144,-4.86375,8.953059
-30.385668,4.8506494,1.1109446
-8.723991,5.40763,3.7072778
-1.5503976,-4.5573487,10.371295
13.94163,-1.6206584,9.976921
-16.965157,8.375903,-2.6500833
-14.91008,6.1770053,-0.6109848
-0.6646057,-9.13342,8.611089
10.703632,-6.192735,2.4996622
-3.6122293,-6.022558,5.006978
-5.187974,-4.4326644,0.6577218
-1.4607468,-6.1637645,10.938822
-7.8890696,-4.1756725,6.9935236
11.069832,4.312804,-2.4283626
-5.1822495,-2.9480515,7.485924
-15.229259,5.3879585,-0.9240527
-27.812815,4.208012,9.040746
-5.4796824,-3.0200014,2.952911
11.906165,-9.151877,-5.936062
-15.26113,1.7870752,2.279042
-0.8826732,-9.46652,8.850107
-27.098045,3.1854992,0.50875527
-17.591774,8.435291,6.7049117
-20.673435,2.7027884,-3.2905283
-8.1249695,-1.7670808,2.9831026
-11.53565,-0.28580067,-1.3598106
-6.950323,-6.853441,4.8663754
-29.100388,2.3749344,7.9757967
-11.395601,0.42899466,-3.2818651
1.1332492,-6.657546,1.4613768
-29.579586,4.9849014,7.2915373
3.106132,-1.7959805,11.755147
-9.316982,-6.824741,1.4899274
-34.562767,3.4116695,-1.512759
-9.54817,1.8814647,6.5701866
-33.622826,2.5516226,-0.63298905
-21.015606,5.6149163,7.9845166
-8.007404,-1.9726512,3.055078
-7.461393,2.3179467,5.0813646
1.3670194,4.396771,-4.6260047
14.388064,1.6202543,11.25123
-12.48106,2.8514698,-9.316507
-15.725283,1.1511164,-5.2011724
-31.937214,4.0308595,0.05584914
7.9899592,-0.85846287,10.150973
-4.646086,-3.1419559,5.302321
-16.893513,6.6074567,5.380639
-8.702197,-6.247393,6.7192016
-10.788142,2.9321291,6.1466374
-3.0799036,-4.1639023,3.4798481
-19.768173,7.1988573,5.046648
-9.631061,-6.8781276,1.4643023
-37.087814,1.9402896,-5.084471
-9.18578,-3.742611,8.188585
-23.134216,-1.0911354,-5.767813
-13.369176,6.1125345,-0.7075665
-24.1373,2.2298803,-4.302709
-10.6884,5.387078,1.3463761
13.731156,2.182362,12.552436
0.65237486,-6.17401,9.815397
-10.310901,-0.9576761,-2.346953
-20.45607,4.719687,1.3213459
8.459264,-10.114714,-0.32556093
-16.719498,4.220406,4.0908365
12.001118,-0.73922133,11.771866
-8.1012745,-4.038106,8.936735
-20.913599,2.9503999,-3.5311234
-6.333261,-8.251197,2.5750928
-15.616819,0.6084522,-4.3051586
-4.554423,-4.110993,2.9481812
2.3702724,-5.1867805,6.4959917
-36.531105,3.605657,-2.5630054
-1.7042447,-3.9231975,9.058003
-24.846628,4.057845,7.5148773
-5.084626,-5.4890113,9.752688
-13.000298,5.2163796,7.5150414
-17.249098,4.712601,1.8437641
-30.010212,3.9225855,9.331807
-8.181899,2.3978777,5.6839952
-21.009027,2.8641882,3.7987454
-7.4543266,-7.169731,4.38483
1.1804551,-8.481771,4.007874
-8.959368,-6.3684874,7.05683
12.498365,4.0344996,-4.379413
-5.6093683,-8.187299,1.9928303
-20.504726,4.4577312,1.2602444
-21.836327,4.651525,0.51905984
-20.516624,2.1099577,-3.4679754
15.493948,-0.38052803,1.1610681
-8.244178,-7.7233243,6.140824
-22.930708,6.832694,-3.905025
0.51021445,-4.1995096,6.8187027
-14.171359,4.3237276,0.109263554
-17.821007,6.571435,3.4151032
-14.664631,1.3470458,-0.8331878
-15.894432,0.28431487,1.0013138
-17.356613,2.8088017,4.026476
-6.218264,-5.7305818,6.443766
-5.890101,-8.491967,8.831823
-22.288828,2.630935,-3.7678525
-6.1524434,-5.534225,6.1534743
-12.883168,5.408504,7.3679748
-7.8275833,-3.6306376,0.55417705
11.340208,-1.574885,11.04286
-14.065044,-5.557026,5.667918
2.2857358,-6.7309456,3.3963869
-1.4053293,-6.2079277,10.937711
-23.744152,5.008483,-3.8072803
-2.5906067,-6.600459,-0.99466825
7.1624374,-1.6857107,8.603887
-4.7870603,-3.106343,2.5317047
-8.500411,-8.707605,5.8116837
-19.01234,1.3528447,1.2582077
10.206178,-0.9224969,9.96181
3.6718056,-0.13804254,-5.173665
-5.577065,-9.324046,2.7183838
-9.80558,-0.97844195,-2.1694376
-9.764946,-7.3471007,6.557352
-24.044853,5.992959,2.720071
-9.183623,-3.0034103,-2.41544
15.106238,3.2034676,12.383957
-31.1962,4.7274594,0.5266638
-3.7871046,-8.9851465,5.0450397
-3.2734072,-7.172361,8.887786
6.7420115,-4.844173,9.219768
-8.532358,-8.136461,6.588212
5.2131405,-5.092849,9.430448
0.0423288,-3.2985537,6.365366
-8.287538,-7.256324,7.790707
-36.212086,4.8642845,-6.268406
0.11500783,-7.085999,0.5441127
12.161525,-0.74268323,11.401143
-22.323767,5.7147923,-3.8106685
-3.535123,-5.2891073,1.3035084
-6.514335,-0.49770457,7.7581196
0.3910874,-5.5087643,5.59627
-15.08389,-5.9417076,4.2421575
-21.140104,2.8973424,3.8709037
-34.83481,3.8141596,-5.4191484
-34.848328,4.3876524,-3.3555045
-4.4261127,0.6282103,-4.64505
-19.481369,2.2588086,0.7211846
14.202604,-0.6096611,8.14626
13.72205,-1.8556477,10.212137
-32.468853,4.7189393,-1.6204476
-8.802904,-3.963985,4.3450465
-11.404383,-3.1956794,6.870216
-24.01989,3.476018,-4.595026
-5.097162,-2.9565582,2.5243561
-9.544894,-6.1444488,4.9366145
7.2045302,-5.4840674,7.042695
-7.4888945,-8.293537,7.5535183
0.7198011,-6.505674,-5.7162514
-9.390747,-6.837747,1.5071934
-33.457386,3.379409,0.5089767
-26.089682,5.0218368,6.246349
8.10553,-0.19347823,10.848255
-26.662657,8.214998,4.2799463
-27.53772,3.58966,-6.213549
-4.642894,-7.339223,9.039448
-4.2331963,-5.2490253,9.759878
-5.4824743,-4.390715,5.835899
-12.210791,2.961572,6.1564274
-10.42858,-6.738266,8.667529
-7.7714553,3.5471857,6.4816403
5.095308,-3.3982239,9.596917
-13.345591,3.276871,-0.54017586
-16.714142,1.1893883,7.872921
-9.918753,1.765114,1.0285639
-10.471083,-6.734383,8.680881
11.267481,-1.8528965,11.223531
-0.33631006,-7.0619717,8.259638
-32.8117,4.0142035,8.556913
-13.898262,-5.8866906,5.9290333
-33.065594,3.7488263,-1.6999884
-0.5705922,-7.2740903,8.475855
15.628652,2.8076608,1.6941055
-1.437347,-4.618352,9.977468
-3.860579,-5.6803017,9.530044
13.574065,2.0435522,12.547114
7.3654933,1.7209666,9.901995
-20.72386,1.9370648,3.2618444
-30.610884,4.9098973,0.97098154
9.5422945,-0.44221133,9.69109
3.9946342,-5.0402417,6.9516993
-6.2624435,-9.107034,-0.5908849
0.3614122,-6.159487,6.5201907
-7.4174895,-6.7025843,4.107915
-5.0620933,-7.382379,9.051666
-8.5147085,-2.49142,2.1002445
-5.508294,-5.002464,3.192971
-6.1169825,-4.9343095,2.0438347
-19.67751,1.8424653,-3.851733
-12.92693,-0.023645949,5.366503
-8.035543,-3.9207811,3.0210948
2.3154829,-5.0947223,6.6170483
15.644389,2.5883179,1.7443038
-1.8112894,-2.5619655,1.7355216
-11.940918,5.1896772,1.6183275
3.7351766,-3.6014001,10.367716
-4.084781,-6.30572,0.05215114
4.0848384,-7.1052713,5.24981
-8.04119,-2.755743,2.924628
-0.31951484,-3.8741326,9.686853
-10.643292,-6.5475383,8.697562
-2.7150664,-4.8378363,7.543511
6.9658446,-5.3172474,4.5039077
-31.943804,3.6104934,-2.622517
-20.630682,4.742317,2.3159947
11.874438,2.5226965,-3.262096
7.287327,-4.054338,8.957396
-7.831305,-3.6258683,0.57022524
2.9871223,0.61986697,6.6996193
10.586597,4.2234826,-5.6433945
-6.3959394,-2.7864501,2.6630647
-1.3474699,-8.15677,10.773109
-11.862739,-1.5330521,6.662767
-4.6093974,0.6646415,7.5274177
-22.70295,3.7971342,-6.8282523
-24.789495,2.9670482,0.21412687
2.7845302,-9.484826,-3.6098769
-16.548733,1.4476756,7.615594
-35.557583,3.737871,-3.698513
-1.6676936,-4.6054983,8.338254
-13.828588,-1.0918248,7.797025
13.90249,2.131917,12.566818
-17.078629,1.6252798,-0.71375114
-8.387493,-5.940102,7.560468
-20.752584,2.3652737,0.7725114
-14.5618925,2.810928,-0.4795237
-7.6759243,3.4342012,6.3788238
-24.1448,3.288928,0.43158698
6.4708815,-5.3969584,3.8959148
1.4264083,-6.2079487,9.608007
-3.6017172,-6.609355,4.6205363
-16.12712,0.49037626,2.0085142
9.846728,-9.383839,3.7749355
-7.733115,-4.463369,10.298169
-23.099125,5.8007503,7.8369117
-24.117708,6.693244,5.316542
14.199569,-0.61813176,8.11741
-18.62683,5.1831617,2.0305018
-9.00961,-4.6819053,5.1128435
-11.677004,1.2441736,9.570641
-9.065115,-6.7226076,1.3309498
-11.168871,1.3811401,9.25297
0.37480307,-5.455642,5.567281
-7.127215,-6.597281,5.9557285
4.253515,-10.94104,5.5898433
-9.7676,2.2978897,6.9579935
-4.497427,-4.0001903,-2.0927727
-8.841992,-5.7591395,2.8232014
-7.7986484,-4.6352158,4.763701
-32.416798,5.450634,8.181101
9.005239,-0.63931495,9.69672
-32.69668,2.531812,-0.4823884
-17.705826,4.36743,2.0049772
-32.495792,3.1859283,-2.8142447
-8.415093,-7.935664,6.699332
-8.407995,4.0056944,-5.3878765
-7.78195,-7.524888,5.899908
2.5002863,-4.0622287,7.998034
-8.564314,-5.655011,7.85542
-2.4139695,-5.1254134,9.4023905
10.179021,-8.944086,3.8774066
-32.53346,3.1844707,5.525365
-12.632449,1.5523856,6.8750405
-8.810645,0.44203907,0.93851215
-7.6398177,4.6295996,2.623517
6.1144586,-5.0889435,3.5591967
-8.315565,-7.653309,6.094278
-4.7612853,-3.7486196,-2.4464421
-9.441674,3.6995974,5.0541544
-8.552892,-7.6688714,2.9752138
24.117352,5.564653,6.1153536
-1.8712959,-4.4160585,8.218494
-29.23393,4.7269044,7.3670816
-5.507463,-3.7948203,3.0434918
-10.493597,-3.8245926,2.0988357
-2.55301,-5.0839434,9.35434
-17.504427,6.1923933,8.341052
-2.0837753,-2.514744,7.717341
-9.167784,-4.492951,5.2158465
-6.129848,-2.823835,2.6788168
-1.6736373,-4.429311,8.41583
-10.933107,-5.5829754,2.5559304
-30.109789,0.10086957,-3.3622727
-3.0132854,-6.653509,8.77978
-14.354465,3.652504,2.887491
4.0579386,-3.892378,4.692467
-4.239972,3.9214265,-3.799404
-16.840487,3.869312,1.2983836
-13.660738,-1.5468647,7.806155
-11.030479,0.099019036,-2.5061958
-5.7952247,-6.7024617,7.6995797
-33.44741,4.6650095,8.497404
-12.304096,5.249457,1.4877276
6.497318,-5.4479327,3.8746262
-10.088743,2.2368832,6.982888
-9.294528,2.8058891,5.7686963
6.1913476,-1.8769281,0.7816655
-14.442643,8.775419,0.93248826
-15.43959,0.2306932,6.7875867
-12.342205,2.930551,6.13692
-32.86076,7.0320854,5.972977
7.0484653,-3.3268545,7.1159973
6.7689433,-4.610651,8.82302
-0.5512265,8.074924,-3.2390108
0.37459213,-6.30702,10.057414
-15.658638,-0.6814556,-6.033483
-8.262811,-1.2585874,1.6747315
-8.57032,-2.3730166,1.7245959
-4.9095693,-1.8802266,5.8474736
12.497562,-0.29357532,12.379636
-16.40938,6.0975986,6.1517787
0.621422,-5.5248036,5.531212
1.4622977,-6.0774345,10.1855545
-16.791246,3.2945478,1.521091
-9.402401,-7.723619,5.7679543
-1.1689166,-10.536741,-1.391709
-0.84992886,-4.7643237,9.158727
-1.5930698,-6.158429,6.977232
12.414209,-2.3438025,0.30359504
7.086126,-4.13665,9.232548
-7.067653,-4.310098,8.663711
14.367844,2.6087737,12.489878
-7.4178004,-5.201078,0.58458
-1.9180752,-8.404996,6.9113107
-3.8658745,-0.037240777,-4.5523887
-32.35556,3.7021272,2.8096907
2.0243423,-6.088913,10.3794155
14.231599,0.3081176,-1.5313988
-18.289705,4.367305,1.4793603
15.979731,2.9219615,0.47957805
-30.107035,0.4452853,-3.729632
1.1372267,-5.924807,9.422693
-5.9609485,-6.7089167,7.3969936
13.878906,-2.6665914,5.504635
-16.580227,1.255096,-2.628818
-0.80956167,-6.8492875,-6.880925
-8.869687,-6.091695,4.93814
0.015723195,-4.9726105,9.644393
-15.195884,1.6468791,2.5045676
-26.888489,4.7309914,-8.251375
3.2533023,-6.5116487,4.401462
-14.914123,3.9598172,-3.0273063
-6.0108747,-5.542985,1.8143364
-2.9499068,-8.023115,-1.4531525
-6.1543245,-2.7992609,2.6334314
-7.56718,-4.7970104,11.218231
18.82365,-7.676785,1.8635737
-19.557348,3.6855416,3.0977676
-6.4250097,-1.810008,7.095114
-8.537379,-3.2669747,-1.4597489
15.042171,3.1843061,12.370007
11.556519,-1.1510177,11.34296
8.699957,-8.300385,6.0070257
3.5655487,-5.286505,7.316502
-31.22133,4.818173,0.4181029
-31.245321,4.3055835,0.8963092
-0.6301622,-8.81556,8.508999
2.3747034,-8.470457,3.9878345
-11.949027,-1.8140734,6.6811714
-1.5624101,-6.40881,9.085278
-14.993708,3.513924,0.9946001
-16.086618,5.611556,-3.0945766
-19.64257,4.0857644,2.723025
-0.9433197,7.4419484,-3.3452888
-4.7728653,-2.2023468,9.309178
-8.788817,-7.1934757,7.8857303
-7.1727962,2.8625507,6.6067333
-7.571399,-6.4189653,9.167521
-14.046331,-5.474531,5.6187463
-16.50975,1.4758735,7.6534534
6.7454004,-4.9635844,3.68401
10.663984,-2.4396708,0.63185054
-8.110148,-0.7884412,-1.819088
-2.7810104,-5.358975,9.849798
-7.83084,-8.279157,7.017957
0.08684715,-5.1191044,5.0780168
-9.975103,1.2431437,-0.40998054
-1.6094755,-8.063644,10.195404
-33.37859,5.585084,-0.5883003
11.87024,2.3643353,-2.9990962
-19.307364,3.6064765,3.1513982
-4.453619,-7.4783373,9.431958
-21.049843,2.9563043,3.8122396
-1.7282624,2.7968085,-1.873893
4.3804426,-3.7814214,9.83795
-29.129148,2.5907261,-0.8198372
-4.667961,-3.9892929,2.983389
-21.086023,3.0159545,-3.479642
-9.432352,0.8430754,-0.36226735
-17.064941,-1.0303991,6.598625
-32.247887,4.078978,0.10797618
-7.612197,3.3590357,6.451333
-12.902579,3.3063824,-0.6779135
-2.331492,-5.2184653,10.005414
21.793318,6.893749,-1.5578266
-33.04055,5.1131754,-4.7975807
-6.173378,-8.649701,8.920299
-24.037241,4.2871203,-4.2350707
-35.30673,1.9367394,-2.4770331
-29.976343,2.9481308,8.370108
-1.6496286,-6.2469516,6.914854
-14.413941,2.0366216,-1.1359593
-10.254289,-6.7870994,6.9482293
-5.9536037,-3.0819378,2.4496508
-24.42845,7.8757954,2.698376
5.171675,-5.915263,4.391202
6.6481876,-4.951107,9.413707
-8.63353,-7.9466624,7.2948895
6.9669466,-1.430536,9.080029
-8.501234,-8.13572,6.683332
-32.96873,3.3260286,4.9907007
13.083831,-0.30708525,12.819535
-19.246693,2.5906677,0.7740324
-6.7939844,-5.8147216,6.9305253
-5.790469,-8.8771715,3.256443
-4.256541,-7.506302,7.03745
-1.3355103,-3.0107179,8.923339
11.664005,-1.1520731,11.318754
-15.496319,1.9619013,6.5394287
-22.435364,7.000022,0.9226779
-34.59931,3.6115012,-1.0794462
-11.638108,1.2480432,9.553791
-34.10024,5.7873855,4.2100453
-9.579242,-1.9196012,-1.3059961
9.613562,-0.47538367,9.745575
-1.7065107,-6.837092,10.62745
-33.037434,3.2632248,-0.9804927
-3.74122,2.6531997,5.186154
3.1024396,-1.8227332,11.745833
-16.37185,2.5240047,2.1532743
-5.1537285,1.3144937,-5.5866046
-8.962629,-2.705038,6.4158735
11.305469,-1.976418,10.994155
-19.817518,4.7660418,4.495617
-22.45681,6.2011347,0.37976158
-3.149506,-8.050565,-1.1715688
-7.1789737,-6.783018,6.03137
-4.8735886,-4.596196,0.7140524
-7.8042555,-6.9890695,6.270785
-10.263207,2.883821,6.342436
13.226089,1.4547004,0.47992796
1.155844,-6.6380286,9.308248
-23.09963,-1.7947344,-5.98401
-12.636028,2.056699,-0.9865305
-8.209867,-2.4474082,2.6299355
-32.755142,5.233826,-1.2850747
0.5902192,-5.439481,5.7157893
-5.385798,-3.8816342,3.0370333
-32.735924,4.8894367,-4.442974
-7.1402926,2.666207,6.695986
17.334112,0.17063087,2.3311706
1.3444115,-6.6721144,9.302981
-29.719564,-0.00021354514,-6.472434
8.621054,-8.330194,4.251784
10.246521,9.421215,-14.336364
-8.028483,7.302768,-6.858689
-7.6320395,7.9354134,-7.3856945
10.776877,-5.2271256,2.3389196
1.6887226,-0.12625673,-12.392224
-19.788498,9.000893,2.8815732
6.857821,7.2602525,-10.458783
-5.76065,5.170488,-7.733719
6.9458885,7.755014,-13.45952
8.846612,8.846342,-13.04852
-4.3626733,5.760243,-7.4816794
-1.3079314,4.884331,-10.234995
-19.596785,9.782695,2.715251
1.4573113,-0.1718687,-12.328366
-7.3519716,6.3422136,-5.992084
-6.279436,6.571793,-7.7768207
15.669164,-5.676513,3.6347387
3.5324097,2.4153202,-12.887896
-0.44648707,4.748245,-11.189839
9.738061,9.192333,-14.127269
-27.67922,3.570682,7.010148
-0.4235612,-0.3473128,-6.288997
11.121642,-6.213916,3.2532167
1.1026554,5.610113,-10.380999
12.3762245,-5.540261,3.5999548
-30.395298,2.6766813,5.929262
6.106051,-7.090699,3.736454
5.551781,6.885818,-11.406481
6.2449775,-6.2620397,3.6984396
-23.744963,4.1570954,-0.44224194
15.466191,-5.9172635,3.9593112
-14.378347,-3.6805356,3.9773748
6.5224867,-8.284914,3.3090055
-8.464195,0.13962741,1.027245
4.1311193,-10.359996,5.552386
-6.0023627,6.1525607,-6.172352
10.44648,-2.2131715,-7.8100595
6.7399487,7.1988006,-10.46745
11.374675,-7.835363,4.523061
-6.580497,5.9786167,-8.683986
18.763605,1.9378153,-9.42085
3.1687052,5.386625,-13.699945
4.3663774,6.271152,-11.307162
16.550522,-5.279637,3.8089235
-0.7952864,2.958166,-9.128972
-19.9377,9.978554,2.152123
15.6888075,-5.1098404,3.2563488
7.1381254,-9.332197,4.0025806
19.176325,-4.3188453,4.859773
9.929889,9.280156,-14.1556225
1.3428452,-0.4733783,-12.080263
6.4418564,-8.3684845,5.257711
15.876774,-5.959819,4.230748
5.158721,-9.365652,4.384175
4.4794984,4.3303065,-14.190169
-5.9124446,5.2343545,-7.906136
-8.170603,7.2750707,-7.1426673
-10.889271,8.387413,-5.9714622
-4.398434,-7.3552814,-3.999581
7.6627374,2.4467723,-6.115911
18.672094,1.9943794,-9.656918
1.2383937,0.2831898,-12.683069
19.088943,-4.426817,4.7652116
1.8684448,2.4122584,-11.724283
8.351557,8.823061,-12.228465
-10.487255,7.857737,-7.42887
14.74105,-6.1890283,2.271064
-3.5626118,2.7873597,-3.3239613
14.810164,-6.182786,2.641295
-25.23425,5.940459,1.141043
-31.468296,4.306196,8.811307
-19.449167,9.537618,0.07251076
-8.190664,6.431461,-6.583591
13.02279,-7.185897,3.4828007
-5.385814,5.583935,-8.479224
5.282006,6.598876,-12.654927
-0.2739615,0.38260087,-12.532836
6.0994573,-6.1853857,3.7055473
-29.284441,4.8948627,7.1910353
18.605179,-4.5661964,4.7607474
-4.593032,-4.7247586,1.3482125
9.668921,9.341024,-13.496334
15.112115,-6.163804,3.8925734
-26.144152,4.089581,6.9972844
5.5599294,-9.357347,4.3670835
-4.5982003,5.7878885,-7.456448
14.849712,-6.2355766,3.308403
13.033213,-7.056807,3.296398
-18.94055,9.082863,3.1869369
-10.48472,7.8109775,-7.475538
-10.510352,8.375812,-6.0781903
15.90047,-2.64587,-0.44067764
-0.65479255,3.0010653,-9.37881
-9.369882,0.6579623,5.864788
0.095607966,3.249822,-10.382143
5.059355,-8.152392,4.8782125
15.192259,-7.116818,4.3039227
-7.202114,6.888125,-6.917422
5.5155683,-8.852275,4.65167
14.453485,-7.172254,4.3174047
4.958931,5.7060223,-13.116761
18.727701,2.1388786,-9.760561
-10.640283,8.151292,-6.723904
30.327263,7.1484838,11.594049
-24.581493,8.280628,2.1299243
18.631174,-4.638832,4.72952
7.300515,-9.023632,3.9610057
4.658747,-4.3776045,-3.5729215
10.967811,-5.8927784,2.993567
31.08391,7.850821,11.426692
8.553415,-9.313772,5.176953
6.942787,-9.205394,5.2080593
-29.556889,7.241452,5.664306
2.1080606,1.4581187,-9.349374
1.2145607,5.1455407,-12.354218
5.189986,7.115015,-14.311495
-5.044613,6.4195733,-5.5883694
5.054569,-9.825901,5.423768
1.2599431,-0.8756238,-12.343423
4.2198496,5.7744594,-12.770755
27.292034,3.8915765,-3.8468175
8.392035,-8.410939,4.0473437
-9.232768,7.887618,-6.67249
-6.357034,5.3966055,-6.846074
6.9619164,-9.229211,5.3068786
9.006219,-7.313014,4.2007947
1.5590101,4.158744,-8.682012
7.2224636,7.914272,-11.899687
-7.034613,5.8792186,-7.2599173
-0.2977036,1.021859,-3.535794
12.892673,-5.8800774,2.880535
15.800381,-6.0308385,4.046754
-8.206633,8.101685,-6.7001767
11.5978775,1.026925,-10.392234
6.299408,7.082712,-13.064562
-26.805532,2.644331,6.868184
-7.6694374,7.9572153,-6.845636
6.519856,-8.408005,5.463864
10.438238,-6.9568834,3.6969194
9.851924,9.240058,-14.0766945
-11.613923,3.1685414,2.9019191
-0.9975746,4.576414,-11.1675205
6.325551,-4.369333,0.38361374
12.392559,-6.43666,5.3923635
1.4685642,2.7580853,-9.575816
9.8796,9.236437,-14.140417
-9.249392,8.480429,-5.8773584
6.027758,-6.5221004,3.6323211
-2.2478561,3.8743765,-10.680268
-25.186628,5.9566708,1.2403231
8.36188,7.579729,-14.773668
6.9102216,2.3616369,-5.9229956
16.596983,-5.512122,4.3812513
1.6115493,4.2705865,-8.851772
9.080371,-0.7116958,-6.343989
1.6449246,-10.212798,5.820731
8.004289,-2.2637177,-5.5052767
4.7674084,-8.939504,4.762398
-8.355988,-3.419691,4.9656425
8.933658,8.826607,-13.177849
7.7282066,7.8708305,-13.979704
6.9886827,2.9792094,-6.9598494
14.35492,-6.748147,3.9722948
1.4426707,2.6499588,-9.562381
7.830228,8.1616335,-12.96146
8.59166,-6.2524786,3.0585694
-4.1214743,-4.6144805,2.557986
-18.575281,3.2994387,6.3121104
18.716293,1.874675,-9.438796
-2.3128438,-5.538997,-2.0776358
4.4148717,-8.954665,4.373574
-9.8971615,8.101431,-6.1250334
-0.1997878,5.036303,-11.789332
13.781528,-6.1567473,3.5911872
-24.547462,8.225621,2.1655047
14.896617,-7.2013197,4.4468336
6.7303753,7.8462276,-15.269533
5.35761,5.986363,-14.519194
21.66495,4.065215,0.89470005
16.611626,-5.2450166,3.8181422
4.819317,4.924364,-14.300091
11.570069,-4.2536645,1.5724803
1.8772302,-0.21273977,-12.402051
1.3906527,-0.18123844,-12.214073
3.2182615,-4.3531876,-6.37192
3.7137334,5.1710367,-13.253359
-12.199284,-2.51424,-9.469703
1.3245275,0.04333659,-12.098051
2.7003934,0.44481274,-12.833823
5.113411,6.9037304,-14.402393
0.5744102,4.241547,-11.126394
-3.4978452,-4.3991385,-0.48995793
16.460228,-5.3755927,3.9012375
18.574043,5.948449,-3.6710632
-10.090802,8.609651,-6.3655863
-9.395005,0.6387979,6.124511
6.94141,-7.2185364,3.8926094
9.407573,-7.7240124,4.4251695
-10.237809,8.279241,-5.755983
-6.6195183,-6.5076413,-0.78360397
5.020472,5.508037,-13.094893
-6.014188,5.798504,-6.539151
-3.7367427,2.5450144,5.177416
16.411036,-5.5218596,4.2511
13.69606,-6.4042544,3.6912348
-20.180254,10.055521,3.650459
-8.793226,-3.8274078,5.242537
7.696609,-8.134858,5.3155727
1.51333,-0.12215197,-12.155524
12.1483555,-6.811104,4.8310556
4.487054,-9.344921,4.4018927
-10.2872715,0.9782133,1.5529425
2.2240732,2.4542634,-12.218529
8.082609,8.348424,-13.243168
8.082658,7.6258273,-14.424017
-35.207253,6.2840066,5.8698297
-6.7870617,6.129772,-7.156468
4.7693133,6.4326334,-14.576973
0.05813363,4.747702,-11.576466
19.345987,-4.316108,4.843099
-31.775518,3.7131712,8.245339
-7.026434,6.327998,-7.462742
8.10823,8.563851,-12.661971
-6.206267,5.648037,-6.622452
-10.589324,8.310829,-6.4880004
-1.3549132,4.3601327,-11.624689
15.779682,-5.8176546,3.9233432
2.0290518,-0.050580785,-11.496316
-10.354748,8.32066,-5.976023
1.7794813,0.7893011,-12.598035
-10.762811,8.272025,-6.714102
8.18985,8.659631,-12.353469
-7.0239654,-6.194143,-0.4504096
-29.986153,3.9312057,5.1444974
12.351658,-6.134351,3.45588
-10.856619,8.487714,-5.9962335
7.8647156,-9.000118,4.1017427
14.463332,-6.215121,3.8614872
9.880172,-7.7842917,4.211846
-30.952595,3.5762537,6.9888268
7.048524,-8.851801,5.1799517
-20.529507,5.43143,7.2911777
6.306107,7.508302,-15.10875
10.284552,-7.0983744,4.08294
9.09389,-8.016953,4.2166533
1.9100752,-0.15037262,-11.931549
-5.498811,5.8594494,-7.6449075
11.7424135,-7.226785,4.02555
8.652269,-8.153868,4.427504
30.293095,8.642191,13.0724
-13.432538,6.992849,-0.21945971
6.582418,-9.373674,3.93074
-5.6567965,5.702748,-7.047507
10.364291,9.510645,-14.312758
6.308309,-8.165802,4.571395
-6.72093,6.0358653,-7.6952477
18.942968,-4.8108435,-6.7262907
11.557869,-4.339378,1.6559893
12.047075,-5.7024236,3.5654526
2.64206,2.465037,-12.340842
-22.239014,4.8806877,5.775822
6.791248,7.53778,-14.374218
2.0226104,-0.0732453,-11.8803835
6.206439,-6.972234,3.615289
-28.449028,7.06046,5.300756
7.394927,-6.807946,5.0344243
4.385067,-10.155309,5.390989
13.915432,-6.0399365,3.5628715
-8.847386,6.942013,-6.966085
-8.400985,-3.4654462,4.865036
6.1889462,6.038912,-12.545548
7.464658,-7.191208,3.8604903
7.1802015,7.8772535,-12.751711
3.9842153,-10.093034,5.8041134
1.5183991,5.231082,-10.540889
-31.91068,4.694573,4.3596063
6.0361934,-7.862687,4.2807074
-9.54678,8.663911,-6.30097
6.8530865,7.6465087,-11.828754
8.1730385,-6.9829164,3.44173
4.1629806,-9.028151,4.481464
5.8669333,7.4715033,-14.634405
5.5534334,7.100653,-14.740866
7.3716316,8.044099,-12.012998
7.820725,7.567139,-14.723872
-29.30586,4.4648924,6.9707313
10.402573,-7.149037,5.3108635
-18.12421,3.5679102,5.287362
6.3557725,6.9246297,-13.753028
-5.9620442,-0.6571307,-3.2910569
-32.18973,5.6148396,6.8286057
-3.552447,-2.49507,-3.4358952
10.877848,-8.040081,4.20469
7.0326385,-8.538065,4.2044663
3.8015518,-1.5131828,-11.838317
-26.23656,4.2770596,6.2056956
-10.3755455,8.294765,-5.5320034
-2.613566,6.1189804,-6.5823946
3.7468135,-9.189661,4.4868064
29.358267,1.6747178,5.582176
8.157548,-6.2229486,3.0928721
-8.483576,8.097079,-5.787907
6.818905,-9.03697,5.3793864
2.1005137,2.4379213,-12.031934
-18.293482,5.14474,-1.4235328
14.347999,-6.02924,3.5207808
10.295249,-8.207245,4.769441
9.939421,9.241816,-14.221987
9.666166,9.52176,-13.030156
11.612171,-6.200778,3.920554
8.047793,-8.271579,5.1750283
-6.717777,6.8145003,-6.228468
-2.4110203,3.7554774,-10.596663
6.6709647,7.46564,-14.552282
10.623657,-7.7345967,5.638697
-8.156406,-1.7560513,1.6076865
0.7200927,2.7043698,-11.229366
7.494683,-7.743989,4.821695
15.05157,-5.6151586,3.27947
5.8682795,-5.4497895,3.2354822
-24.462038,8.10407,2.1686635
-8.084127,7.525252,-6.9821754
-10.9051285,8.765759,-5.5427175
8.003695,4.989282,-8.701839
-5.711657,5.5733576,-6.8685727
-10.459812,7.819211,-7.3834114
-20.193367,5.988453,3.401628
-27.495272,5.2146378,6.3220415
-23.501091,2.8980596,7.5959034
15.33002,-5.993689,3.802215
7.7839375,8.325287,-12.28003
5.769243,-5.613636,3.1079516
0.26114947,0.33733124,-7.5223727
5.344034,7.042584,-14.372435
4.5266376,-8.887227,4.917781
-10.805835,2.2828133,3.3835318
4.3971553,-9.173374,4.590558
20.441666,-3.1105826,6.74257
10.933951,-7.4897084,4.6634765
7.282949,7.973104,-11.960661
4.634724,3.068298,-13.725695
7.04896,-8.511387,4.2755394
-24.812866,3.7660484,4.7920523
4.67239,-8.668073,4.0540495
9.750104,-7.3075852,4.2857003
6.446081,-9.500961,4.2211943
-9.491341,8.726052,-6.454269
4.296152,-10.407822,5.4029145
18.589178,1.8694211,-9.645349
-13.512376,-2.9850895,4.607942
-7.320472,7.767553,-7.962046
6.5227213,-9.303615,4.7890496
6.001887,7.005387,-11.286545
17.827808,-4.922027,4.4525433
10.791533,-6.4351206,5.132756
3.1051583,1.3896809,-6.6638985
6.0829363,7.0869155,-11.244078
1.763162,0.07564803,-12.683461
2.6562994,0.16574141,-12.540957
-7.378555,6.964358,-7.1856985
7.9838867,-7.458279,4.4411025
1.7043407,0.10725045,-12.280181
-24.101227,6.0497108,2.3507907
5.149569,5.826354,-14.181684
2.3615046,-0.20578541,-11.945806
14.619623,-5.854729,3.4115012
-6.5119,5.466003,-6.3180757
6.2783,7.4240875,-14.652103
-5.4100146,1.4041417,-5.6032343
17.230698,5.596758,-4.7142315
19.554651,-3.8726099,5.349076
1.4085829,-0.500178,-11.709297
7.6974754,-8.951195,4.647129
-2.3170838,5.8310747,-9.310681
-6.212842,6.9265523,-7.6411266
8.284345,8.813942,-12.215174
12.7018385,-5.466203,3.301469
-4.7744184,5.5854583,-8.071278
8.395551,7.5920277,-14.813776
10.534207,-7.66935,4.370832
6.4306145,-8.509739,4.1627984
20.936335,-3.3936226,6.2381873
2.744635,6.232498,-12.0612135
11.30392,-7.2165437,3.61082
7.0554557,-9.610491,5.9119368
-8.457964,6.6233997,-6.87331
19.895735,1.1480677,-1.4642673
22.956244,8.216373,2.6043315
-15.941351,2.362879,0.59623116
8.205778,-8.745964,4.822857
7.0398297,8.186232,-13.982153
33.12777,9.144829,5.8274755
-3.0190098,6.256293,-9.987713
18.416374,-4.6670203,4.7075253
-5.5070143,-9.980201,2.7676244
15.288834,-6.031591,3.443872
7.0358896,-9.942712,6.0587015
-22.905712,5.2871814,2.5671785
-26.34014,4.8382626,6.9860363
-27.852022,2.6207378,6.2766805
5.292219,-4.4300656,1.0677159
-6.768737,6.1967425,-6.9433093
-10.837706,-1.765296,5.7517056
33.32376,9.441366,5.9153247
10.884191,-7.638065,4.114515
-20.036674,5.8763304,3.3909159
7.7565923,-8.424033,5.6362166
7.111738,7.7628207,-12.79171
11.61533,-7.994803,4.3597
8.354784,-8.065471,4.4819937
4.187785,-10.2444,5.5202785
7.536089,-6.6642013,-5.565455
1.816215,4.925085,-11.396863
10.990568,-6.0979223,3.3032897
6.287661,7.595333,-14.905148
10.145234,9.474736,-14.02917
14.187021,-5.9443207,3.8350253
-6.652298,6.1180706,-7.4273434
17.4169,-4.8751283,3.9755483
-7.397707,7.5152483,-7.151192
1.7254959,-0.29553905,-12.102225
4.224911,-9.722932,4.9405413
-29.738577,4.8977394,2.4523938
6.27793,-7.4132967,3.6657948
12.231861,-6.470343,3.6947765
-23.50699,5.999531,2.5382202
10.691077,-6.0794864,2.8798952
14.525526,-5.801252,3.3447244
11.213559,-6.454399,4.1755056
-22.35999,6.6434817,3.0012171
-24.19571,3.9327586,0.1956958
4.659582,6.398275,-14.154462
8.60606,8.821834,-12.758504
-5.9972277,7.315243,-7.673209
6.8658376,-9.394081,4.2800074
6.9545403,-7.0351357,4.923777
8.441824,-7.4698434,4.496636
12.21614,-8.241437,1.9290161
6.278997,-8.334055,5.145211
2.1045494,4.9706573,-12.936325
1.4782584,-0.2515331,-12.009624
2.1521685,-0.1256934,-11.651841
6.0465345,-8.886662,4.4872794
9.570876,-7.7953973,3.8492079
4.3481336,6.007767,-10.17391
4.341905,5.7884583,-14.196313
-9.859017,7.717171,-7.1622815
10.335183,-7.216194,4.991162
-10.589504,8.21423,-4.9621406
7.216796,-8.681878,5.046835
16.06173,-5.602973,4.0333242
3.9832284,5.925284,-14.017579
-22.294226,0.70165074,4.7313395
-0.242472,0.37891495,-12.527469
4.6398134,3.1510167,-13.742408
-6.046568,5.3998775,-7.5642457
4.7005477,4.2180505,-14.303741
-7.8000746,7.152912,-6.8955145
7.52057,8.165605,-12.184635
-4.9501576,6.138628,-7.0803304
9.555946,9.152264,-13.894843
-27.7178,4.180271,5.8538485
11.208733,-7.1557684,4.085575
15.851133,-5.9766054,4.220882
-10.18205,0.96455014,1.5708989
7.1848245,-6.306,3.759844
-4.536856,1.3538457,-6.097439
-11.341963,5.553614,1.4764626
-0.44288203,4.620608,-11.425748
-7.5724697,7.664918,-7.020891
-11.20124,8.487595,-5.948428
-20.104002,5.890943,3.3404322
8.545787,-2.472168,-9.196684
10.891654,-7.7615247,4.3905764
1.2883002,2.9189422,-9.739426
-9.867966,7.73619,-7.1208143
-35.841656,5.8380632,5.0280347
9.5752945,-7.2401333,4.2630625
-35.214333,5.4994636,8.288659
-7.8316975,6.518359,-6.662111
-28.5052,4.771191,6.375312
1.7911081,-0.31993553,-11.974642
-8.04412,6.9980764,-6.9558554
1.897436,5.3497586,-10.592752
0.23233713,2.9769313,-11.609797
-7.6722636,6.3776865,-7.3618784
-20.068447,9.865942,2.015418
-6.1124067,6.879464,-6.4352713
-10.778428,-3.2677755,8.914354
8.451049,7.662349,-14.728487
1.5552533,4.985642,-12.475176
6.0203757,-8.985564,5.381553
4.743415,-9.678837,5.425123
6.89927,-8.850408,4.871926
-8.477671,8.250655,-6.6398177
-10.507222,8.167663,-6.1759605
5.3368025,6.8555827,-14.558167
11.628207,-8.003789,4.524665
3.879046,4.4713902,-13.809114
