0,1,2
23.76349,-7.7229447,12.164088
26.869612,16.923557,3.2426658
29.625507,9.44108,-1.3859456
20.646448,10.133954,-1.2718652
20.28644,-16.09887,-8.76367
15.572567,5.3680873,2.1032298
29.222303,-4.208264,-3.40787
22.196001,18.186266,8.783979
22.798018,-5.5880146,2.512513
16.971857,-26.492956,-0.8129384
22.909128,20.067486,6.930703
20.278465,16.204847,12.4889
16.156715,-4.9138846,21.822338
15.533043,-27.612215,1.5611621
30.909206,1.78946,-5.0773196
24.98661,-7.851136,-10.522498
10.177439,5.4382324,18.804754
9.6466,2.0342834,20.160028
18.73037,11.683376,8.717956
27.521812,9.598721,-1.1849791
5.837188,1.559591,22.155476
24.522192,16.424519,0.049854636
17.32731,-17.669338,5.95401
13.686607,14.549537,-1.280907
24.701445,17.64756,3.4205022
26.648954,19.363052,7.0803146
18.872164,-22.336239,-0.48833275
17.544464,-0.3162743,11.334048
29.163382,10.966031,12.345239
28.19165,20.09244,1.0329182
12.852854,-24.111267,7.086237
20.313463,-14.111866,10.975677
18.674776,-13.394651,12.884508
22.522224,-16.362135,-9.360546
24.74696,-14.392795,12.299318
16.683985,-22.298168,0.26846611
25.58746,-11.111101,-10.461795
16.736858,-3.3966913,19.15555
23.916058,-13.424815,-0.8547697
15.701259,6.1993723,9.591591
18.511976,-9.174472,-1.5398829
19.471216,0.07171691,8.3330145
26.8947,16.55161,9.706778
15.259048,13.090265,11.430749
17.39241,13.530795,-3.6877952
31.366014,7.6303806,1.1164888
14.351822,8.927089,6.0628424
22.243246,21.291311,0.46155092
24.1825,3.4536207,3.729258
18.811092,8.811554,1.1337101
18.08664,-8.146397,14.369
21.377901,16.04008,2.6677694
13.940818,-18.347383,0.97399884
26.904886,4.9624867,9.369853
21.270876,-12.204158,1.8445947
14.544375,-16.861311,6.3740964
27.807926,13.451186,7.0483065
22.061493,8.32036,-1.7131529
23.22181,-10.829027,-5.234788
25.569195,25.366982,1.5958691
27.958952,-3.4540021,-1.5432751
19.508263,1.2211869,8.865592
26.98571,-12.285765,-12.444289
25.494453,-2.7273126,2.5042965
22.813787,19.972145,-3.4171531
23.46474,-8.703652,-0.11408923
14.119573,-20.053543,12.957371
26.299623,21.864534,6.505228
27.568333,7.60485,0.52834994
26.221428,10.358341,5.0013046
23.273659,17.971344,-2.982128
18.175047,-6.761227,10.249814
28.46976,-0.5654348,-2.8573527
25.817837,15.060349,-2.057567
20.526442,-12.136348,1.1686206
18.903444,-15.004937,11.434674
24.182936,2.3050184,7.2780895
17.741394,16.173214,-5.7412205
26.625734,18.761488,-5.857425
21.076956,19.694626,2.8222785
23.71664,13.227125,1.5080719
30.565542,7.3314285,-0.67182523
23.088614,17.67226,-5.214074
24.791216,5.6785984,8.288928
19.094572,-16.212019,-0.9906961
20.418829,15.689892,11.861433
22.084024,21.810146,-1.9034694
26.545145,19.944954,-4.00856
16.199024,9.194268,-1.2577878
23.101442,-2.4784906,-6.263838
24.284925,7.406991,21.365555
20.885908,-13.178027,16.611536
23.302528,14.582578,-1.2744406
4.459856,2.0649045,23.217432
19.560114,7.6264677,8.944465
30.254997,6.9596887,-2.7146564
14.970532,10.82742,9.938012
14.550668,10.3378525,1.1539326
24.693544,12.936803,-2.7643757
16.962868,-9.917378,14.428507
25.562029,-2.8965232,-4.1165924
25.071974,-4.056767,17.025888
16.16672,-18.51992,13.102153
22.12051,-11.0596895,3.8481917
19.904606,12.643546,0.9689225
23.577477,5.6256046,12.083277
22.498192,11.122596,-1.0921825
17.81468,-3.2851973,20.033632
27.349821,-6.0821834,-9.815696
28.588242,21.586065,-1.5021702
17.658552,-10.719931,15.1530485
24.475231,19.86308,-4.2921352
9.442792,-1.3786124,19.976316
29.197594,-6.949061,-4.6223183
26.009888,16.173939,7.9998617
16.614851,6.6996217,10.831591
22.455736,2.6694162,0.4797233
23.28915,9.253404,18.810509
24.526798,21.52011,8.891183
16.30006,3.8634634,10.112448
13.222714,17.129528,7.2999763
18.138607,9.342296,16.152035
23.309288,12.167904,19.725279
12.770472,-20.67158,10.11436
13.361007,16.42561,4.8698006
15.445203,8.278386,-1.03511
13.977483,-22.160358,1.7888309
30.468002,9.742978,5.56431
18.11096,5.7375603,10.086175
25.08657,18.781607,3.4593494
18.984207,-8.405043,0.1768675
25.054092,-7.8468003,-12.550816
25.40298,-10.866826,8.92578
13.672084,-24.720383,2.7238464
24.933907,5.719068,2.1027117
22.053751,-2.7867496,15.986867
31.405413,8.991735,4.379625
20.08166,1.1143068,7.4151745
26.317112,-13.3943205,11.169546
12.960015,-21.242817,13.257752
17.788439,-12.266146,-0.7963951
26.506536,-0.94297945,7.2051344
17.517433,-12.799351,14.523135
23.953402,5.0986176,7.538693
19.84546,5.1826463,17.431238
12.799816,-20.407478,10.35318
20.179924,15.576682,-4.8284965
23.134708,13.189818,-4.4468007
20.052994,8.251451,-0.65303504
19.748043,10.947913,14.159195
23.830809,11.393014,-1.4546815
25.946444,18.713402,6.837642
32.35075,6.8480906,3.797485
21.583084,15.461628,12.408027
22.226183,-5.87724,-4.0752234
18.49666,-22.608364,-0.18955056
28.261297,-5.19576,7.9986773
27.102425,4.1598377,13.181882
21.244642,16.254608,-3.7040029
18.601715,9.819739,10.853753
22.602169,-16.272755,-9.332964
16.243177,6.1997137,9.397063
24.462683,11.811742,5.85273
14.274963,13.11095,-0.4889379
17.144344,1.8224897,13.617715
25.042469,1.2218817,-7.371972
29.937035,7.328304,-2.7250454
20.144785,-7.4582243,11.388417
26.34949,23.44898,7.375552
29.194843,14.029986,1.6205412
25.424423,1.8174427,-3.8917294
26.008087,-11.669297,-12.176365
21.949266,20.966965,-0.05788426
21.239536,16.211227,13.251007
29.076582,8.727451,2.4049196
23.390223,-7.143774,-4.5807543
25.4054,3.206261,10.378166
22.768715,-4.2840285,17.311258
31.584263,13.127907,3.334396
29.594105,15.442713,4.0712485
19.153933,18.536783,0.5278671
20.023687,-13.250373,12.350738
29.861456,0.7253283,0.65688825
30.888676,13.355899,5.3935633
19.655119,14.172717,7.5227656
26.50982,12.405431,12.738138
25.6259,-3.2043676,19.615318
27.135696,-5.036245,-6.349104
22.294273,-10.3108,2.1321301
4.149898,2.5931668,24.731289
19.882038,-15.26067,-0.51353157
17.150658,-9.711565,1.3910005
15.066029,13.164149,5.4406285
14.969261,-16.954508,7.9584646
14.527652,-26.112946,9.409521
17.872906,-11.476556,-2.8839443
21.764929,16.847874,1.3207285
28.986744,-0.26858455,0.13138719
25.78364,-4.1465344,-5.0448475
25.05559,9.083006,6.8622274
23.00051,-2.4333746,17.433615
30.542526,-0.95611244,3.5181458
19.052238,-10.497941,14.355715
14.685383,-19.555214,12.233776
19.662294,6.9468718,-0.35619026
22.88318,4.684514,2.7695982
29.843693,0.9820741,11.366315
20.054157,13.434983,-5.4943953
21.12845,8.678117,12.999943
28.766916,-2.1020188,-5.0049157
9.472519,-1.4030685,19.83083
30.670454,16.812511,-2.93445
16.667215,-20.306347,-2.3692944
25.222311,-7.49177,-14.184415
24.931831,11.826273,1.4710586
29.817503,15.748087,5.4843373
14.620676,-23.2682,5.3587475
24.394337,3.5178025,10.781302
24.95634,-0.3594146,15.079065
13.977737,11.870079,0.20532753
28.838833,-3.3684778,-7.643304
20.208118,-6.9528027,11.1072645
22.00679,-2.84291,15.978047
19.122002,-3.09455,20.104265
27.47018,24.500904,3.44421
25.118902,11.49851,1.4052274
17.413025,-13.068157,17.551718
20.01531,-12.6962805,8.750796
24.71403,-11.624726,-2.8538518
17.049809,14.8323145,3.8415556
22.584581,5.859366,20.62128
23.794962,-9.575376,-14.801685
15.797128,-4.7502437,21.233776
22.201946,-13.813969,14.006718
28.482439,12.451527,-1.7350003
24.531094,-13.959915,12.220005
17.013006,3.5781696,19.815168
22.62863,22.512917,3.5881608
20.950386,-12.413548,-4.866894
20.053598,-22.17213,4.4049306
24.041609,12.3971815,-2.1333046
20.858364,-16.396519,-6.724311
26.42964,-1.412244,-4.772711
19.129635,-6.394832,17.648521
30.48247,16.847855,-3.2892106
17.976358,-15.055045,6.551668
25.135391,-10.78465,11.012216
23.606731,9.5462265,-1.0751076
22.485287,-4.8093376,9.262813
23.992447,2.464292,13.004475
17.949966,-23.384735,0.53363144
22.495045,10.826852,1.0896438
26.264143,4.4776545,5.4216113
28.171234,6.287819,0.8133399
28.02912,3.0794144,4.7634006
26.844076,0.107649736,11.38062
30.231636,21.166626,4.563891
25.166416,-12.09771,-12.361574
16.102728,18.199278,-2.5652452
14.00577,12.701212,-1.545277
26.063532,-1.7017021,6.2668214
12.067997,-20.117035,3.1699164
22.632406,13.989772,18.858393
21.645369,7.7004952,13.23616
23.081665,5.9699373,-2.325004
15.726463,-12.821526,11.910012
22.579134,-11.2441225,6.8991494
25.804876,0.61467886,10.341833
17.91873,18.07935,7.335948
19.415426,-22.049503,5.090623
25.308311,-3.7121675,-2.9277265
25.997646,21.728916,5.255603
15.3559,13.340742,-5.0075336
27.38346,-9.681566,-11.091769
20.205412,8.881786,1.4364539
25.49274,16.490536,-2.617675
27.946424,-4.8917317,7.186425
28.020292,0.49897513,-5.4089675
20.529945,-16.77658,-2.5030549
12.694857,-22.54789,13.560163
20.369795,-8.083069,6.4233027
18.65926,17.592985,9.785746
21.40111,17.361721,-1.3183227
24.065031,3.348561,13.313978
22.615318,0.95636064,14.841095
28.450047,15.76559,-2.3817105
22.641113,18.148523,3.4901018
24.539803,8.4615755,6.3540683
26.129364,13.022015,0.9808939
29.641882,2.7628894,-1.2881309
17.708603,-23.621466,1.1963617
16.240694,6.046798,12.254569
13.618257,14.409887,7.643893
27.2879,-9.7906,-11.042562
27.821587,11.86887,12.045321
17.397442,1.0574323,22.551764
25.876566,-0.8355987,-5.506809
28.655958,0.7404858,-5.626005
22.578672,5.4489274,-3.2459483
25.799204,4.6005936,3.1966972
20.389462,5.5306473,17.901556
28.047884,-1.7487459,-6.345178
18.865776,-7.4947743,12.056181
18.594805,10.284174,11.428882
17.139784,-20.058725,5.635002
24.791967,1.3948562,-6.6470857
25.09085,9.892823,11.487174
15.144418,-19.588745,11.686471
14.52067,-21.68091,12.586163
24.49263,18.622902,-4.763992
30.662125,16.88405,-3.1382058
26.966919,-12.290087,-13.7090025
15.568757,-16.744896,3.5433104
26.059965,2.2211478,-4.715683
17.06098,14.487015,10.421032
7.5075345,0.12838016,18.651186
18.849998,-8.541614,9.539521
27.22808,8.270444,12.426121
21.068504,-13.705124,14.18114
15.643304,-13.683806,17.800262
20.414812,-15.413432,13.296579
25.130444,0.9355517,-6.7210135
15.749452,-11.805606,17.869781
28.927158,-10.4739895,-11.898397
29.762482,-6.2945647,-10.587354
22.818136,17.037888,0.8712225
28.07074,-8.781924,-9.742185
20.063728,9.100913,17.139753
19.719954,-2.0335298,8.855762
18.58936,-0.8294392,12.821691
27.70716,23.62251,4.4365144
18.090328,-15.669847,0.17547472
14.935299,-22.559692,1.9309994
24.646357,6.2153826,10.024624
23.894053,17.030483,15.81524
17.1438,-3.4916065,21.490171
17.240454,-18.263079,-0.0746723
14.880221,-18.559023,0.57082593
24.389566,15.393785,15.8122425
17.606255,0.8884201,22.853277
22.889568,9.952618,-1.1767616
18.547945,-0.31179056,9.692058
27.514399,-7.191789,-10.665783
16.495968,-13.47237,15.014441
23.190706,20.938683,-3.1957073
26.1183,-9.169,7.0306683
16.457632,-10.948315,10.396873
21.242172,-18.860798,-0.25022265
23.320993,19.977434,2.1137981
7.970253,1.7794259,28.979906
23.276497,10.2330675,-1.3398916
19.44061,13.850326,-1.5800394
29.054764,11.96137,-1.0036305
19.4414,-12.85743,3.9293478
27.156311,14.630322,7.6977577
19.417149,-13.166394,-4.8594413
17.125994,9.94043,17.25604
29.939014,-0.21543829,2.7743704
20.756433,-14.455822,-4.222082
17.424797,8.091394,5.2216086
20.361494,10.84772,3.763237
22.585787,9.497272,3.211983
18.846645,10.588909,8.859928
26.714828,3.463003,-4.46467
20.655508,8.520104,15.573445
29.171131,1.0568815,0.9205156
22.82866,18.656591,9.358438
17.824545,-10.131265,5.674585
28.432602,-5.933253,-4.4013286
19.10445,-10.224005,2.0135007
28.783928,-7.8420353,-10.297322
19.623549,2.101718,21.773872
25.890825,6.5437727,16.579653
21.688671,17.01752,1.3263535
26.956942,-10.563122,-8.231883
23.08226,-4.686011,6.106807
24.738909,12.934061,16.756992
22.164146,-3.8800342,17.453768
27.807316,0.35532534,11.424737
23.425728,21.552969,8.12187
20.656923,16.227821,9.643074
27.222666,13.321977,-3.5221598
25.475376,-8.444285,3.6925085
11.429913,-23.374887,9.433412
24.701445,9.586209,7.4214406
21.321812,-14.761067,-1.7342966
18.552246,-9.125359,2.8903887
25.23806,-1.7974008,8.131498
17.026205,-14.881501,16.468624
14.382251,9.209449,6.1901746
21.132757,2.1462383,18.437916
21.788841,-10.273856,-4.8294816
18.986126,-15.787663,16.796911
18.924583,-25.30013,1.1089321
26.298777,-8.967332,-13.173936
18.320034,-12.713306,9.345484
29.15671,12.716651,8.775108
18.41169,14.249354,9.609001
23.162167,11.001482,17.112091
23.369406,-11.987492,7.8340726
24.388485,-8.954311,-12.434544
23.00164,-7.580202,12.924398
19.27153,-9.214582,15.699839
14.902297,8.90388,-0.3458505
29.788494,3.0184813,1.4636788
15.033848,13.3248,-4.58127
25.314924,-4.967272,-0.4670447
16.572582,15.511211,4.636027
19.641663,4.891337,18.879827
22.64488,-3.7573886,10.295748
18.571547,4.4126115,11.156792
24.11379,4.898462,7.5240755
14.133521,16.362787,2.0257387
16.61005,14.826658,5.4191275
15.903116,-11.883961,17.969929
27.188784,-10.032614,-9.411937
23.611483,-0.5934669,10.403985
16.191973,7.507897,-1.2698442
20.09558,13.236851,-5.6380134
19.459888,-6.0431795,13.959381
9.154155,1.7328744,18.576334
16.547628,9.292043,-4.051384
23.15751,-13.786097,11.14359
12.960616,-25.930655,8.982113
22.16159,-13.975073,14.161543
17.794922,-13.046303,18.421297
13.410793,-18.895578,11.766057
4.3677907,2.2102587,23.402676
15.925638,-19.392174,12.7003
26.982428,20.364092,-3.5482397
27.37019,15.078955,5.9809995
17.56453,-21.310463,6.4478083
15.483368,8.715398,-0.95328027
18.893536,-17.22224,5.097951
26.035746,22.626606,-2.7110019
5.5282655,3.86079,29.37266
15.870925,-15.954888,0.5477897
24.070751,18.61698,-5.3124056
17.27426,-3.0433905,21.00985
23.02183,-10.372476,-13.707921
15.201898,13.058435,11.504126
19.07588,8.908033,-4.0380316
24.46673,-2.6699774,-8.728232
18.934584,-24.284155,-0.887676
26.148596,1.7182784,11.322873
18.260893,-0.11878925,21.585722
22.085754,18.821053,4.620947
24.516052,17.63422,1.4214579
25.457067,-6.2625027,2.5657327
25.33414,9.829731,17.581198
29.856472,17.437908,-0.58119816
24.380436,-3.969444,-9.798499
27.628798,16.505331,-2.669429
22.323538,6.09348,12.284804
26.671986,20.220675,6.648072
18.41827,0.82643455,17.16222
19.04954,-0.4593865,19.30835
25.711393,14.9160795,4.822351
29.061728,22.818121,2.1712172
18.196375,-19.267284,8.137385
24.800566,20.165213,7.173485
22.722204,15.194993,15.525927
20.631472,-11.644631,11.909941
19.315887,-10.181003,1.227929
22.7673,14.041296,-2.3250134
26.009724,21.116026,-0.7135267
26.70074,2.051007,8.04417
23.791162,8.048104,12.496788
24.067816,6.560933,17.23038
12.775047,13.179887,-1.8286331
23.647535,16.896822,1.7054355
19.712017,-16.291426,11.62063
17.021608,-20.625427,6.004986
21.142965,-8.109068,6.818378
18.02471,13.754035,1.3683972
28.19203,-5.4340115,-7.078046
20.443584,9.907062,-1.1433808
25.32635,0.08338341,12.145556
18.106506,7.963598,15.7299185
30.5365,5.949909,0.017275997
11.542212,2.9212534,18.22463
19.026865,-10.447457,5.9514976
17.496046,13.683018,-1.4871515
14.305184,-22.86044,3.7041404
28.608185,-4.750782,-11.029868
17.438044,5.7626605,19.841621
14.216446,18.207033,2.637489
24.580877,2.98169,19.437504
25.790443,5.3732057,3.2769976
22.050116,-15.569867,-6.914077
15.837573,-21.836712,-0.9849935
28.193228,1.5137256,-5.130613
16.99464,6.4596977,7.9488034
25.187555,4.4237194,16.662394
20.815079,-8.262018,3.302153
27.888565,5.86727,-0.8095189
25.408827,11.500454,19.847267
27.30904,0.8613078,-2.8304458
16.430809,-20.532804,10.56777
18.887981,-14.909313,11.665848
25.76188,-10.528009,-13.558266
27.011395,-1.5591134,6.393788
27.918245,12.359213,3.0342486
18.039513,13.471275,-4.097744
23.824068,12.662988,1.3278074
18.607416,10.394119,16.356316
25.060942,-8.314541,-13.830781
28.032452,2.0480938,-3.3777819
25.081911,20.758175,6.809715
24.148962,-10.149859,-10.756005
18.49086,-9.495369,-1.8438324
26.529903,-6.5057497,-13.296984
26.224613,5.506851,9.483597
17.879547,3.1197708,21.660202
19.435146,-19.365833,-0.0077719316
13.106229,17.588655,0.6420486
19.72064,0.09931952,9.709139
15.97975,-21.095669,11.1662445
22.611769,-6.1040463,16.609673
15.7486105,-4.2629843,21.191168
28.444012,-3.0437582,-5.9624014
18.902912,-21.374788,-4.35799
15.882293,-19.950563,12.823592
28.108042,23.064646,-0.61980337
20.205801,-13.641619,5.1712995
15.662808,-17.96503,5.503163
16.062586,10.668696,-0.35386673
19.023825,1.6943783,12.411722
18.774845,-24.183533,0.84351534
29.574385,16.13888,4.273549
16.946125,5.260278,13.162182
27.634834,-4.4941716,-3.0691943
24.719858,20.411438,-2.5236454
12.465968,-15.51815,1.8514745
27.216671,-11.745141,-13.243535
14.129757,17.005966,4.917666
22.653763,4.429837,14.5328
16.961061,-10.455675,0.41304997
25.958427,-4.369501,5.5886016
26.122,17.399614,-0.538284
16.91928,20.94315,1.4916363
17.171843,-12.351496,11.266879
25.371376,-1.7455857,12.247772
13.369044,-19.692398,7.1095667
7.8434525,2.76298,28.8049
27.727657,-2.764607,-8.822006
17.520117,-22.645311,0.63778573
17.67116,6.532364,8.10618
17.21362,3.6924555,16.123642
27.06814,-2.9827127,-7.9354467
17.361458,-25.368195,1.0049953
19.992104,9.200112,17.159182
19.443678,1.7776111,8.241944
4.795046,2.9271443,29.728773
14.266711,-24.277153,10.757697
25.389282,-11.840482,6.943021
15.806416,-17.883501,2.6036408
19.275267,-13.2932415,4.3425326
27.63618,18.46045,-2.24316
22.984022,-6.719345,13.531226
28.597836,-3.921924,-10.693234
16.858667,-10.51525,15.602992
14.799309,-15.810835,2.2948053
17.105907,9.333814,11.342782
22.437286,-14.393557,-5.4158287
22.94132,-11.342054,0.42066303
23.06551,-4.977457,8.4499445
20.457882,-11.923089,14.080332
31.008179,-7.7274146,-7.325758
13.624592,-21.875525,12.670792
26.31954,16.188795,-3.1290178
28.839525,16.20881,-3.120219
15.922161,-4.777707,21.288359
18.60856,-21.10281,0.62727374
20.865026,9.2933235,-1.3310678
22.870142,-6.7211847,1.516822
27.699945,-11.637957,-9.8943405
26.23078,10.883118,1.5776874
23.40657,-15.384674,-3.3491554
21.083672,8.472064,0.13929199
13.387646,-20.13874,7.216856
29.469625,8.164075,-1.5962831
23.233856,12.013326,19.747177
17.112247,-12.257601,2.544183
25.149105,9.300986,6.3309245
29.145163,-3.029709,-1.4893882
23.318691,-8.968616,-11.894302
19.369213,-1.9764751,8.933138
15.415412,13.113364,10.849039
22.451803,17.693443,-4.8444004
20.073784,-0.4858552,13.290052
16.949167,-17.420835,2.624767
29.026304,-10.95787,-9.92037
26.898607,-4.0292025,-5.691468
24.618204,16.474699,10.998785
16.643057,-18.845545,-4.2995973
16.147161,16.060116,4.245983
17.089483,-10.302338,9.481553
25.44547,-4.6627274,8.8089485
28.38293,14.81187,-2.311081
17.51304,-13.490968,-2.2357624
29.270079,1.9713736,-6.1995716
8.896205,1.01793,16.936539
11.81935,4.4106145,20.861917
29.86444,7.2536316,0.5702221
15.54499,12.205331,4.8477583
18.595833,4.3044605,11.175222
28.868319,2.6772678,14.19652
26.828777,22.72317,-1.7815065
20.1534,-10.6654215,15.182332
17.261345,1.8547225,13.624249
20.522543,12.33474,12.607112
19.121855,-4.045474,11.825474
29.587543,3.1775172,13.259801
30.022173,13.471456,7.8068843
27.526653,0.4945145,-8.654839
28.216503,-9.299732,-9.971902
25.833084,16.529799,-2.8286731
24.065239,14.020719,4.363227
16.334888,-25.65833,0.7567501
23.358833,9.197986,21.82889
21.267633,-8.363517,2.6183581
14.212961,-22.681108,2.0856783
6.8962493,2.3647647,20.188595
19.1333,2.3251429,18.248032
25.123194,-12.243649,6.8005476
27.860836,-4.8956122,7.093709
21.931684,2.8928564,0.45597258
27.123022,-1.3410257,-8.418358
14.9187,9.905562,4.6373887
19.2047,3.7891917,8.126775
15.4362,-23.412714,1.3412786
18.20605,-10.892428,4.1160064
28.641104,3.980599,8.371623
24.147488,8.706742,0.04949651
16.020607,-23.908245,3.8707669
20.15196,3.261587,8.774868
16.72744,-19.510576,-0.5360895
19.316416,2.4100552,13.55163
28.627724,24.745773,2.354728
29.508486,3.8008826,12.700887
11.047817,2.1888328,21.429384
21.980005,-17.99021,3.7127624
26.626616,18.12861,-0.58342326
22.66922,7.2800317,16.729757
21.50566,-7.6438227,6.034891
25.037796,-4.252472,16.49932
27.60542,0.885925,-7.529132
25.924404,-2.4691043,-5.3177047
18.648233,8.868271,-3.9338343
4.098756,2.1911297,27.47221
24.4782,-1.4893771,-5.0875397
22.607138,-7.2101345,-0.48507315
24.359123,8.785989,15.77513
21.003323,-13.328368,-8.908966
21.348545,18.88062,0.34295085
17.720308,-16.175766,0.26500818
25.852375,1.8849436,9.854549
16.901327,-3.7898562,20.684158
30.032974,3.0496693,-0.034083385
30.143183,-6.732268,-8.3247175
25.763964,10.163603,16.955397
25.66805,-8.193908,-13.526007
29.39658,-2.3949316,-7.6121826
24.383997,16.68942,-4.1568003
19.480125,1.3083826,18.409096
24.24974,-5.8367963,-11.868045
23.614054,-3.391921,-10.186083
21.350971,16.074007,16.872965
22.502367,8.680263,15.637244
19.372038,-3.0423877,4.5442195
24.460003,-9.871043,-6.2862616
22.903505,16.213371,0.21504739
29.359238,-0.5808742,2.4562483
17.882837,-12.435807,-3.355323
22.275925,-7.21485,13.261777
12.056542,-20.649647,5.625013
17.344982,-25.596478,2.1707907
20.02723,14.54725,-1.446027
20.299765,16.330746,8.3389635
15.373418,6.671551,2.0230906
25.178013,-8.508625,-11.30032
25.274845,-9.856712,8.679809
22.909744,7.495383,15.9346695
21.131866,11.17577,10.253022
19.390623,-7.8120074,12.048891
22.41117,19.915506,6.8583317
29.833046,19.70833,-0.35033363
18.490211,2.5287983,8.400181
19.328188,-2.9035974,4.6573787
22.822361,-2.6964755,4.2769547
12.142487,-20.998777,9.360588
28.11236,-3.5180295,-6.435258
13.119431,-21.233341,14.9163065
18.535433,14.71799,13.05509
20.778881,-21.159527,-1.1545147
26.379549,0.20849901,14.531149
25.85225,-9.343147,-10.81633
15.625494,12.557326,8.069464
27.090431,-9.349748,-5.6280236
18.587452,15.836221,14.078832
29.448294,-4.378,-4.944424
24.376032,3.4376764,3.3987687
27.4338,2.4160886,0.22468826
19.829504,-1.0270811,8.777841
27.803358,-5.7983646,-4.5213857
18.41079,-1.7087123,6.360982
15.063569,10.805059,6.7910886
17.275024,-15.330677,2.5289876
27.27694,1.2724785,-2.5169911
18.252947,10.9863,12.517362
24.328794,22.604471,4.071653
18.606422,10.289862,-4.4251275
21.636469,-13.210757,9.320335
22.69323,-7.997749,15.129485
19.502386,15.649775,-2.3358886
17.933512,-12.860679,18.6061
28.619717,-8.622341,-5.9271526
9.262701,2.6340764,20.680355
21.718916,-15.525081,-8.043843
27.598654,-2.762581,5.662183
16.01864,14.765467,-0.47046304
24.855019,12.081079,0.7128054
21.027586,-5.041045,7.6723895
21.727419,-1.7259287,17.681534
15.746856,17.867779,3.405348
15.972012,-1.0830315,7.998703
8.337219,2.5882838,20.213482
20.726076,14.138798,17.889154
19.4078,-11.853179,0.5895515
20.23162,-21.980452,4.0307474
25.4277,-8.05752,-12.240786
25.174435,-6.5594587,-4.379418
24.499826,11.407011,-1.0910614
14.94608,14.537785,-2.8122578
15.705302,20.959244,0.76843274
4.246773,2.2981863,26.930813
24.626324,-5.19675,11.809995
14.245659,12.441391,-3.659994
24.131798,-5.806003,3.8350701
18.193047,-9.1943,-3.5587552
28.471535,-2.2735615,8.207601
27.9674,13.494465,-0.45019075
17.978102,-18.4069,-0.6057639
19.86159,-8.669937,5.3059134
26.515352,10.095918,8.971257
23.94577,-9.506481,-10.936196
17.61222,15.9332485,6.406405
22.401554,-13.154885,-12.10611
24.215347,-9.660537,9.16551
28.279676,19.902416,1.0260633
18.760632,2.8848183,13.630338
25.317955,-5.0038257,8.720353
20.450985,-13.379884,16.845274
15.9884,-12.348697,14.488689
22.764147,-1.5507213,18.293478
17.334106,-17.758581,12.414542
29.325981,4.82046,-3.6524696
17.688072,13.533795,-3.8026204
18.61436,3.1216667,17.285194
21.781404,6.7682586,20.865202
26.496101,20.351542,2.9473095
19.217068,-23.193113,4.5700183
14.61071,8.536193,3.7169397
17.861446,-21.620916,-2.6337414
4.9398494,3.0963006,21.783651
23.268496,-7.475444,-4.3438725
24.351477,12.818305,10.023028
9.477781,2.2946916,19.315348
21.364403,10.355699,13.536644
27.77806,12.317236,3.0222728
28.944574,-8.802832,-11.170645
27.467167,9.576798,3.4603128
20.466208,16.342218,2.2927103
17.313196,-8.884855,15.362285
19.37668,1.8357787,10.243731
28.61019,0.0016966274,-2.6990643
29.99361,13.63063,7.985832
13.189775,-21.513462,11.322085
27.293547,17.20751,5.1184893
16.74571,-21.812387,5.6968675
29.305775,17.980646,6.8185835
13.395712,-19.72052,2.920039
22.295212,-16.072973,-9.944582
18.230326,-12.078983,17.278566
27.319418,20.930737,6.7618504
25.652905,21.76554,8.168525
30.723475,-7.211219,-7.2342687
4.507277,3.490364,28.271711
21.569796,-8.9438505,13.867843
18.28204,14.860399,12.828444
19.136652,-26.110722,-0.45550564
12.673858,-23.526857,8.63384
25.720695,0.43980914,-4.8357887
27.810778,-0.60994095,7.0205274
26.68782,18.233145,7.6191444
17.958757,-14.364054,-4.3563905
22.083258,7.898875,11.214912
15.001669,-14.760344,3.6284413
19.959864,-17.149944,3.9542458
18.890144,1.9734088,8.457482
27.50935,-5.4756575,-12.932395
13.825546,17.265318,4.5717087
24.522175,-7.7900805,-2.5767612
27.72672,13.007574,-0.2575886
18.501825,-22.726362,-0.30449677
24.136862,-3.4151778,5.511986
22.858715,17.38653,4.148688
16.783466,-17.518261,5.366745
19.016651,-15.757599,-5.276806
22.441854,-5.991292,17.272602
26.011162,17.83,-4.4920807
20.46106,4.57698,8.473775
28.444311,23.67956,3.2703724
4.5715523,2.3730412,23.04767
13.599591,-23.08476,13.830287
27.368263,-7.6585813,-6.335416
20.824831,5.8916793,7.5280333
18.02679,-20.536337,-1.1693805
26.66609,-9.937388,-9.544809
16.69397,-12.23861,17.472557
24.604721,-11.908913,-5.9281507
21.034101,-5.161084,7.534073
20.152899,-13.940956,-2.5563047
16.769308,-14.346952,-0.3886527
15.469539,-23.145859,2.252968
21.555246,-12.08397,1.6343918
28.262407,-0.25596002,16.06747
19.791195,-21.677786,-2.6395407
20.938606,-7.571139,14.45448
17.592949,18.263935,0.58322597
27.666973,6.9773245,9.3094425
20.587515,16.822502,9.6266575
19.13121,0.3666282,14.256695
29.62389,9.867796,2.3953283
21.45261,-17.232212,14.849087
17.731653,2.0366266,13.598236
14.837345,17.722197,2.1871216
24.691532,-4.9530697,0.5255688
11.049501,-1.116916,18.683973
20.0149,-0.6203053,12.885686
26.952108,13.017613,0.03102762
17.266632,17.290709,-1.4482446
29.84831,-2.1194644,-7.5124984
20.99933,-14.4112835,11.977642
25.728968,23.234512,5.2360883
26.34856,-14.11997,11.753379
28.19226,-10.99932,-13.438364
18.114439,6.827017,13.541111
30.516695,7.334302,-0.5628595
16.92853,-22.107937,1.2098974
12.607498,-23.578245,9.09423
17.026636,-8.738901,16.952581
28.503298,-2.3051348,8.132193
23.405888,17.449451,-0.8196399
25.840677,-8.42275,-8.848712
14.60396,-25.12684,10.047361
26.924244,12.163597,16.024704
23.77593,7.6967487,17.066298
31.324566,0.17677781,3.4041464
30.709068,0.7944162,2.4174352
21.616856,-9.024877,-4.4603
16.079157,12.910453,-1.2298794
21.502626,7.941793,13.267404
24.856022,6.6615458,5.101237
29.253279,12.411048,1.9630744
11.906209,-21.219372,13.350422
16.798897,-12.714159,10.75635
16.306725,11.926161,9.157179
18.458647,-5.7500815,13.006195
22.421606,1.0768464,15.624202
26.039871,-0.68189883,-5.4385505
24.756659,-3.1944585,5.3525424
21.611,-14.049192,0.7610155
8.203001,0.2976078,19.538813
24.558943,-12.287059,-15.094445
26.615906,18.218819,1.3391273
23.712008,-4.581165,-13.463992
15.747081,-17.873623,-2.6568606
32.740433,12.465491,3.9695506
18.497631,-11.576966,12.665127
18.317848,-11.261101,-5.3665347
4.486035,2.0212564,23.17172
23.119074,20.847609,-3.3761756
11.643617,-21.007256,8.142581
24.820087,14.5345125,2.6159916
23.358032,-4.1624513,-8.972295
23.29585,-7.7155848,-12.368539
27.833462,14.370042,5.8532968
24.60462,6.10183,2.0596037
16.48935,-21.599169,0.4939138
15.372479,-21.43077,7.234857
16.889143,-10.867931,13.067326
28.914806,4.4352674,6.092487
17.650253,-15.573676,4.627894
26.50555,3.0708117,4.3120174
25.872719,-3.6517327,-10.861666
28.783264,14.248211,12.57893
20.94952,-19.669054,1.1171417
22.549173,-11.612259,6.5338717
29.767822,-10.383432,-9.428271
15.815119,10.82098,-0.404302
20.609444,-10.660159,-2.9488692
28.67677,1.4322754,-6.864462
17.889881,-20.35569,8.302769
22.5221,-11.653735,6.415318
10.984938,1.5610836,20.273745
23.516804,15.788904,12.328608
18.781395,-24.297573,1.2104529
20.699692,-16.386255,6.5915184
20.369139,2.9697735,18.461292
30.513388,22.263367,5.142591
26.104115,9.964722,2.031318
22.371456,16.16098,17.625261
19.136791,15.873875,5.055671
30.286137,9.166762,3.7886329
24.31127,-8.306883,-5.2238355
28.535606,2.1336343,11.865089
15.509586,16.56778,5.1533604
28.090853,23.624048,4.7596636
20.848368,8.763928,15.489237
27.217295,24.84207,3.5637083
25.95237,-12.369409,-9.381083
20.426834,-9.220646,-0.43693694
27.033802,15.549623,0.031941224
24.408337,15.555482,0.1646791
17.950127,-4.453771,18.93767
16.975271,-15.645905,4.149117
4.7166986,3.6030579,29.536955
29.558815,8.191086,-1.2566019
18.879534,-15.492856,-5.6122746
4.329141,2.9964533,28.839447
16.170794,9.55788,-3.0562732
19.68156,-14.995186,-6.3951063
23.392012,-16.458502,-4.215906
20.933414,-17.914928,3.1435285
26.773972,15.017907,1.2443341
17.880535,-26.216063,1.6240329
16.70326,-26.572079,3.3693655
24.649717,14.217891,1.4946346
16.442274,-21.852894,0.3101512
21.917988,15.181832,-3.285002
23.228497,-3.7254868,-8.792394
18.84119,-2.7791612,21.255976
14.067124,14.077665,-1.7055106
26.99096,2.6065857,12.881898
17.249119,14.320051,7.0244007
28.030384,25.562084,4.5805783
31.392973,12.101673,3.057318
24.691235,-8.220327,-15.632678
22.08935,-13.078488,3.1220944
14.119607,-22.288065,13.89567
21.37478,-22.126774,1.1331183
22.552305,1.3335433,10.5152445
23.786695,-5.727204,-10.569956
14.474792,8.275693,5.2582583
26.438301,-14.2112255,11.728324
28.941845,-0.9725956,-6.006448
17.16019,-23.195541,3.801791
19.073433,4.6076484,9.676683
28.173317,1.2693378,-2.8727527
19.121473,-9.723441,18.942877
14.948711,-19.36435,8.33302
29.934559,9.534214,4.7244434
14.772439,-24.058645,3.9221451
22.778376,-7.239954,1.1510609
24.957043,14.705878,2.3088048
25.31434,22.573225,3.294617
25.698444,15.770474,8.4596615
29.21019,-1.6068528,-8.88998
13.545827,-20.464983,5.8593435
22.308674,11.643921,14.06061
24.080036,5.9278035,5.3630695
14.467184,17.887304,2.704994
28.274263,22.554928,-2.8654096
18.560942,-18.250599,8.334572
22.751377,-4.2935987,14.667849
26.468124,1.3122561,7.762026
23.958767,1.0341108,12.253466
18.472458,-25.000923,-0.95623606
29.535109,3.8828688,6.2901363
21.678577,-6.7974997,12.094213
19.764498,-15.465321,16.699146
20.499113,14.237561,7.6820025
21.20593,10.965289,-3.5602145
29.813795,2.0404763,-0.014213465
30.18001,13.796554,8.126624
25.310732,-11.335153,11.134338
27.383179,11.848139,13.337713
19.567759,8.545482,11.278218
24.672287,-13.03681,-11.13724
27.418453,-10.217296,-13.737459
23.852947,-12.421258,-7.917448
20.16764,-18.374424,2.2800162
19.977497,10.144215,1.763916
19.622576,-11.856455,17.53602
23.312551,22.257198,7.541368
23.984331,3.6471014,10.924797
27.293552,9.4783125,1.1037527
27.646801,24.70786,1.439664
22.758493,23.59566,8.365175
16.070717,16.809246,3.98675
20.739649,-9.2303505,10.437101
21.38853,-17.196508,14.817874
23.940136,8.552198,18.792215
15.890057,-16.72014,5.129273
29.058563,-5.6744027,-10.886112
17.8863,-8.490938,12.197384
10.715257,0.07006224,17.843052
20.311037,13.680765,-5.2203526
18.327234,13.797093,2.184882
27.81741,13.908901,6.362694
24.579086,5.1317596,8.206677
23.635643,-14.867364,-6.8033786
26.312157,1.0911915,-8.378968
13.1946,-19.369995,9.379099
15.954329,-22.20014,-3.4697435
13.301499,-21.333828,11.567956
17.105307,-8.772075,16.945051
16.079914,12.700127,-6.2347717
25.256573,19.951447,5.338718
20.972467,21.568918,1.7834283
25.719519,20.439754,8.733854
9.51049,2.9828367,18.91355
26.288256,11.633381,14.292614
18.06701,-10.113958,-4.0952935
16.95384,16.006248,-4.88383
24.124914,25.091574,2.9078526
14.604483,15.326524,3.5512156
18.05998,-15.811382,-5.1437078
27.540335,1.6986731,-5.03633
26.52884,-6.091202,-11.311625
25.38501,10.4642515,-2.3653455
17.117369,-24.932234,0.629807
17.257881,-19.96271,7.846277
21.491438,-9.739676,14.303132
28.675417,3.3236547,-5.5812545
9.77215,0.1432076,16.27863
28.789738,-8.405261,-7.332391
24.835041,4.8023987,1.5531893
19.582943,-16.870678,-0.7298211
19.79769,-1.6241773,10.695665
16.705084,-15.151678,17.434523
17.469421,6.1786804,18.337412
17.22614,-22.016727,1.0916343
14.6998205,-22.66435,13.781989
21.28271,-10.746761,15.50886
21.641956,-0.71727335,18.898928
17.775171,-1.4259615,19.833664
25.422367,20.686256,4.7018056
20.68438,-18.272156,2.6368275
20.687033,-8.801451,10.285975
18.505875,0.5641084,17.409056
18.357653,10.531201,6.284985
17.737623,8.966666,9.424328
20.242798,10.029723,-3.9700139
17.325174,14.737004,-6.0378375
23.05642,7.7817388,2.0496154
19.219133,13.771332,7.689069
24.33337,14.890572,5.801655
22.874456,-8.159067,-11.912768
20.88434,-10.325402,-3.724555
18.60934,-21.012135,-1.6704209
22.482567,-2.2430413,4.2602754
17.478231,-9.659819,5.8697205
29.667189,7.857638,5.5153027
25.273432,-9.434349,4.437438
25.695778,2.6160195,8.687221
17.376093,-21.929396,1.9123015
15.12018,-17.992205,6.9059057
21.96932,15.313282,0.78701663
17.605053,-12.505045,17.576487
19.17723,15.642087,13.887168
15.390837,3.0432034,8.562026
21.978258,-16.40672,-2.14168
29.00862,-4.761391,-10.741957
20.988039,7.6094184,15.546203
17.230188,-13.446352,-0.9058524
29.644232,3.3169103,13.005969
18.687904,-10.053299,3.3531423
24.290878,8.78931,10.72876
22.14661,-13.534882,-3.563247
18.508694,-14.37565,4.6179976
21.764498,10.600061,-4.3876724
18.632036,16.410564,10.567143
27.249113,23.698162,8.030824
15.563901,-14.0334,2.1862857
18.868967,-9.300537,10.97526
20.343935,-12.386945,-4.8813357
23.43188,-8.870105,-11.943965
28.555101,3.1303794,-3.1524355
20.818848,-13.497161,9.758471
30.592733,10.229999,0.8984742
24.6759,21.058764,7.0846186
17.540417,0.99924946,13.778851
23.071331,10.769318,20.311687
20.856178,-12.561153,0.250536
20.206074,14.21387,17.789034
29.367077,9.65329,-0.9326625
13.63074,-25.17361,1.9456283
19.20692,-2.3600109,20.155912
26.108353,-14.219928,12.024166
23.761742,-3.1747572,9.908995
19.76016,8.571491,-1.1544266
19.708702,-14.013535,-0.76285803
28.906279,-5.593822,-6.0695677
13.40444,-25.396248,11.128763
17.462128,-9.505592,-0.20624977
28.724577,14.235685,12.671185
24.05135,-3.0959938,9.362551
19.530428,10.779183,19.331907
4.407499,3.1217313,28.977308
21.226603,-15.864242,10.529092
28.199255,23.364983,4.9962063
16.448517,-4.931111,22.04327
26.53709,4.7472286,7.9930778
20.771042,-5.5836177,10.087142
14.579719,-18.891514,-0.27583057
16.455626,-21.637215,-4.226372
21.113142,19.97377,9.451141
24.167183,18.068657,1.921425
27.208601,20.441874,0.39065704
18.280458,2.47723,13.643441
21.227365,3.2679832,20.604471
27.323149,-2.049303,-0.6864224
18.728218,12.844162,0.10952277
30.789202,1.9527215,-2.5909688
28.9309,-9.039529,-11.417528
26.53615,0.56527185,15.065054
16.082071,-19.628418,11.303751
22.156305,-3.030018,17.468239
26.04721,-4.6034527,-1.0031476
27.241106,-11.399141,-11.549932
19.133255,-4.336182,12.561893
18.58885,16.240765,4.664927
25.276997,13.391008,-5.191684
20.569319,-23.696909,-0.4738735
19.377636,-12.294673,-3.7714903
17.576912,15.222433,1.0749005
16.7676,-10.191319,15.92493
25.102543,20.994198,-0.8623249
22.155012,-1.9402763,4.1819334
25.18455,12.426072,-0.04602458
18.31554,15.146939,8.7623205
27.50143,4.57405,1.4093484
28.68763,-6.87014,-7.5418043
25.971718,3.4879563,-2.064562
9.675063,-1.6741426,19.752367
14.852518,-16.328264,5.1184273
16.44479,-25.601671,2.440922
21.481804,-5.4865313,12.740381
26.757051,16.730688,3.1835883
12.693402,-15.384076,1.1799537
30.88971,14.529878,-0.2392484
29.275242,2.9458785,14.034031
29.106054,14.79928,0.20711975
19.796032,-1.5066285,10.119328
17.131975,-15.736989,17.946037
26.393066,-3.3195336,-7.1499295
19.006067,22.810268,-0.09193066
24.716074,12.721735,1.7392515
21.486086,12.6896715,-0.36327034
15.860777,14.400571,3.7413237
24.211874,-1.6927499,-8.128717
26.29306,-1.2791029,6.8292794
29.69315,12.053415,5.1830764
25.312359,-0.30061907,5.5179644
20.569872,-16.14378,-6.270308
20.294727,-23.384237,-0.1736465
27.292542,-7.6298714,-8.544549
23.079874,23.017939,7.251209
19.441702,1.7414415,6.7999344
14.055573,11.043277,-3.5250695
28.655825,20.357798,-3.2292771
17.032125,-7.0290766,20.456335
17.298988,-9.470826,5.859831
4.5939465,1.5712361,26.299389
25.125454,3.0001593,10.201525
29.366465,19.477915,1.6253955
29.217915,14.132063,-1.4769391
22.004265,-18.03171,3.7407978
18.921417,-13.902811,-1.925416
23.679672,12.172867,5.746492
29.586605,0.90558857,11.56473
17.365408,-9.258022,14.660808
27.42347,4.1141562,-1.338889
16.46715,-13.499794,19.455353
11.060502,2.8302412,20.44158
20.623457,-8.738978,4.261601
23.836096,-0.5596001,-6.3047786
25.41667,3.6041462,17.277279
25.097092,-4.938228,15.159753
19.422138,-13.47956,12.00034
20.176933,20.009909,-3.8949718
28.770033,8.98805,4.164575
8.153589,0.217077,19.648094
19.361956,7.214344,13.20245
23.574707,-12.606743,-14.236186
27.260216,12.283248,5.780354
20.205236,-8.458679,4.561822
28.444632,6.0669203,-2.4609938
27.553286,19.99607,-0.37146825
19.925278,6.0871296,10.426219
16.861925,-3.792723,20.958311
29.409775,-2.5810668,-1.6686704
5.9193892,3.9080741,29.485868
15.699974,-19.225775,6.860383
28.015926,18.41745,-0.8162486
17.39716,0.027202472,22.249794
22.20595,5.603012,16.502579
15.68254,-18.884586,2.5286758
15.231254,-14.0554085,2.567411
21.9668,14.110237,3.1994655
30.02301,6.729714,4.119263
23.147655,7.688203,2.1665766
22.669672,11.011003,16.645521
24.192133,-11.23107,-9.073819
20.755125,22.912647,7.326483
29.134457,8.945755,4.9575844
22.968695,-5.3812733,4.7000437
30.350996,-7.774222,-9.513211
23.51214,11.058071,1.0199171
21.01142,10.387343,16.910236
23.940136,20.28158,-3.082103
22.805548,-13.675922,-7.600378
30.132927,13.51543,8.051533
23.131107,13.668578,13.636192
22.496262,-14.496885,-6.7344723
19.094288,-2.5216303,20.401014
22.21307,2.1417973,12.903529
14.105976,16.200064,2.0697362
21.095345,-9.283045,11.936907
16.82817,7.9119864,16.751842
15.76731,-17.180803,5.5594473
15.423064,6.438297,4.3068943
20.39916,8.8575,17.276388
7.2967706,3.9135947,20.210112
17.28267,-13.411923,-0.8348055
20.293442,22.335892,6.96636
16.229574,-14.648586,8.470864
14.128177,-22.986778,-0.5650784
18.202522,-11.610179,17.99304
26.983595,0.81346095,15.368635
29.229048,16.879564,0.24373221
21.693752,20.342764,2.7627726
23.159565,11.486342,2.3740048
30.24143,-8.213538,-4.588424
14.474193,-19.314661,-1.7922795
22.9768,-13.187956,14.707702
15.380675,14.069955,-5.88006
24.315506,-6.3269553,4.984505
12.230464,-21.1017,4.0678954
22.307732,9.254936,20.060774
16.911407,14.5857725,7.430467
21.524004,-13.5510845,-6.698857
20.761116,-18.77116,-3.9681613
30.404503,7.984827,3.3174717
24.323927,-9.032943,-15.4323225
27.036385,0.47340366,-4.0605555
22.656414,-4.7194166,14.037352
20.15484,-6.4023795,16.280006
27.944393,1.6377282,12.240493
26.62434,4.4630976,8.695135
24.43369,2.0824165,13.839718
28.620886,-11.176604,-10.057381
19.668163,10.000762,1.5647111
13.135134,-19.56009,-0.88766146
21.470352,-8.435629,2.0983377
24.00462,21.65316,7.4701624
28.658693,7.3420234,-2.2644475
28.089361,-7.6213293,-11.694785
15.599602,21.116848,1.366782
14.573379,6.1627254,2.252622
16.36464,-11.0643,16.528011
28.098007,-1.533618,-6.121223
18.205788,-10.278171,-0.69899535
19.969414,16.147131,5.747788
24.307846,22.575354,-0.057081897
23.637533,-2.903947,8.448705
20.939722,6.530321,5.994404
29.429178,-10.720298,-8.853862
9.888403,-1.8296978,19.565475
15.29645,10.499278,3.3153043
24.92962,-13.910085,-11.834981
23.658463,19.876873,1.7729462
27.133265,-9.7547245,-10.234062
16.482868,13.650918,14.887845
16.645847,-18.82674,-4.370059
15.463931,-14.104598,2.84912
28.312899,-3.6479483,-0.7174435
28.886044,1.5654386,-2.4522839
28.912819,5.8914742,11.95561
17.235842,11.821827,1.0548193
28.323198,0.095460236,14.818381
17.637838,8.636933,2.1653838
23.123901,-7.1122794,15.074722
24.817375,-4.857378,0.43142125
14.800435,-24.351315,4.5513096
23.75841,-8.667905,-5.8890095
27.850775,-2.6854253,-0.061422322
16.426672,-8.377368,20.765345
23.490175,-13.482322,-2.6020317
23.982002,-13.334337,-9.759724
22.23634,-11.708803,8.105192
11.081395,-21.241465,8.648216
9.150857,2.9707282,18.181147
20.7147,-13.005879,-8.789638
29.753336,2.254219,-3.2887285
16.55817,-20.627687,10.357635
25.856781,-1.7255801,3.6761115
20.453278,3.4631972,11.805871
30.51764,22.010132,5.119822
22.882769,5.383176,15.236054
15.260176,6.7553916,2.06065
17.861494,14.0864315,-0.8390736
18.405983,-12.394031,2.0886858
18.314844,-1.5200368,6.3166122
20.943712,15.265608,2.478273
25.913609,2.4972315,-4.4889307
14.540045,-23.273079,5.191145
19.511734,-7.6904387,13.140521
12.715387,-21.657333,13.692836
25.916574,5.249049,17.559786
29.909485,15.234823,-2.9714105
7.6293197,1.1790582,20.580803
25.318539,-1.3662233,12.375123
19.201773,-22.636969,-1.7579796
18.096956,-24.337757,4.643865
17.076063,-23.13016,6.12741
16.641396,-21.122398,1.4749123
27.107924,15.40067,2.6671288
28.206192,-5.3116007,-6.140458
27.715664,-2.7685196,-2.9535065
17.448517,18.340246,1.2790575
16.024836,16.900434,-2.8239708
23.771408,15.951505,12.323706
23.12978,19.740294,-2.3532107
14.984505,-14.243828,2.8867798
19.164576,-21.719814,-0.3987409
24.619999,-0.87867236,7.28458
21.055313,21.432251,2.471135
29.024632,24.68406,2.6489546
29.478624,-2.1213455,-1.5068518
19.7387,-15.724914,5.647649
29.186827,20.558674,-3.6732273
23.819244,22.886562,0.49228635
23.07749,-13.592823,-8.802349
16.399487,-10.861796,15.636139
20.553757,17.148623,5.1478186
23.666594,-6.5694976,-9.072679
19.098091,16.10741,-3.7964592
26.025747,2.186182,-3.6496928
21.560772,-13.434156,-4.523086
16.807146,15.829713,-3.0265417
25.892979,17.047068,5.1658897
21.197855,10.421827,19.248774
27.837578,-2.4139576,5.6994514
16.863205,-7.2035904,1.9812615
24.13861,14.47058,5.2187166
17.810797,-19.540276,1.0921782
27.767786,3.8223753,4.146445
22.748867,-12.178196,-8.111883
26.741697,16.714901,9.6026745
19.036636,-11.719523,16.33151
15.743402,21.17702,1.4570191
27.002968,8.581313,-1.6597052
26.367664,11.838591,15.136225
16.824278,-22.99771,3.1382296
20.746168,-12.333855,15.608353
20.57237,-21.381092,-1.5140857
23.929815,18.525806,6.03174
29.565203,6.9483156,-2.655957
26.069557,-0.64900345,-5.70249
24.697172,-7.1265,-13.673363
17.117825,10.70974,11.437081
20.204622,-17.369265,3.113516
28.68081,22.891613,2.9746838
18.432457,-15.603773,17.332985
20.538397,17.232342,5.0794725
23.195486,15.604732,12.51564
19.108671,-9.712013,18.945496
22.890478,14.750546,-0.5476986
23.347586,12.809497,12.513442
25.35392,12.962515,17.01857
23.304703,-11.049265,14.011281
19.023083,10.868339,2.6417203
23.848154,11.005078,8.499926
8.421745,1.9666523,20.7734
20.998566,13.827379,-3.5108666
13.664095,-20.495735,6.432626
14.998036,-22.74214,8.975119
20.877048,6.116536,18.167284
18.23527,-1.2478088,6.1733885
17.781998,16.081526,10.059782
29.783129,15.359612,5.6911426
13.998623,-18.382143,7.5068097
28.869617,4.24374,8.88875
17.525648,1.882358,5.8250403
15.174739,14.578236,-3.0420518
24.175417,-9.030036,6.7922864
27.387653,3.7622907,11.713404
29.013714,12.705834,-0.3871339
17.009157,1.9197115,9.227366
26.003857,10.462048,16.965975
28.897112,-8.769681,-9.524846
22.780256,-5.456417,-3.110428
21.069122,-0.8957442,14.173241
20.244696,11.77236,0.40281337
22.559967,9.5094595,3.0754788
22.2717,11.763872,16.189034
15.213621,-20.180813,1.9578693
29.91206,20.941229,6.2180643
17.275496,9.033937,2.1502874
25.13387,-12.8493395,-13.979627
14.962823,8.157975,4.0781703
16.624603,4.810515,16.603138
12.768053,-23.23912,3.3357902
25.100481,14.645058,11.617116
28.050163,2.2084334,8.255718
22.317,-17.663006,0.27192926
29.739424,10.437613,12.510414
24.773996,17.422812,0.68071216
30.153446,3.56074,5.274406
23.880547,-11.041337,8.662494
12.446637,-25.607191,9.887059
26.706408,-2.0279396,7.689816
25.478176,-2.3191843,-8.450416
14.545065,-18.722992,5.823307
14.94475,-20.655056,12.296683
19.439388,-15.53005,16.935698
18.129742,-14.237471,17.780624
27.59533,-5.6362233,-5.63553
25.770147,5.7498646,17.228922
27.056303,-10.050604,-13.690582
29.275526,24.389507,-0.17262691
28.386225,-12.234391,-7.9701858
26.689177,16.975729,3.7573612
21.114323,-2.9339392,20.160439
21.28376,3.2477796,12.623192
22.91671,13.205871,-2.0240774
22.457554,1.1447057,20.392136
26.252653,1.8314828,-6.1247063
20.152534,-17.04172,12.317853
14.466602,-16.05002,4.8811617
27.069628,-8.070822,-9.377876
24.69575,-12.024716,-10.338821
15.016901,10.676296,-3.3813193
24.845764,5.7126894,10.528256
16.620838,12.371546,-3.3036575
13.928091,-19.79716,8.071924
19.149656,-14.980936,1.4757265
12.582074,-22.23961,9.786315
11.811698,-20.009933,7.847614
27.503725,1.1503205,-7.5393043
23.789206,-6.3171644,3.7695143
16.553738,17.233292,3.365967
13.0704,-22.454165,10.125898
16.551207,14.235222,-6.031873
28.266724,-7.014266,8.7054615
25.34448,12.377684,3.9083097
22.121527,15.822739,-3.290534
24.714466,19.934015,10.171905
4.0216107,2.5438673,27.275087
14.499058,9.093802,3.8066638
23.987867,1.783879,12.801797
15.461877,-27.556787,1.6344669
19.969515,10.776458,-2.013887
17.191502,14.380167,-0.488049
24.627838,-4.7834263,15.847472
19.67589,-1.6170701,16.393711
31.07243,5.429227,0.46445507
21.210257,10.992155,19.649057
16.819803,1.8390231,8.186554
20.738401,4.4622617,17.876543
18.69398,-10.574036,9.695929
30.018322,16.736805,4.2664404
25.747894,-0.7362154,-9.478092
16.344994,-12.042894,10.965968
18.018915,-4.3389864,19.049877
29.365824,12.77747,1.6624365
13.319509,-19.607515,-0.7846855
14.439357,13.628229,-1.6257052
16.946867,3.7666829,19.933832
27.003885,-5.775266,-9.889238
18.091387,6.1096425,12.677843
15.717805,-17.59647,-1.809099
29.66526,10.440792,7.7057524
25.318958,0.4445068,10.538334
4.5317397,1.9500581,25.938265
27.984787,2.9913118,4.7455664
17.374956,11.94738,-2.057214
29.08089,0.7349747,12.276024
26.482033,8.499048,12.553489
21.19322,-14.584597,-1.4074959
19.538383,5.905834,10.286451
13.271529,16.689869,7.5087934
17.26109,1.395319,21.719456
26.523626,-1.2997988,-8.623102
25.782734,-6.4364576,-3.011919
18.100634,-2.6406624,20.665026
18.297058,-20.664106,4.5932975
18.921532,10.5017605,6.2414274
27.625103,4.571043,0.8893229
17.848234,-18.018217,-1.9743646
21.817635,-2.1468549,17.571096
20.436274,-14.896028,11.841005
25.373222,2.9408958,18.36227
28.588825,2.4088993,14.235343
28.855295,23.0196,0.3923165
25.056078,-5.855079,-10.552791
5.402991,2.963115,29.54632
18.100508,-16.621891,0.98255503
21.665504,2.6294827,11.868706
14.002646,-21.441391,14.756859
26.23356,2.0762053,-5.7451496
20.049816,6.199603,14.794177
17.674114,11.273516,-4.058396
10.129897,1.6942918,17.396769
28.903578,-4.017238,-4.030774
24.470058,15.827315,4.5835357
13.91707,-21.955778,1.8142118
21.443699,6.322204,7.657063
9.3977375,3.5333896,21.035593
17.053078,8.976911,2.249695
15.49885,14.791707,1.5877898
17.52439,0.85858685,9.297438
4.4972925,1.7678843,26.44031
25.9464,24.455,2.3933108
27.715734,2.1948476,3.2892272
16.646679,16.87608,5.4761214
25.799772,-4.567683,-6.879015
20.061935,1.1858393,6.193814
26.628567,-4.1241207,-9.528185
11.88367,4.6016636,20.647366
25.013723,19.811546,1.0222043
17.266182,5.8673987,15.864119
28.35701,1.652689,-7.798718
27.72954,2.137439,9.454887
24.58324,-2.6044416,-6.4188013
19.409616,-19.566198,1.4676827
20.879162,17.739202,4.4926705
26.197943,-1.089323,3.541578
23.987654,8.77277,16.053991
19.658392,-11.750579,-0.065099366
28.342571,3.6195812,14.351311
24.850555,-4.331985,16.576674
22.458557,1.1058954,20.422329
14.04652,13.3338785,-3.3073604
25.355854,-1.7517152,12.261668
24.129436,2.2665389,7.252872
24.269651,-16.113161,-4.982787
18.767159,-10.368505,7.223809
17.155361,-1.7070191,21.413805
14.552478,10.608769,-3.6633341
24.99649,15.088836,-1.9312645
24.941696,-9.987369,-13.297914
18.554747,-20.698866,1.1635269
26.237808,7.325066,2.697874
19.68569,6.8598504,4.755016
24.845055,-7.254158,-2.18487
26.843674,10.709148,-1.0159205
18.328085,10.044911,6.139478
18.640163,-10.384242,5.8530684
18.695606,-13.931168,-4.2235603
22.561586,-14.836128,-3.5300746
21.069925,16.966219,12.082482
15.742672,-20.662958,12.714586
13.372492,-18.868206,2.7101517
20.760103,-17.052887,-8.788701
23.685345,13.702309,1.406876
20.861288,17.418669,1.9401662
16.79753,-19.133553,0.70081043
23.6553,15.912108,-4.6414084
4.6457276,3.5991385,28.415602
17.903336,-3.4052114,21.13795
19.500832,16.440252,12.186234
27.846624,3.7645786,4.642068
24.992088,21.313269,2.5815067
20.717644,3.0001335,12.184636
23.787472,14.062938,15.39894
15.697158,13.0315485,-0.7432477
26.944178,2.4171174,13.473454
17.9346,13.464947,5.292778
23.806648,0.121613935,-4.765832
24.72195,-6.473375,-10.981639
26.843868,13.952984,8.310446
22.886251,5.8228893,-0.13815409
20.692629,-1.35243,7.337297
23.243223,14.6655035,5.597156
15.588486,-24.85017,5.7278543
24.305592,7.0492525,19.273914
19.162512,-23.30061,3.3226066
21.372944,-8.459499,11.712623
23.841398,1.0894052,-1.9282637
29.417343,-4.2525744,-5.8060703
13.175795,-18.24468,2.8606994
22.231264,21.321188,1.9767644
24.230371,2.0315948,12.895337
27.119244,7.3511434,1.0651973
17.298672,-16.588686,16.084345
29.442299,0.6157889,7.710076
12.543213,13.230317,-1.4336371
16.157223,5.8715734,12.514612
18.188086,4.4637475,17.608147
10.206136,2.6918638,19.349276
16.690685,15.005816,3.3985407
16.02793,-10.065841,21.156273
25.466673,16.273754,9.760493
13.714924,-19.969137,10.706247
16.002401,-16.39813,14.896179
28.917633,13.965435,5.0609875
26.296982,8.961005,7.063252
20.616253,-16.779816,-8.751088
29.855612,20.91445,6.440909
21.535904,-1.433106,17.848093
20.548996,15.533616,6.0394044
22.056946,8.700724,17.931875
26.687553,-7.2571507,-10.169045
15.091417,6.9430285,4.058914
21.756233,-12.164786,11.7947445
22.845201,-6.6436143,11.3047285
18.217293,-10.762816,-0.23301168
15.858272,-25.920517,6.3064537
28.257538,-0.34474328,16.1708
19.78289,-24.034048,-2.2620213
27.494,20.591536,0.49629086
21.312077,11.665679,15.407889
14.9140215,12.229983,-1.3261242
21.016138,0.5215449,19.27839
26.916365,13.4607115,-3.889133
19.095255,15.68003,13.887443
16.659224,11.0942,3.2659767
20.644203,-13.988199,13.989708
29.37884,22.075089,-1.1045212
21.6645,6.0848913,7.5722027
28.43902,-12.179876,-8.065616
20.570719,6.705821,10.270897
25.28359,-8.390833,-10.80674
25.797071,17.22845,12.341221
22.861345,-10.105312,-4.7996125
16.08314,3.8906693,7.66983
26.393991,-8.70982,-12.583181
18.192284,-14.882184,6.5721693
21.486233,-0.88897115,18.54181
17.876293,-12.94168,18.06728
21.63181,18.96993,2.2734997
23.261385,12.173785,19.772995
25.016327,9.347705,20.789284
24.24994,-8.872361,-6.8214073
29.794008,-0.85312647,1.7556827
30.272818,22.386723,-0.044677325
22.483952,20.495186,2.0164096
16.734875,17.514885,-1.7746454
23.911304,-6.690061,4.7878013
20.247519,13.295021,-4.150979
19.272984,-10.629327,-1.7804217
23.937992,-11.89667,10.92162
16.700157,12.545549,2.958711
21.728613,10.831851,17.176262
25.088333,14.389573,11.603924
23.98081,-6.321145,4.810562
21.51727,-20.56443,-1.5971737
27.012257,13.184859,-1.5204809
20.039215,-11.243987,0.06673235
14.579934,14.384794,-2.7103462
23.809877,-11.359567,12.536849
16.578405,13.863,-6.0911913
25.32752,-6.7541304,-2.8033648
15.675953,-17.877031,14.989042
18.584314,9.505711,14.491835
17.569519,-14.90653,-4.402935
19.164515,-1.036186,14.925503
32.33325,7.848326,3.0771716
7.8221774,0.5080287,29.14282
24.308346,-9.441298,-7.69035
19.112436,-1.5332731,16.185312
25.368889,-11.046539,-11.68666
29.639277,9.807998,2.7305975
25.612585,-6.3855085,-3.3487504
25.008516,-9.707852,-10.399416
14.891007,7.0902753,2.10883
22.890368,-10.484547,7.748611
17.065123,13.282972,0.5170009
23.144962,12.636333,13.193619
18.439514,-20.864153,5.3237567
19.996754,9.27293,-3.9775345
28.49085,2.2527838,-7.5161486
18.619513,12.864544,10.861793
23.285849,6.16475,18.547346
17.572205,-20.694166,2.4631028
15.901709,12.751039,2.5761156
29.957603,2.7564156,1.4062573
23.424093,-13.847257,11.600817
16.20454,-15.534075,0.62532514
18.551212,10.704322,15.089113
20.125763,-12.9645815,-4.5270433
19.814394,-18.373552,0.42843258
12.582869,-18.869362,5.3710136
20.22262,3.3637023,20.321701
29.0534,18.046892,5.586761
21.175623,11.722192,16.894514
27.83457,5.2613707,-0.78611255
20.95485,14.610514,6.9820895
19.053387,-20.315266,-2.2699013
26.474741,0.61902964,-6.8513594
20.231325,1.3796924,13.817905
14.043815,-18.144625,7.4085793
26.196371,4.250281,5.844433
15.497499,-21.243883,7.125882
26.182848,-0.8713691,10.655672
23.607206,16.277327,4.426402
16.566566,-18.11061,3.7666223
14.646968,6.528087,2.3139267
22.184809,23.045103,7.03279
15.576839,14.336231,-2.7627988
20.827675,-0.070474915,6.2969685
17.048262,5.1304746,13.417209
19.323608,14.539629,5.4738703
26.567871,20.728506,-3.2529442
16.608793,13.431325,14.962316
20.001038,0.6663403,15.388919
20.572355,-11.795824,11.99035
18.251932,-6.5053387,10.080753
18.33705,1.1104634,16.861942
27.314558,12.410571,7.226217
9.504181,4.412279,20.68926
22.96894,-4.8606687,2.8686001
22.919004,9.769118,-1.654827
27.022175,24.82411,3.2439895
16.518425,6.9681263,17.388712
28.857185,-4.961452,-5.5312796
16.979834,-7.1227922,20.486326
20.998928,8.167927,10.813874
24.728025,16.02323,11.561351
23.063782,-0.0045292005,9.808836
23.26129,14.236803,9.678674
17.612692,3.4785242,16.422316
21.3318,-14.425834,0.41027838
24.69247,-2.0725455,3.6556222
18.225916,-1.23742,6.1813946
25.0675,10.060234,12.47616
20.179533,16.771639,2.4878485
26.10836,-11.039263,-9.636515
24.603943,-13.729817,-4.2477274
28.81815,13.518166,-1.14407
18.870075,22.889816,-0.15857196
25.276035,13.87999,5.764461
19.72637,-11.905249,8.375109
20.742796,8.925413,6.4067326
26.010136,22.897264,2.6042914
21.155714,20.284067,1.0046786
20.269194,-12.653736,-1.5369109
8.129303,1.1196102,19.715065
18.84151,-8.638028,-2.8052614
21.920172,2.1454077,12.998629
26.393154,5.0625525,9.507354
28.130804,1.4358118,-5.8940353
19.287504,-23.773151,-2.5857491
4.957451,3.4797816,29.633474
21.425014,-21.270153,0.69692546
14.325419,-23.30186,3.8303432
23.882856,21.477139,5.910696
27.034504,-7.07337,-13.668932
19.448713,-7.714874,8.686134
20.799625,-9.5873575,13.225939
27.564863,15.40673,8.936446
24.067715,6.763002,16.817741
13.872157,14.067138,-1.3594208
22.659922,-5.105994,8.318612
17.43699,18.902863,-2.0876627
25.129267,-6.6472225,-12.407621
18.930204,17.178425,0.4907422
18.764437,11.307007,9.087358
13.118957,-23.207865,4.4862933
19.690052,-21.288704,6.0141325
16.03337,13.17833,-6.1912026
21.179527,-11.1744995,15.876294
16.26414,-18.106424,13.111569
12.59179,-21.534096,13.319041
19.182669,-8.473353,5.78075
27.30764,2.8951228,1.6008912
20.30328,11.448169,0.55309194
16.630178,-14.877961,4.4256697
26.835758,15.737454,-0.058016494
23.002783,-4.8851833,5.7054896
23.033377,12.315871,18.745575
23.899574,5.757268,11.093923
16.216558,16.539772,-1.2967417
5.2517266,3.0412261,29.048874
4.1381226,2.6259556,27.918423
19.449001,7.968596,9.029277
15.482295,-16.371078,4.071374
16.418264,22.60104,-0.025418812
19.081007,13.585699,7.6268167
24.378164,21.666483,5.787161
21.134567,-13.517769,9.232211
22.50373,-6.7546644,1.1641542
23.506544,-15.024497,-6.171942
22.634327,-12.09938,-9.852559
24.781855,-13.088787,-6.209176
20.803959,-5.4092526,9.7923
13.481937,-24.396547,12.499186
18.35608,10.2162285,-4.916273
27.817608,10.481915,5.230407
23.634142,-6.139606,9.722798
25.56462,20.291508,5.1175017
19.200157,16.99911,11.233537
20.318823,15.029783,-5.403095
29.796661,-10.4137745,-7.588508
19.47125,8.188404,9.094705
27.992943,6.9859114,7.710515
27.43557,16.921288,-1.7968497
27.096636,8.694,-1.896465
20.764664,17.200144,2.0313108
18.8171,8.045283,19.792643
28.764053,-4.5756445,-3.048184
21.638773,-14.144166,-8.9442625
27.864458,25.396225,4.6286116
19.62608,-9.317043,10.078705
25.998234,2.5212188,-3.4972196
19.283573,-8.703335,6.809229
20.431812,6.493754,11.939742
19.086515,-19.47718,-1.9154826
13.6339035,15.722951,1.4561601
15.42646,-16.30749,2.9036357
20.421093,1.2803932,8.179032
18.600212,20.842743,-0.14459267
23.838928,-7.2598586,14.330048
12.645549,-24.6718,5.9581404
18.387278,1.9418845,4.846788
20.718079,6.3595777,16.087103
28.896875,4.897207,-0.7753503
12.936875,13.682985,-1.1683675
27.999926,7.0616374,7.620833
23.42434,12.467802,5.6612372
16.67524,9.181341,15.972249
15.214238,-23.338617,5.674691
26.874222,-0.8927411,12.881423
13.123779,15.283883,3.4104679
21.5689,-12.059612,-4.893539
26.906466,3.8919811,8.058913
29.799356,0.8484037,-1.0848988
17.508102,10.379092,-5.184412
23.20651,-10.414066,-13.451235
15.075591,17.402977,-1.0890541
15.896295,-11.25794,10.282394
31.290628,6.90141,0.78278995
21.202667,-8.235037,0.83833236
15.514831,-22.671715,9.824751
24.145187,2.2300751,7.256491
20.539387,21.143295,-1.555038
18.491873,-17.247519,12.279174
17.339437,-10.941112,16.517548
18.935043,-14.693702,-1.0180362
6.089657,2.729042,21.95231
25.241138,-12.002213,11.566911
16.308744,-8.84399,20.84127
26.366142,-0.73421794,2.7090604
19.247046,18.590567,-0.20724794
11.200512,-1.0461276,18.686346
23.776203,20.294659,-2.9907615
24.206161,-9.371191,-2.470565
19.314907,-20.455227,2.3154824
27.11333,22.392443,6.3053117
17.037144,3.5824223,9.640855
19.005257,-8.216884,0.2182555
22.044613,17.649836,-0.3022874
24.09408,24.628426,4.9807887
24.653473,19.915049,1.4310839
13.357696,-21.618237,12.788713
25.31136,3.3054938,10.680514
19.71686,-2.0809937,8.657696
30.1734,7.166236,-2.7645514
18.215855,-5.7103834,12.900925
28.861917,-7.593786,-6.76205
20.44949,20.735916,0.9692759
28.72984,16.142975,-3.3886979
16.59554,-14.61797,15.345425
27.681673,-0.109495625,11.091318
15.385859,19.182676,0.94503945
28.341114,-7.1603584,8.693206
10.795295,2.6698613,20.092213
17.55329,-0.37854987,11.435151
21.269426,14.251849,7.845122
24.679642,-5.019924,0.30060402
29.866343,-4.1505733,-3.5581887
19.470602,-5.450044,13.644251
20.022242,2.7187786,6.528807
20.388264,1.1363506,9.171945
21.29975,-2.9136753,20.147871
6.572745,2.5123913,22.090591
26.777962,-5.779931,-13.602459
22.258522,6.7906427,18.231903
23.310465,13.610395,16.282776
23.278915,-5.7201004,4.694814
25.937332,-9.120402,7.078967
23.498209,-12.7841425,-14.266438
27.388988,-8.982486,-12.748393
18.541487,8.8777275,11.335738
19.239412,15.101793,4.574836
21.134912,8.119263,10.833019
14.018099,-22.61763,14.183791
16.204187,-11.967205,10.993668
19.147839,17.580345,-0.7713073
18.917006,-9.520933,11.4699745
24.635353,-8.861091,7.40213
26.311491,15.287246,1.5549525
30.9162,2.143515,-6.029889
13.388965,-21.196892,8.243196
15.34364,-25.008923,4.1356673
24.364971,-16.016077,-4.6601667
26.4218,11.958823,-2.3791826
28.645773,24.474316,3.6651852
20.464554,16.96792,8.422013
19.765427,-14.853162,13.809108
16.954845,-25.783398,2.241596
11.42454,2.1072302,21.688166
19.101755,-23.441952,4.347757
31.153036,3.733488,0.641029
28.241194,0.08384803,15.472716
29.911024,5.397799,0.9115704
18.325382,-15.47137,17.199247
13.698562,-19.964617,13.767029
18.012152,-10.881409,16.482618
18.66636,-16.699049,5.1848664
23.810257,5.92889,-1.0678595
16.799488,-11.038467,15.355361
18.26108,9.244033,0.7478406
30.115997,8.117025,2.5817783
29.504053,9.048098,1.9985142
18.16455,-7.9112363,17.506697
26.209093,12.730968,-2.006526
17.285692,9.817945,11.051028
17.515394,-2.5047584,20.836058
26.734,0.7333878,15.165566
21.003214,10.500183,-2.8011334
18.066156,6.940543,13.516433
23.44442,9.828767,13.971268
8.650145,2.0043344,21.320635
21.867277,-13.09745,14.344221
23.651623,-7.367327,-14.854025
20.11973,17.492973,1.1153686
16.653185,-21.897099,-4.8340607
15.196613,13.045993,11.457684
19.185223,-11.309945,11.897947
23.834993,-0.11642469,12.246589
15.045498,-17.279305,1.0526394
24.322443,-10.8303795,-2.0157995
16.520277,-20.206257,-2.6249275
16.034824,8.458983,2.1562893
25.915747,17.762495,6.789816
22.384195,-16.425905,-1.8678178
24.553015,-2.7445424,-6.1250706
18.536745,-14.997816,7.382896
31.12314,12.445138,4.065015
28.324287,8.630181,3.5648696
26.939556,3.7745047,13.491868
17.049973,6.2931347,8.743152
16.884127,-2.200614,21.39536
24.834753,-13.139202,-14.680332
22.548243,-7.2246847,-10.110716
13.257261,-23.857466,10.034383
28.493904,1.2211316,-7.584991
15.608424,-3.4267824,21.181076
26.068499,-6.420721,3.4811828
26.618916,19.841507,-4.5600543
25.435183,-3.262546,-11.407204
14.137253,-22.675722,14.8642645
19.706774,-12.015966,0.61179113
24.318333,15.066546,12.716418
20.548906,-11.435327,17.11153
18.5446,12.575259,0.2412396
28.039627,-12.196175,-9.131017
18.415468,-1.9079924,22.19381
28.087639,-6.5461693,-6.5179095
18.42729,-18.576889,8.225449
17.794975,-10.24185,2.6874878
26.778158,14.13042,7.94933
27.869404,9.902023,7.9229913
20.981739,7.6195297,16.741957
24.864376,2.9220731,19.133255
18.401613,13.750317,0.46551076
14.561344,15.754235,-0.59490114
18.937372,13.3751135,11.344628
14.559779,-25.938692,9.123986
25.730856,21.589228,4.5752096
11.563787,2.4876268,19.252142
28.854261,8.22156,1.7460003
16.369778,-15.026318,3.3178566
17.20271,-10.206131,12.172112
24.30584,-5.7097526,-12.571948
11.63132,-19.957237,8.70707
22.613194,13.046545,5.6791844
17.424992,-10.721007,3.9931903
31.73535,8.257916,1.0118505
24.348701,3.0249496,19.526045
21.555819,-21.005812,0.97792935
18.404406,7.3385468,19.100946
14.876576,10.602852,-3.4741778
29.310516,12.902713,-1.6568059
28.7682,23.24189,4.0499234
21.716795,11.256312,18.194326
22.224358,4.3956347,10.121347
7.4981103,1.1128405,20.767143
14.187216,-19.256325,-0.75803715
27.052784,17.582289,5.0969567
23.26802,8.2650795,12.781177
23.542194,-0.9846762,10.2248335
23.625887,19.415237,2.7939563
24.181984,15.514176,16.97625
19.379545,16.58646,-0.2865593
17.528614,-16.879822,3.1684937
25.415606,23.508215,5.789716
27.10415,0.8541857,15.368002
17.085358,8.782497,-5.433237
26.071127,0.2693158,6.661886
20.486164,-12.046988,14.132855
18.527643,-10.978952,-1.9856563
17.766201,12.44116,15.307477
26.483,11.450238,3.074124
13.583091,-21.769167,12.444802
11.388521,-22.17198,8.639033
21.326653,-16.011633,13.007028
26.245258,-6.583342,4.5692673
16.745535,-7.4694114,20.617432
17.01573,-3.6020007,19.373146
20.574877,21.010864,1.1333266
16.130686,8.553902,15.766152
13.989792,17.346684,5.310805
18.082062,1.0100361,13.02683
14.064848,18.490187,2.5241609
16.394283,7.86078,16.668018
17.139322,19.662693,1.6264819
25.478783,16.197212,-3.6838307
19.810839,8.182679,6.1068387
24.490448,6.210333,14.156385
21.651073,13.433426,-0.06501896
18.732628,2.2998846,6.6298375
16.461111,-18.425407,3.2543154
8.542135,0.30100998,19.098005
23.231567,4.7802076,16.898037
12.646607,13.2538805,-1.5127168
23.904806,18.479687,-0.90309954
27.67386,-2.4927645,-0.4011075
17.278898,-10.620524,13.088308
16.376463,7.8975444,16.591784
17.808702,9.638947,1.6236653
17.210636,11.591134,-2.3368194
22.872581,4.6798983,2.788982
23.385937,-6.9230337,-10.3328495
26.962587,5.462631,-1.7782848
17.654303,13.246293,10.512689
22.764345,16.051521,18.017551
24.923304,-4.575967,0.90790576
28.613161,-1.5758213,-4.5079637
20.760408,-14.48335,-9.019327
30.424282,21.451094,5.0949664
24.570435,-0.05294503,10.010523
26.231205,0.7957547,10.265283
21.023026,-16.98192,3.2055311
15.655942,-21.95382,-2.009276
24.397747,18.60134,8.9588
19.38689,-3.0290377,4.544743
21.923458,11.236073,18.63912
27.65333,7.423571,13.379437
27.34231,21.29663,7.956252
21.324348,-6.7721877,14.689514
26.210373,-11.055404,-13.235759
19.953646,18.822323,-1.1087484
23.87688,15.851328,-4.5375223
17.23747,-16.547045,3.0750725
18.960533,-9.8911915,1.9147284
16.121256,-15.71524,14.29514
22.902609,-1.6692203,-7.9341774
21.240068,19.661436,0.13559656
8.559632,0.15506823,21.306204
23.599619,4.1651764,15.567249
19.551815,-11.530669,8.377233
29.594574,8.191876,-2.8136747
13.460517,-23.496178,9.280721
26.890959,-2.8066783,7.1465106
22.261286,10.008373,-3.695705
17.747118,6.0286317,15.526598
28.79991,-1.7632036,-4.963835
14.11072,-23.055553,-0.6532126
28.208118,-0.4637757,-2.5399551
25.247324,19.39085,1.1896124
23.167267,4.4144044,20.133131
15.703867,-16.29863,2.6887474
24.444519,-4.4022465,17.223188
25.77928,10.658482,5.3373804
28.961699,24.29223,2.7490368
25.636812,-9.851995,8.987252
28.33744,2.6017106,-2.5445592
22.848024,14.341081,-1.6445479
27.205503,-1.4806294,-8.447543
16.138851,-25.158625,6.1138787
22.902143,17.845638,-3.5130126
17.13192,9.653684,-1.3308817
20.522408,-16.786943,-8.769706
28.840723,6.7390985,-0.6860889
13.826781,-24.819366,3.1567214
23.56346,10.241484,19.956944
29.188095,-4.4284906,-5.2939134
17.079496,2.0897229,6.830744
16.406929,-26.482937,3.7701283
4.554325,1.8017765,23.054268
22.673092,23.562595,8.110865
13.423648,-19.787106,12.072592
19.461428,-7.4438396,11.878719
27.158295,10.107033,-3.7615862
15.124928,-17.372541,-1.1853904
16.22404,-14.946877,8.593339
16.096264,3.362928,6.150284
24.807589,5.0156207,1.65703
25.375944,12.977007,15.397764
17.349651,6.00403,18.185793
26.38857,-3.2202306,6.390549
15.063163,10.306255,3.452269
22.450802,0.872414,15.583648
18.649061,-24.639538,1.9748402
25.014526,19.999893,-3.5777771
20.594221,19.796007,3.448925
24.328802,-3.6966364,-6.70312
21.477268,-9.649315,-4.2535205
22.418425,-7.5291324,13.429729
18.24473,10.3302355,16.109804
21.29418,12.365326,3.0476015
10.080596,1.6275204,17.484554
19.420145,-16.356022,-2.753349
27.76317,-2.1661365,5.984158
10.969335,-20.786354,8.371346
12.172094,-20.721632,4.246276
18.931187,-11.864836,8.685422
17.066055,9.98306,2.9899194
15.345766,-3.6126914,20.784712
20.201555,-15.127352,-6.1308036
29.922297,20.998964,6.154885
28.650776,14.763739,7.771897
18.509878,-11.690918,-1.2265356
18.588488,3.545122,21.2793
26.552181,-3.363541,7.45351
21.614529,-14.040904,-6.868809
28.237955,21.470964,-0.63229775
27.672855,2.8418038,14.274651
23.505812,7.7033463,21.61552
31.636488,11.450702,4.182327
7.0765595,2.2600799,20.613417
22.235521,-9.961563,2.3028128
16.6526,-17.664513,4.24269
13.13627,-19.497677,2.9064517
27.337042,-7.578311,6.8867373
19.837679,15.886882,-1.369596
17.911263,-2.6549618,20.27899
13.553561,-24.325714,13.719372
20.992708,1.7759395,14.648911
22.946291,22.441984,3.5683036
17.978317,10.763798,12.185506
21.36559,-12.997353,-5.299818
24.67984,20.797491,2.3790524
18.401861,-12.90505,0.57726604
22.207863,0.5450875,15.929719
22.163212,-15.755316,-4.7635503
17.48695,-11.115648,2.4515216
5.986545,3.9037547,29.53003
23.864992,12.545265,-1.0825213
20.4163,0.7529177,18.837133
18.37633,-15.089042,1.6553901
27.904408,-7.32356,-7.1572757
26.25766,-0.44760832,-7.1317425
17.828016,-23.813206,3.8328648
24.944426,6.621358,8.718288
25.802937,-1.5277616,-2.9856107
16.227434,-19.499031,5.1806593
18.831505,-0.6579556,13.457061
20.081337,-23.361528,-0.050901495
19.86331,7.737961,13.095592
12.447404,-20.510628,4.5481997
24.10704,-1.8964583,-4.140474
20.876543,-6.7599964,7.707002
23.215322,-4.9900537,8.625211
26.39647,-13.031932,-10.90975
29.38596,3.0057323,-0.90487134
32.35975,9.861643,3.209773
22.447409,-10.668023,-1.866924
29.36864,3.5089583,-0.94406074
17.356829,1.8940164,6.692359
15.56206,9.212441,9.548709
24.139004,-4.993259,-6.9410815
22.044924,11.573135,-0.8945373
27.101963,2.2061608,8.145307
12.480872,-19.7941,8.929043
16.540503,11.578659,1.4012032
22.831633,-6.4472284,11.521167
19.257147,-16.39037,2.4461284
21.192625,-16.970037,14.502863
13.408878,-22.140223,12.829572
23.932974,-8.291142,-9.417043
15.369894,17.910954,2.7603104
19.93619,-21.906452,0.26940382
22.483547,6.723693,17.37892
28.178253,-4.963823,7.748325
22.006071,12.222697,13.022188
26.349657,18.614431,4.394548
25.885082,19.106565,1.7988317
29.410166,2.1101272,12.575648
28.463535,4.3733196,8.378606
27.117176,-1.3900219,-4.095232
15.263404,10.111478,-1.8404036
22.658636,-13.151891,-4.860052
29.181187,12.86281,2.3465676
24.22954,-7.482483,-11.576881
20.57419,-19.0204,-2.3245447
13.97,-20.386127,5.258592
19.647343,-19.43009,-1.7174383
17.476652,-17.910881,13.613533
26.453093,11.654492,3.1297781
13.905294,9.222585,4.1097155
29.546642,13.352996,-0.21775162
18.999645,-21.240255,-2.9088266
20.274767,-6.5800147,14.650629
25.176678,-10.870306,-10.159944
28.019186,-5.9106627,8.456361
25.646578,12.028211,-2.2046525
5.212802,3.986215,28.851725
19.071804,10.498015,9.0416355
12.749191,-15.232695,1.2091665
20.020607,6.7579317,19.015474
22.09477,7.0168333,18.037868
18.923805,-14.736473,1.517218
16.982365,1.5238525,16.749277
5.879889,1.6372914,21.65413
20.520407,6.77401,11.9540825
18.952208,17.541912,10.409825
18.014683,-9.97454,-4.147806
24.162258,-15.222126,14.435021
18.944479,7.9838834,19.859459
20.106989,15.543831,11.493445
20.26113,21.97804,0.1063287
25.778101,-4.2155466,0.3333324
14.851208,-19.308077,-1.7286199
16.96208,-19.37287,11.709471
20.319305,15.741837,-4.8575573
16.041971,3.772273,7.4187274
24.210756,6.181976,15.155023
19.836716,2.8997188,18.91878
20.221176,-19.420097,0.5366933
29.811823,2.1762483,-0.16194929
19.702854,-16.539423,-2.4651508
22.122831,14.695387,4.366676
26.244246,-6.432685,3.4116664
20.46758,17.121008,8.849418
27.971106,3.5192397,-1.5285547
27.292559,9.063411,-0.04815349
20.20227,0.34095424,16.478382
21.218494,-0.7247455,18.361197
30.62586,14.3859825,8.929576
22.144333,10.965573,-3.689584
18.71906,-21.89566,2.181417
19.500816,-7.719984,8.621246
18.806263,20.011835,10.360028
13.229235,-20.74744,4.190413
16.02962,-19.743078,12.532057
25.567242,-1.9713377,5.217273
21.855581,9.124122,20.03132
17.293848,16.777391,3.8512661
19.544752,-16.702265,2.366195
10.22378,0.88864875,17.675535
28.291342,24.659481,3.9812262
13.6502,-24.923697,7.8548803
21.584614,7.3914323,16.756773
24.379812,-10.90313,-2.1174886
28.544518,20.209702,-2.1174383
15.963964,-11.713148,11.417017
19.197893,-22.194828,2.182128
26.524303,7.032761,2.0723202
17.181742,15.0037365,6.8485746
22.248346,1.2216763,15.193368
16.977798,12.099065,9.55476
17.330605,11.732177,8.937424
4.3818593,1.9865236,26.797045
16.300238,11.657527,6.025977
22.85291,19.577648,-1.9256523
18.619349,5.5055804,18.169544
7.563006,1.2054164,21.05628
25.255756,-2.2398806,-8.164982
22.587688,1.2490882,15.837295
17.327776,9.195054,10.617289
8.975945,3.0414836,19.833853
27.217117,0.08383735,5.8312955
4.3511004,2.5558279,28.066694
4.8182507,2.4328012,22.73481
26.628746,-10.392264,-12.571155
23.643286,7.9073434,12.245233
26.739002,-10.139174,-10.194153
23.084084,-8.546979,-0.31339967
25.409698,2.827903,13.286124
27.632011,-7.2896533,6.998228
21.199911,2.51859,21.17533
26.362713,4.905636,10.717372
19.004635,-22.389168,5.6616163
22.662075,19.739868,-2.9240696
16.482168,-0.6046172,21.347614
7.959624,1.9346741,28.954018
8.580912,1.8358542,21.30904
31.590143,10.875876,4.242269
14.438473,-18.123682,4.4871874
20.6736,7.2401986,-3.4766543
25.748579,-6.1424446,-11.75763
21.133236,1.0668159,15.758574
23.073828,-10.038071,-14.270568
27.42572,3.8992002,2.6113968
19.600473,2.1212244,21.767483
16.716234,1.8998809,10.826266
25.621902,-12.721104,-9.316788
24.60702,-4.222357,-10.485203
19.6305,-0.41931254,14.415661
26.620773,-2.1996202,10.5383
21.295315,21.938852,9.194428
22.38388,4.6153145,20.438091
27.19719,2.419141,12.401158
17.763145,8.894918,10.671099
24.101149,-14.349423,-2.788555
25.123848,10.5046015,4.3588576
17.851244,12.522609,15.345701
19.740496,4.5413656,9.823038
26.125984,11.75984,14.2464905
19.333055,17.64374,-2.32154
25.010254,-7.1229334,-9.377619
20.249489,-8.926134,10.310488
24.498638,-11.71738,11.4055395
19.595995,-0.91082007,8.752758
13.495808,-19.804577,13.597314
14.483826,-16.02074,9.306195
30.096725,-9.041479,-9.568354
17.358618,-18.235363,1.0969459
29.083696,-3.660981,11.923776
29.056442,20.553278,-3.5550036
29.13134,13.930327,4.3207774
17.550081,0.69597226,13.81348
18.621305,7.0414743,16.927834
20.785334,15.185941,-3.9435802
25.700022,-8.91447,3.7279181
23.023993,-2.4647691,17.457027
28.75048,6.0098844,12.157478
20.026773,-12.343034,2.1416047
27.579306,17.830921,2.955523
17.588717,-16.701517,0.55239683
22.558558,20.316326,3.3618577
22.018047,5.0002933,-3.483513
25.442366,-6.31598,-11.244339
30.28147,-9.243333,-9.649026
30.259552,18.430254,-1.0723801
22.522074,-13.062627,-12.277187
23.01763,8.484625,13.250848
16.960108,9.130698,-3.4563208
20.4395,-14.229592,5.7723093
7.035596,2.8839135,21.54097
28.796726,15.111617,2.5595202
28.239475,0.18208285,-4.8725004
27.306067,18.311678,3.7685676
23.595934,-12.483148,-14.138545
14.308462,-19.899805,9.924601
26.88677,8.52424,12.6125145
26.77389,-4.0013223,-9.32397
25.55823,19.214422,-5.993831
25.124357,4.4523845,16.536335
19.308783,-9.590929,11.701827
18.450956,14.790373,12.866157
27.101954,4.8831625,-0.9825359
27.603134,18.256912,6.219096
15.865548,-25.908667,6.270612
16.696375,-25.561764,2.9053986
21.54664,18.929407,2.0682018
26.044235,-10.743572,-11.118554
4.532937,2.553731,25.304838
12.781749,14.893032,4.5389824
19.567509,19.439026,-4.062388
20.548727,12.269102,17.081152
31.493061,3.2783194,-0.69152117
27.537872,-0.33800176,13.460845
16.21602,5.86032,12.288127
18.830153,7.8827558,19.700132
19.331627,-12.055034,-3.045741
16.604933,-15.437867,1.6935211
20.322239,-9.92719,9.292347
25.940165,0.8682207,9.146036
15.122632,-19.371334,12.075034
18.892508,-16.815813,4.1828218
21.28017,7.613886,16.539974
18.790226,17.384924,-1.7296554
19.511114,-14.113379,-1.941305
5.856867,2.1294067,22.353561
17.65971,-10.055902,14.7995615
23.240726,15.233114,15.343864
27.608398,7.001864,13.016007
19.016941,-22.182396,-1.6652728
25.336197,-9.425514,7.7560763
22.463442,3.8845065,12.129841
23.186314,13.820259,3.74983
21.946384,18.44812,7.5801125
15.116312,1.5898952,10.368956
25.83585,-9.381809,-4.740743
24.998281,14.922027,11.542011
16.779238,-2.9263933,20.3642
14.402211,-23.76691,14.062522
25.428564,-1.3815899,-8.097235
28.525726,16.667675,-3.4202127
23.623707,-4.7001257,-13.587241
27.846556,4.393882,2.3459125
25.747868,-4.0432086,4.6790667
24.10257,-7.1242776,-8.098313
14.828047,11.4097805,-1.6836245
23.190931,-1.4485705,18.34574
25.453346,-11.725761,9.468028
22.503727,3.0274827,18.324627
28.959806,3.490495,-1.6515146
19.382618,-12.619874,-1.9979062
19.218956,1.6642231,14.25323
28.771545,23.277918,3.6748686
12.4360695,-20.954277,7.2746224
15.058708,-21.541424,10.40222
18.895105,6.3537855,17.200323
14.52778,-13.986645,2.2134883
29.398407,3.2424042,10.697887
17.142756,-12.306225,-3.1551003
25.010767,-4.7635245,-8.451355
16.269447,-25.14996,-0.31404248
28.446392,5.3692527,11.588592
20.606754,-12.205089,13.229332
23.885708,-10.543903,-5.238733
14.873952,7.1228204,13.032917
26.736506,19.28159,-3.513438
20.890104,19.843134,7.549588
22.017183,11.379696,-5.09649
27.143059,23.588158,7.9359756
26.277267,20.557217,9.3461275
15.618629,21.641441,1.3390255
20.743858,-12.161641,15.817267
20.96311,12.033868,17.346048
16.813992,5.3339744,12.948459
14.7634115,-15.588538,9.2632885
23.145086,21.640501,6.199833
22.11417,-0.33569485,14.924549
21.986242,-13.416012,8.739406
17.013426,1.0452666,7.259858
15.092742,10.711064,-1.7406328
22.968357,4.7407293,12.350323
15.471369,5.645903,1.8357152
29.19676,-4.3509192,-3.8449087
25.640524,-3.1899092,19.64468
16.502588,-11.68958,12.1273365
28.9769,0.7540074,-0.8007035
26.77788,3.3549173,4.226094
24.765547,-12.159971,9.984778
17.218695,6.487503,8.084471
16.395895,-23.735386,2.4492607
19.894018,7.522762,-0.61419475
19.884035,-13.548456,-8.233508
29.676857,0.5904732,0.8298224
18.358347,-24.1012,1.9379654
20.829475,-0.09817068,6.221974
26.905975,22.857294,-1.2758186
16.991228,-11.860853,3.7037609
29.110132,13.14648,-1.4394566
22.386374,-1.577794,3.9151974
19.42387,11.665241,14.08663
21.218454,21.769854,9.248195
20.869644,2.7363248,21.348896
14.189115,12.49856,-0.9354003
13.053666,-24.649433,10.295304
26.957882,6.888198,-1.6678625
23.450497,13.413192,16.587145
18.051247,-18.064375,-1.6812576
19.148874,-22.21941,-1.877628
25.96462,-9.272721,-10.610296
17.289385,7.8247557,-5.1419096
22.38984,-10.786686,-1.5923909
28.684668,0.038452923,12.637785
25.915369,0.80382586,9.000927
29.82196,21.153215,4.3553243
20.20586,-17.538393,-1.1419932
15.733875,-17.468489,-2.1020129
25.694672,-8.194438,-7.2304845
11.055433,-21.652441,8.731756
16.948708,-16.677048,6.308249
22.525492,12.390429,13.250137
12.761234,-16.393091,3.166807
30.627077,1.2132654,-4.6704674
18.319786,-12.826678,2.029824
16.050344,8.049948,8.467651
22.007278,-9.915452,-5.025358
16.002102,-12.204032,-2.5467863
20.305595,16.753485,-1.8347107
13.030059,-19.31344,1.4517709
31.491795,12.42444,3.3800387
17.407335,14.3401,-1.5138918
29.12582,12.536142,9.151863
24.676342,-7.7630725,-5.3277736
18.70813,-22.471315,2.5270438
19.306137,-5.6418133,13.05247
31.118742,6.800895,0.9819378
28.693773,3.3358228,-5.4743185
20.311323,-12.565966,-0.77518225
28.475948,8.659272,3.6952488
15.21564,-18.349453,15.299423
20.974003,19.922205,-3.603604
29.14392,22.475033,-1.2390475
22.281778,-8.21233,-0.37576792
26.861683,-4.00176,-1.7854854
4.214392,2.875564,25.15457
25.055508,-4.0776486,17.045025
11.681967,3.5651922,21.652576
21.782755,22.307676,0.7724262
13.121534,-18.762402,-0.6856468
20.911074,11.493706,19.70222
23.006945,-10.134198,9.691705
18.671581,-15.795555,-3.331082
7.291518,0.6863835,20.456062
20.681618,1.3655186,13.518295
20.545671,1.198016,8.531191
14.609255,-25.302794,10.072399
14.228805,10.348702,7.3861523
24.065681,18.693478,6.8647604
6.434327,1.257655,21.303963
21.172426,-5.9130764,6.75139
15.533336,4.663434,5.683732
18.924658,-15.352044,3.253225
17.734974,-0.72194207,14.025361
23.890419,21.907637,3.2248085
16.51693,-21.209326,-0.33727255
15.504529,-16.989664,0.2116114
26.341454,8.43665,12.487995
16.962774,-26.447886,-0.8270573
19.76078,-12.19567,8.303691
22.373465,17.736782,-6.7642198
21.344318,-5.9330363,5.470083
23.88186,-15.569923,-5.744203
11.72346,3.8754795,21.49972
16.843477,12.707272,2.8086298
15.344861,20.479109,0.8794376
27.101282,17.485115,2.183969
27.499538,17.249704,-2.3847182
26.27895,-7.0781913,-6.3292246
14.501052,-20.27197,2.886848
14.218816,-25.923536,8.881746
15.775591,8.648457,9.881238
25.995243,0.7403307,-4.234047
26.287128,5.82723,3.5081956
21.230255,-5.068157,9.973115
19.06098,-23.458307,3.3491306
15.768435,-11.940143,17.850353
18.849014,9.380517,16.604486
19.27991,-10.370107,1.2439569
19.163065,14.09546,2.2810757
26.307055,2.3290737,13.126858
22.491346,-5.993917,17.13966
26.653906,3.2728505,4.275498
7.4726486,4.182075,20.605085
21.827465,12.719483,-2.3716795
27.73183,9.799143,8.184462
20.201275,16.372807,-1.1676009
18.938545,-8.653139,9.04551
27.52169,0.5413321,-1.795799
22.325281,-14.206426,-2.9754343
19.66576,17.272877,0.23373568
23.331009,17.95498,5.1756926
26.064333,22.828484,-2.7077231
27.315403,2.4206245,-8.025386
21.506245,-6.306674,-4.044823
30.591486,3.5930066,5.510061
15.39304,-14.981267,3.2802603
25.97353,21.933569,6.366548
21.010601,5.1053147,10.220752
26.055452,8.235786,8.502682
17.028597,9.084951,-4.513653
26.587795,5.071185,7.6512485
22.280968,6.209914,14.165171
15.447806,12.134065,-0.28863558
18.366741,15.72914,-0.3452888
25.103838,-9.311815,7.718183
16.099144,-18.605259,13.075113
19.38116,-10.33545,-1.6224582
28.794624,7.691766,14.998114
19.674007,12.652327,0.9065909
18.40599,-16.647997,1.6399434
29.708233,15.269921,5.6454244
28.345156,16.208319,2.8767223
31.177675,14.639484,-0.7317744
20.353132,-14.607848,6.1529913
13.134213,-19.251764,2.2644112
13.33083,-18.847372,0.32837406
30.274036,-9.183277,-9.622373
16.1129,12.55907,-6.2443314
22.959118,16.031923,12.74574
26.82983,2.3564036,-6.600963
25.488234,-11.335905,-12.062982
20.837412,-10.393082,9.653204
6.381554,4.080315,29.126322
25.776794,2.4273367,14.05615
22.976812,4.842494,12.68916
13.972062,-24.439796,6.6634455
25.39255,1.9856387,-6.1267085
25.13134,18.414154,10.967994
24.192017,25.07752,3.0347073
21.616377,17.258255,-3.796729
25.509544,-2.7894144,4.9387503
14.001308,14.050712,-2.9221435
13.553029,-24.539946,13.497084
18.812256,-9.4127245,-0.58161664
25.371857,-11.924336,6.9437265
18.176752,-3.7999375,21.309002
21.405157,7.008526,20.819702
15.924292,-11.346949,16.13202
29.871775,6.690441,0.40574497
24.646444,21.244495,2.4867744
28.645298,0.3720817,-4.0977197
29.073477,13.490879,3.076537
16.93424,-20.456406,-3.4710236
24.083586,-2.0104268,6.37903
25.633905,19.172789,10.860729
19.77963,0.7135479,15.034046
29.611233,-6.3760314,-10.47945
24.219526,-12.216818,-12.528592
19.718006,8.357683,6.2798967
21.378942,-13.014285,13.612303
25.36319,-5.9523563,-10.514674
8.658663,3.6618218,19.814066
28.580616,-7.0514226,-10.218701
19.61203,-14.435662,17.36636
12.229767,-20.715082,6.4644556
19.04428,20.511854,8.026523
28.444096,23.120413,1.0278252
21.388842,-11.787186,11.717763
16.898912,-7.500072,1.8423789
13.539653,-23.09467,14.317144
20.835257,-13.195979,13.352086
23.995361,8.672437,15.605375
26.58051,-1.6153724,10.766575
24.47416,8.335717,-3.6723735
18.321918,-17.572392,10.280275
24.113733,-6.8020663,4.3125005
29.504498,10.653687,12.45747
24.529745,-6.5860205,-7.265146
17.981615,12.591625,15.393856
21.241434,3.586135,9.347376
20.097578,13.440858,6.2181726
20.759771,0.5492064,15.440587
18.020262,-23.777718,3.9936042
27.623684,-5.3346415,-11.615742
8.505959,0.0061674165,21.102203
20.366459,11.098903,19.618584
20.290497,2.793392,19.096952
28.985357,-10.565182,-11.883397
29.565296,12.01307,5.158602
22.826181,7.033444,-3.2012327
22.270426,-10.673081,-4.3202367
20.266691,15.254173,-4.6950808
4.723203,2.0725331,25.048843
19.836777,-12.069705,0.4338491
19.047897,-22.063107,5.5761876
4.216787,2.903483,25.308731
25.116262,-5.7377796,10.647215
23.9894,7.9386954,16.79689
22.330652,5.883161,20.673923
21.681679,-20.93648,0.7101918
21.393332,16.966364,16.18251
20.305685,10.560222,19.529072
26.724783,-2.891302,6.4844565
23.97802,23.666538,1.0693427
16.607859,16.12131,-2.7334986
20.138327,-8.794696,4.9838305
23.98897,-7.3724117,13.658362
23.231,18.2681,-1.9464184
20.467394,9.183639,13.366038
21.678034,16.721685,16.425238
14.540094,-16.02081,4.7329936
23.827911,4.5037446,19.643156
14.813344,12.978407,-1.0709726
14.998301,-18.748314,3.7389
20.121231,10.50996,-1.738777
24.332691,8.719373,11.31767
27.812525,3.9217837,1.4620216
19.961203,21.827385,4.648672
14.0240965,-26.135082,9.89271
16.399189,12.429728,-0.93136364
18.21233,12.243399,10.695595
15.27654,-23.07794,2.8375573
20.35145,15.839615,-1.5388237
30.502977,-4.4508123,-4.0678015
24.034725,5.5526786,12.008563
30.858246,1.9373717,-2.586453
19.586174,-18.445509,-0.50266385
16.820831,-6.674432,2.1760983
25.817112,10.159021,14.988751
23.139275,-12.458217,-10.642746
27.237247,16.85488,7.7472825
23.115574,-10.886948,-1.3082935
23.31346,-10.491051,8.5512085
29.938734,6.289623,-3.4759536
22.988285,3.4274108,12.909071
25.376034,-10.730089,-13.7378235
20.998955,0.83733183,19.361946
25.583294,-14.145207,12.796989
18.862438,1.1352035,12.772113
30.452347,2.9040208,2.5557494
13.895864,-25.339323,1.6011626
29.3482,4.7850084,-0.041496307
11.431354,2.3870769,21.653181
29.910103,3.7782972,6.525255
17.441587,13.659463,10.681372
18.13724,13.104759,5.223803
26.43097,-2.8617532,-5.5060797
28.711939,-1.5565442,-9.111173
21.10298,-13.958818,11.444135
24.465845,-8.818028,11.452186
22.98438,6.5484757,18.463818
30.087166,0.56936634,0.5622549
21.186113,-9.414011,-1.319223
19.790792,17.734262,-2.3548281
21.708923,-20.875982,0.75198174
27.951492,6.8565536,8.203299
20.866543,1.4180666,14.727233
29.46973,21.567461,-0.14750396
17.46323,16.332699,14.486523
22.301195,20.643944,-3.7098842
27.619713,6.3289285,1.084072
25.695198,17.85125,1.5885607
26.878809,21.121151,7.263948
26.637297,22.692112,3.6372106
17.10983,-22.867533,6.2371674
27.051914,12.172028,12.748469
29.236689,-6.323272,-10.3608
18.701199,-2.6569626,21.762373
21.281986,-15.019477,-4.627163
24.686167,10.085157,12.258528
23.395853,-12.246944,-3.0811498
26.132227,11.571101,16.426762
25.76968,25.069965,0.6884683
25.806536,-4.1466494,6.5090475
26.127401,-12.893757,-11.106238
20.553814,-11.37361,-4.1163936
15.077317,-18.644176,15.223842
24.007746,5.176888,17.62252
23.687977,16.454391,11.071119
19.621105,2.2239394,13.449337
26.849134,23.123047,1.4675007
25.076551,17.109928,5.916792
25.889324,16.101837,7.893519
14.431532,-19.523912,8.419753
29.62986,4.6667194,9.481838
26.246887,-2.5997174,-6.6409984
25.642979,-3.7520554,0.7795732
28.919039,3.0457447,-4.7879224
22.363577,-13.701501,9.9236145
24.259563,-0.30264285,10.77115
13.77985,-24.08089,12.430897
18.213387,-25.215567,2.0757182
24.539461,7.58338,12.091115
27.425701,-8.198844,-11.61005
21.619444,-15.350733,-7.8367467
22.636927,14.522605,10.041771
28.451529,0.25844884,-0.3192129
18.643278,7.7748375,-3.657336
17.714754,-2.099793,19.317951
16.002733,-15.980526,6.546483
26.221504,17.018307,-2.552647
20.361666,10.875199,3.8129253
18.316883,-20.90132,-4.044302
25.325848,25.447575,1.9663848
23.820919,16.546684,11.105413
24.91552,23.030754,2.399426
18.423288,16.64768,-2.1557956
21.881233,1.0729895,14.681173
23.01161,-11.453336,-3.5586808
25.731516,-4.332031,-7.396873
19.455713,5.962531,11.406967
16.588804,-7.8203387,20.690828
14.698714,-18.730911,-0.03438968
20.975924,6.9020095,8.23227
30.399817,6.2185783,3.2319927
15.283548,12.972376,5.410439
25.274252,-5.742894,-13.793362
26.644135,-1.2624774,13.47378
26.001621,18.860567,-1.7681215
32.16452,7.701241,3.0000448
21.02877,-6.662238,14.769167
28.205652,-6.8970594,8.658183
20.877367,-0.43564802,6.7951756
22.955395,-7.2196174,13.211179
16.184908,-15.42162,0.38091612
4.308342,1.2449682,24.3235
24.527905,11.516716,-3.9927642
19.390047,9.541916,1.2463759
20.183592,9.624888,6.239229
26.291168,16.683378,2.7880301
15.800657,-17.110357,14.89111
27.146738,-0.576582,6.740898
27.428503,19.742023,7.1417694
22.79886,-15.904528,-9.680868
15.838076,-17.47888,-2.161561
12.711001,-22.185902,10.960786
28.076834,9.9066,3.2301862
22.321247,-16.999193,-8.903808
20.228355,-13.052735,-5.5082946
24.414476,5.5377574,11.798478
17.24677,-26.154572,2.3136637
28.401756,3.526212,-1.8849697
17.18832,19.074995,1.0023731
19.42523,18.760378,-0.40443984
20.216597,3.2885785,20.767483
26.274317,-0.34288403,-8.071533
22.194689,-12.386328,10.32336
22.593403,3.4950912,11.575093
15.587232,-13.7166,17.801956
23.252441,12.412619,5.5766907
28.70217,1.8207592,-1.2078751
17.058683,-23.437206,3.183236
24.734217,4.7647824,4.129782
27.162971,2.754676,-6.3636956
28.950764,-7.495283,-6.533696
25.62358,9.7116,6.144781
18.116081,-14.071334,4.33148
15.964065,16.053633,-1.273823
23.062424,5.8877554,0.43493056
18.06908,-10.727425,16.516836
15.820944,11.98606,-3.4355998
24.504137,15.1695385,0.3189921
14.668453,7.680837,4.078781
17.292248,-12.214927,-3.2507625
23.075062,8.1619835,19.60656
27.48485,-9.387812,-6.470414
22.123606,13.751176,-1.0923964
24.689589,-1.0088238,6.1270633
28.754684,0.13281682,-0.025783865
14.120078,-20.601402,6.904616
26.041622,5.7735395,-0.08697822
25.678865,4.8864994,17.600634
16.62909,-10.024512,15.96443
28.515682,-4.021173,-8.823394
18.498463,3.1821892,16.969418
28.810518,7.666582,14.969875
12.54476,-24.301846,8.262628
26.724312,22.244328,7.0357842
18.824236,-1.2054112,14.560706
22.501526,14.018759,18.852219
27.89929,19.937723,6.106344
22.155514,13.311765,1.2127734
26.54046,3.9747806,8.390304
27.813356,-6.50269,-7.0814996
30.594398,-6.3219395,-4.774234
24.093952,13.9579735,1.4107449
15.585209,-24.149399,0.122177266
15.303697,1.9826902,7.5666137
18.799864,9.08962,14.336576
21.627811,-6.495919,12.365222
18.670979,-10.254992,-1.7082734
22.846828,5.583867,2.161014
31.381529,10.379214,4.444565
20.256863,9.785769,-3.6440976
28.351017,-1.0384521,-6.741449
22.277815,-14.375517,7.885099
19.284391,-24.370205,-1.5526716
28.316118,13.431402,-1.9321163
16.903593,-7.498556,1.8912739
22.988039,-4.767598,2.8622978
24.103989,-13.08341,-14.510054
19.003845,0.6110473,19.80022
18.253143,13.320843,5.4870467
16.656076,-13.317753,14.332022
4.3361645,2.0718482,26.538889
14.0742035,-23.693745,2.7838027
24.518925,3.8706732,2.3141456
27.750755,18.190395,6.296371
23.831049,11.018462,8.477949
16.923695,17.359161,-1.6919806
17.022604,21.11708,1.5419402
16.869478,14.01116,-6.0292935
18.456055,-15.676694,7.658924
29.315825,9.717014,4.4326386
20.822348,-13.502047,9.89498
13.577931,16.440538,7.5642266
23.319595,18.921492,2.9868069
4.161037,2.5755439,24.546432
15.923338,16.279263,10.807397
16.512003,-21.853745,4.5670934
20.60281,-10.325856,-2.8625093
28.280008,21.918852,-0.05167229
23.939795,-11.372634,-15.133704
27.435493,-2.550107,-0.9473731
15.538494,-22.684315,5.4930654
26.481426,-2.7108738,-6.452677
21.886496,2.90691,0.46407264
27.228992,18.672955,6.2041125
17.859238,-13.835985,16.36179
4.307491,2.0526092,23.970404
29.185955,-6.7108717,-8.034138
27.772736,-5.949854,-7.0021205
18.572193,-2.2144597,22.171677
19.683552,6.506861,8.033362
27.850721,11.881848,12.38566
25.52421,-4.949087,-2.9879558
28.762089,-0.61079216,-6.205594
12.942319,-16.706066,3.2615824
18.092163,-15.045016,4.9748826
17.691296,-10.472167,-4.4920096
22.99436,-12.090303,-11.496559
19.302628,5.7808557,6.5551734
22.057667,-1.420735,5.889493
22.984123,14.535769,4.6840014
13.410842,-25.297777,2.6868868
27.706923,23.036634,5.124324
18.88858,-14.373875,7.633235
17.146994,-22.894749,5.945442
16.104818,-21.494778,-2.4230428
18.412495,12.189478,5.4355493
24.414148,-14.673096,-8.172589
31.369705,3.692125,-0.075453036
27.41158,7.0797577,12.734772
17.516558,0.8149454,22.670057
23.647179,2.569963,9.555797
18.533606,9.443668,2.549848
30.607805,1.9499235,-0.7034079
26.730505,10.180122,8.886739
27.821142,-0.07967162,13.466455
19.8641,14.582318,7.200098
26.69289,-5.411704,-12.599231
28.06887,16.631071,2.1892555
20.572384,8.801118,0.23471242
24.678797,-7.566203,4.1518774
18.095898,-13.842907,0.044862177
25.90578,23.120144,3.7921197
21.803629,15.747345,17.134092
26.765238,12.352134,15.760787
17.120962,-15.793681,18.000475
19.02053,-16.994453,12.11638
25.680605,12.407836,15.922575
22.87455,16.00588,18.046417
18.901304,-18.469185,-1.0465506
26.007357,8.524171,9.001263
22.659061,-7.075158,0.6571337
25.867374,5.9739103,-0.2365393
17.016521,-20.535809,3.475991
20.994297,-13.594094,-2.3910205
17.235336,-9.274354,16.226717
28.282629,-0.18166584,14.168766
24.134289,-9.103944,-2.8857372
25.236471,-4.8876376,9.409119
16.914934,6.5563946,7.8105373
8.947166,2.8549917,20.85533
19.808516,-12.30994,3.6051521
16.186094,-25.582521,5.821977
24.364695,19.558708,-4.7176094
24.509964,-11.716036,-8.780342
19.719463,0.7707405,15.096161
16.57971,-17.153522,6.537836
22.086481,10.898485,-4.7058964
12.808592,-21.173306,13.180477
22.80584,9.536091,5.1010933
26.310917,12.079396,15.489698
23.996862,-13.072016,-0.88776726
27.499191,4.018341,-2.3805394
14.082475,-14.197015,6.11656
25.663708,2.806438,18.124271
23.84577,-12.300983,10.12056
24.370382,-8.421525,-15.428855
30.280523,20.773275,4.177223
26.848618,-11.47446,-11.284328
20.125147,-10.253497,-4.3146133
25.241337,-4.878561,8.938267
23.103155,-15.180918,-4.8486547
5.3384757,3.0867796,29.760414
24.76826,-7.362733,-2.3691921
17.661047,1.9861436,20.902502
18.587221,10.61199,16.383846
22.167984,10.799861,-4.4402413
22.881922,-9.968956,-5.0870066
20.567347,19.89144,-3.6848235
18.302536,14.916844,12.869727
28.73205,14.231929,12.659191
30.9335,6.443288,0.7303891
17.451044,16.541435,6.5489254
20.998869,12.236318,12.805411
25.623774,-0.8442112,-7.6588492
17.925568,-13.367293,-3.4099014
15.664855,-16.248531,4.7353396
26.922583,16.993666,1.2656021
24.28465,-14.655142,-6.1149354
29.169664,-7.363709,-9.522815
22.177534,-13.812973,10.258175
24.065529,18.75059,9.911833
17.559908,13.490615,-1.4029108
22.171612,11.428581,19.397858
15.228455,13.177004,5.6161847
24.19708,8.775168,-0.038674396
4.1883783,1.5025134,24.331642
16.201513,-14.770738,8.55799
28.270168,-0.45205104,16.315805
19.597574,-0.6224378,14.214178
4.280127,2.8950434,27.387161
23.892935,6.0328526,19.675632
19.854376,8.468703,11.167443
14.485076,-20.03297,6.2348065
30.74448,16.545181,-2.4298482
15.58409,-12.619857,11.896059
20.571932,-16.646223,-0.019381704
19.360765,-15.589072,-4.874678
28.38717,23.25485,0.06273346
20.301247,-13.14094,8.853806
26.420994,-1.31041,7.5046673
18.338045,-10.190641,-1.1755085
27.12551,19.857044,6.6373224
26.889648,-4.2184606,-11.907206
20.444862,-14.824464,0.24455011
28.324995,-8.669143,-10.834913
14.985936,10.6492605,9.82629
25.079607,12.208918,-0.50990725
21.908516,19.644035,10.993405
18.145893,0.10755485,17.7674
17.287594,0.07212496,10.145227
21.285198,-11.974381,-4.617044
15.836786,5.431624,1.3811065
16.362833,6.29216,11.876791
22.401142,3.221808,17.884466
25.882208,5.481255,17.406729
16.74307,-0.84626365,21.6585
24.447336,5.580675,10.163851
16.067663,-16.365103,8.314412
25.933266,-5.336932,1.3271064
15.330711,-21.7512,7.2647448
18.772945,-19.455168,1.1153132
21.84757,-12.374253,-0.9897132
18.768784,12.585518,2.6000102
23.24519,-14.059572,-5.7743926
23.695288,19.879974,6.7640147
26.384403,2.0554616,-3.647305
24.77439,-14.871683,-3.1622689
22.691135,5.886756,14.883661
23.918081,-2.16586,-4.466915
13.6606455,-19.892233,13.825367
21.465176,9.771003,16.965519
23.502642,3.2527921,13.027035
28.197031,12.965428,-0.3899226
18.024023,-17.096869,4.4451547
32.348083,9.144621,2.3770976
13.934521,-25.772722,9.158637
17.805471,-20.17093,6.9221225
14.297202,-20.345825,14.229856
7.040029,-0.59455043,28.8822
15.381488,-12.262797,11.487134
28.0735,3.994635,8.072084
19.1181,-9.076476,-0.20728259
16.01965,-1.0585451,7.9501762
21.165941,6.325198,16.276337
14.682536,-17.779444,6.1498785
16.323393,15.806005,-0.730212
18.927214,17.551369,-0.29680765
30.840576,1.0898098,2.2583816
25.923052,-11.721961,-11.881358
29.441654,9.481756,-1.0564194
29.077465,-3.6642253,11.922451
30.92026,0.34204012,2.989382
12.676105,-21.888517,9.7079315
9.923194,3.9750946,20.98657
24.920595,-4.3396125,16.38033
30.366503,3.166052,-2.247905
25.859411,-11.536856,6.920832
28.955029,-3.0530229,-1.5985217
27.782816,0.045060363,11.132408
22.55886,-9.055719,-3.0655441
28.59264,6.2309976,12.3383045
13.956977,14.053252,-1.6446155
9.632494,2.2710516,19.41792
19.138851,-23.123247,-2.1301026
22.453924,5.8766327,14.329478
26.93004,-7.4891663,-8.959671
25.614426,2.5509171,9.020238
26.094957,-6.542438,-14.475682
19.341797,-26.039148,-0.555686
19.149645,15.064253,5.420382
24.885746,-4.787886,-6.475043
24.135096,-6.547292,-10.881064
6.9761333,3.7933197,29.027515
22.74366,-5.654694,2.3747802
8.367734,3.0277078,21.218418
23.177946,-8.573613,-0.45471498
21.373568,-10.149117,-6.0387907
15.641868,-22.795767,9.773661
24.983988,17.119865,6.1120477
14.468321,-20.659733,14.2023735
24.991299,-1.2320685,-9.207407
23.096802,-6.442526,11.509733
20.85207,-13.98436,-3.2270913
23.150011,12.651188,13.065902
18.866909,6.4421816,17.053972
12.9200735,-16.651144,3.3084962
19.39061,-9.897926,8.587626
21.978067,3.8965127,12.470544
27.981108,1.9345514,11.458857
18.304163,-12.987672,-1.0973867
17.482956,15.352586,1.3926183
20.831446,15.083831,0.06626729
21.9183,11.873015,8.383528
16.323706,12.554786,9.107673
6.5944777,2.3316107,21.035444
23.311577,18.174507,-1.5098548
21.130016,0.7323143,11.063187
22.790468,-13.252688,-9.606531
20.670103,23.013786,7.3143673
27.998163,-4.8017273,-4.587927
28.158978,9.218969,4.0965204
25.532373,-10.917022,8.805954
11.602215,-19.194124,7.295185
20.772116,1.5260051,13.360209
21.277493,-5.5706215,12.10172
19.368195,-19.44825,-2.3937387
22.059193,2.4858482,8.615881
28.795122,-6.170211,-4.6421356
27.291996,19.642267,-5.4531713
19.949709,-13.771402,-8.256068
18.561962,10.345684,13.069667
24.002642,18.733574,6.9497805
26.743847,2.201168,-6.004805
15.357311,-27.483068,1.8360696
21.797394,-15.736991,-2.5531542
20.36445,4.6755514,11.452357
18.57748,-25.101522,1.7632987
26.198301,17.882256,-2.33472
14.310477,13.706988,0.4911437
29.066233,-1.5233895,-8.91806
21.50227,0.44453108,12.21387
25.665749,4.5325284,3.533885
22.795254,17.42378,-5.0794835
28.145973,-2.2346694,8.305889
27.012787,13.884552,8.164917
21.763172,-17.67866,0.14918171
17.438522,-14.170875,16.425167
22.052008,21.769768,-2.6188884
19.423111,-14.732867,17.360113
18.256588,16.124302,-4.206282
28.039272,2.408965,0.7998054
24.196217,9.587772,11.255207
26.638445,0.48687574,-3.3878698
27.430233,20.025455,-4.484944
19.058306,-25.755953,-0.9185809
18.667725,-4.428964,12.912707
5.759124,1.5646286,22.105955
25.573402,-2.606026,2.2945693
22.275438,3.9812694,3.8500745
26.884977,14.83788,1.3017503
20.253872,16.185696,12.536088
17.15441,1.674877,7.316986
24.425497,-12.07359,-15.140963
31.983603,8.428475,2.0829422
19.1039,15.961898,4.405909
21.820145,10.052665,-5.3967285
28.222939,-5.8725257,-10.668278
16.550648,-0.90664405,21.360622
24.84596,-14.338772,-5.900273
25.062082,18.468569,10.889997
19.265299,13.025408,16.289164
18.878618,-15.048025,11.540394
29.491205,1.4080211,-1.8888446
29.222258,2.901164,14.282125
21.077276,2.5341594,17.19935
25.27419,1.6340786,-3.1033375
22.403961,8.564858,0.19814184
19.014788,-25.012217,-1.5552964
20.689686,2.4650323,11.105138
29.203508,18.030426,3.5274088
24.536356,-5.242026,9.144136
14.183187,-21.358337,5.8656034
14.41549,-19.979069,13.640549
17.804726,-0.7890112,14.017099
14.347852,10.340022,7.3240647
25.288408,-5.225309,-3.74751
12.44205,-19.74182,3.9086432
29.699389,16.809748,-1.4135203
13.350934,-21.965208,9.867548
29.700903,6.037009,0.75128025
27.126999,17.215593,2.0166678
18.256296,-9.501249,11.0723295
27.167734,-12.280769,-13.416408
30.434752,5.8150034,0.092616975
23.941183,23.454897,1.1242208
7.832918,2.3263881,20.430714
20.173664,5.217563,17.48647
24.937449,-4.0596223,-10.331083
7.8485246,0.61943734,29.13671
4.189672,2.7447736,25.13643
30.584883,6.304477,1.2675388
28.028803,9.784912,-0.60291505
20.528664,-13.060819,16.605135
10.780451,1.729788,18.133755
24.182219,-8.878168,-15.296953
15.094609,-14.420615,2.614873
20.549274,17.752472,8.735564
16.960201,-15.057598,4.7678046
12.782342,-21.839207,8.19003
29.45893,10.803018,6.5033574
25.126936,-11.664385,12.685209
18.751156,20.151562,10.395447
29.479366,14.988824,3.950714
20.887379,12.421738,-3.3649065
31.17872,13.235361,5.1743345
19.80225,7.0169716,5.190115
19.249697,-20.709066,-4.9746842
20.140684,8.450811,19.85704
29.615864,-10.609084,-8.3926935
23.112057,10.765548,10.739074
27.729712,-7.1902456,7.0428987
30.398106,11.370659,5.6682615
29.689604,-1.6622792,-5.325878
17.831985,8.208957,-4.7325664
22.897888,6.898168,-1.7653685
20.427803,-12.236002,-5.4882474
30.304121,10.233367,5.7897525
23.414919,8.11233,21.602732
18.489481,-10.574105,7.3339095
28.064014,-4.6257854,-5.08464
22.496225,-10.83312,9.303841
19.321785,-16.904322,11.541571
13.718287,-25.112734,2.3988724
20.503557,8.835194,-0.28985277
13.054185,15.346871,4.0438113
20.005365,-8.557965,5.2309303
24.207867,24.98956,3.2803826
17.368725,-16.589535,12.731889
15.339371,16.067436,3.45768
21.75167,6.945995,-1.2005682
25.804235,3.9786325,1.7753117
20.678726,16.325686,16.651907
18.164593,7.771546,16.016586
25.889467,0.29023984,-5.172985
8.437638,0.12049963,21.327393
21.46008,15.731993,3.129787
23.473629,-9.054914,-4.592262
24.842344,14.635628,-0.34531555
16.71482,13.736077,-6.111484
25.468369,7.237193,9.02838
21.237955,12.077669,18.5204
27.356285,20.906897,7.248231
16.85341,10.177858,17.507347
26.793528,-9.498643,-12.230624
26.37383,3.2118464,4.954424
31.144075,3.7233627,0.45545608
28.075455,5.4341984,1.2234778
27.115704,19.946753,-1.7803172
25.304611,13.274156,-5.182744
17.601036,-15.79019,15.72806
30.53813,3.785977,12.288886
21.214474,-11.724914,-3.2845247
20.012352,-19.747637,1.2456154
19.03079,-0.61409473,13.604068
21.755333,-18.452574,0.2271775
23.363453,10.699041,20.347519
26.671963,20.027147,-3.9274466
20.035292,3.0630221,8.645891
22.529028,16.31317,0.0632527
25.631891,19.353094,-0.05852327
30.52396,12.463674,5.1729045
16.128725,-16.042322,8.326089
20.590647,-10.652554,13.663766
27.382467,-0.91898835,6.865361
16.060028,11.133426,2.9866867
12.812571,-23.29941,8.307745
28.794981,13.50854,-3.1479976
23.148554,21.756145,5.9833965
16.349485,-20.549776,-3.7394571
30.08789,-5.0025654,-6.5040164
17.613644,-17.511751,3.9884298
15.085011,19.293251,1.2120593
19.593636,18.513214,8.219191
21.131365,-10.929503,8.474659
24.877531,14.528947,2.3233888
25.337992,6.8840194,9.38718
27.066568,4.08574,2.3225641
25.949615,-14.3035755,12.752033
26.21185,1.3086495,5.907737
26.310188,-1.067297,3.2807531
26.47371,1.8833894,13.585544
23.816778,-0.7452225,-7.3182964
21.63913,11.7663355,15.016575
18.962296,12.513905,2.6003547
14.868475,9.887324,3.4781122
18.835443,18.405813,2.0870402
26.060482,-12.794701,-12.6989355
25.84243,-13.413841,13.349703
24.302755,-7.3873835,-7.6099167
24.588915,-11.747579,13.11465
23.08946,-6.7872677,-13.263724
26.030857,4.030872,2.2073581
18.451107,-6.791504,9.851406
7.0854783,3.973844,20.308191
30.504513,6.330901,1.9302466
28.923704,6.0011363,-1.9011536
24.271122,-1.5899818,-6.8851748
17.229681,20.18622,0.20875946
19.993052,-15.304746,-0.54334235
27.8386,16.874426,-4.027313
25.300236,-11.694007,-10.820927
27.80543,-11.783833,-9.948793
25.980455,3.158607,10.300303
25.46949,2.7933822,8.771078
4.9223595,3.4926891,29.5162
26.094614,-11.159576,-9.834282
23.273006,-0.1886311,10.906761
20.25379,10.181012,-3.9148412
15.308505,-3.546391,20.723545
19.965189,3.3840122,20.631971
12.570698,-19.555288,2.2574174
22.04153,5.4536977,10.207379
26.429674,4.804685,10.704566
24.828531,-12.749207,-14.030567
29.281092,13.6665745,4.1693645
24.877577,1.9642444,-5.82524
28.84343,-4.1991367,-2.8023589
27.378302,12.195308,5.896516
26.390509,19.78389,4.791781
22.536642,14.278014,-2.888195
21.119715,4.2049756,14.648599
20.843899,17.861225,9.037581
17.40942,-14.84763,2.3527656
23.457834,24.45265,4.801291
11.990983,3.2441046,17.785076
23.005674,-12.903457,-12.576416
28.41158,13.632412,6.962947
18.041718,-12.836144,-3.8154504
26.845177,21.256521,7.4994574
27.658716,-0.96139044,-6.509443
5.090062,2.276544,22.576387
15.949758,-13.654316,12.098358
18.772764,1.5409329,12.562551
19.351875,-14.764275,17.465206
21.820498,-15.800976,12.185387
23.910168,-5.8789506,-10.067754
16.276264,-26.060678,0.15158592
21.536585,6.7800865,5.833763
22.922787,-9.7915945,7.3979034
10.267575,5.3217554,19.354439
12.525122,-18.398342,5.1744585
21.654522,-8.596873,13.724569
11.319889,0.5749205,20.075115
20.702076,8.089036,1.1562217
28.66473,5.7425103,11.948742
29.79071,24.26058,2.4443321
17.295284,11.286186,1.1436986
20.372305,-12.7195215,9.429739
28.983843,16.313887,-2.442826
28.27095,17.938936,-3.738586
25.153793,10.994884,-2.1686506
27.610922,24.951555,1.2890458
23.297411,20.120796,3.1829052
22.032663,5.0429997,-3.477356
24.37236,14.460497,5.2578764
21.516237,16.512272,16.451687
23.079561,-16.874434,-3.1158009
27.492428,15.596719,9.095623
13.167314,-21.118107,0.94761235
16.336351,-14.245326,12.077025
25.838572,5.1641088,17.492525
20.711632,2.4987192,11.773456
29.353981,0.46340793,0.57525885
15.233326,-18.610601,3.9263682
22.06979,22.613806,0.5829235
27.430098,7.9600496,11.93709
23.277962,-5.9946485,-14.277977
27.849915,24.495108,3.179371
18.877821,13.057756,6.5357656
13.735915,16.327017,7.6065254
16.689543,-15.537154,6.1986074
13.410956,-24.193092,12.5006485
18.626741,12.852578,10.905873
26.51255,0.3562896,-3.3996744
15.4460335,12.473995,-0.48727825
24.652216,-11.500055,-5.601783
17.815184,-16.063522,11.989857
20.582468,12.389155,12.668946
27.684896,-0.4698248,-6.1783767
22.477953,-4.0877223,14.010925
8.868451,2.1124313,19.059479
28.948305,12.469299,9.029575
25.284683,14.709031,-1.8732802
16.102886,11.222115,8.473673
16.271322,16.670633,7.9983835
17.188168,-18.207174,6.429384
31.334326,10.92698,4.368145
23.0894,1.9652332,10.018262
26.4375,1.3947271,-7.508904
30.673483,-0.8955303,3.0927062
25.08545,-7.0538244,-9.16122
16.675535,-12.377104,3.4950066
30.66051,-6.9563584,-7.7893066
24.321144,-11.82115,-10.715371
16.730537,-19.411171,-0.49855426
23.99664,-9.741776,-15.250927
14.219738,-21.077984,-1.8339498
18.136522,-10.412489,6.873027
29.482561,2.0963442,-3.1708877
25.93155,-5.0989637,1.252615
16.339468,6.413762,13.187167
27.165453,13.325426,3.0595777
27.079649,1.2785295,10.060298
17.494518,19.016409,-2.0803308
24.175114,24.9745,3.729729
24.429691,8.247863,-3.5202844
24.058449,-1.5887378,-6.786727
24.677977,-5.653934,4.1226215
27.217937,10.254565,-3.742398
31.229237,12.335383,7.5291443
13.789489,-23.75078,7.1791663
26.830578,-1.7439617,-3.6170154
16.37581,22.44722,0.06604741
19.134071,-19.333523,-2.8861225
25.612738,-11.251511,8.665361
15.688098,-11.848755,17.8478
21.283401,-7.0135508,12.288258
30.87132,10.208878,0.9685543
17.463459,13.908775,5.299972
20.521955,-14.748844,12.193039
16.916405,-26.323137,-0.6803119
21.051886,-11.707541,11.579864
17.818827,-4.2577724,19.31667
30.168352,-6.7231946,-5.992088
26.324253,-7.3765116,-13.579882
12.8378315,13.68141,0.16506587
18.362879,-11.437826,12.340086
22.698193,7.7293134,11.147723
30.942902,7.551181,1.9405073
27.251724,20.03524,-0.14394929
28.310547,17.712101,-3.74446
23.470032,-11.036122,-4.316718
21.482704,-0.8761345,18.584003
23.442915,-12.24925,-8.397364
20.889961,7.958971,20.711367
20.521635,12.862607,16.491594
5.9415045,1.7026775,22.022882
13.527549,16.32679,7.6465964
21.624048,13.1866045,0.3051688
14.012731,-23.311539,8.860703
24.281082,-13.524967,12.220313
24.09623,9.471931,10.5946
15.273044,5.842097,16.987411
14.092364,-14.442051,6.1110506
18.337831,-9.99716,10.752395
17.691887,-21.842934,6.6770926
22.144348,9.785073,18.91077
28.634804,20.143066,-2.6721485
18.106085,-5.623505,12.714441
29.74854,6.473279,0.30853775
19.97511,-19.655611,-2.3861609
19.183552,-3.883169,11.748144
28.044714,5.3689604,10.491317
14.958937,16.999939,1.9125696
29.672812,-2.69489,-7.7174263
4.8671713,2.689925,29.447084
22.968864,14.362454,9.880514
18.385775,6.1891813,14.816521
16.296412,15.087432,8.490317
22.722847,-7.2715273,12.966595
17.553072,14.397305,-1.1350206
28.862217,2.3232224,14.183901
19.707987,-24.633972,-1.8747475
16.032143,-21.710028,-1.540457
27.467432,-6.760036,-4.908959
21.989159,12.378,5.061331
13.424883,-18.938656,0.7018148
24.567686,-9.436964,11.320902
16.472462,-20.111229,-4.1078587
24.127892,25.065098,3.024088
22.77446,13.545216,1.9292592
20.50163,-8.359907,4.0822277
24.627472,-15.12488,-3.778736
18.4868,-12.707689,13.37146
14.967692,10.077331,3.5006478
19.79543,-12.296835,3.7494953
20.151665,16.17813,-4.4553413
21.39743,-0.8923459,6.7769685
18.58828,-13.283009,13.001301
19.745752,-12.123743,8.405411
22.794992,9.511052,5.117307
26.457706,3.3425918,1.0636433
18.614765,-9.582268,-2.0795226
17.775873,-20.624014,8.394726
20.951015,7.899584,8.304042
28.900341,12.467034,7.789789
25.415602,-4.530144,-6.7540913
22.905043,-2.607991,16.374464
15.285647,2.096011,7.4814825
17.696976,-16.21382,12.036823
25.537838,-3.19762,-3.031818
15.555629,12.405305,5.012372
24.25344,-12.489257,-1.1215749
21.923275,-22.150347,0.39666843
21.480028,17.626083,2.7301655
4.725031,2.447352,22.688454
11.156969,1.9094009,21.571928
28.377228,22.288742,-2.2314897
28.781975,-5.7260566,-6.565324
13.18134,-16.166965,0.37903824
20.75102,-18.750357,-3.877734
22.280409,14.099188,10.054218
16.805702,19.11983,4.2807274
23.052858,-3.5097532,-8.676251
21.9189,18.660976,-0.9096522
13.848639,-22.82201,10.421435
18.516758,-21.036264,-4.249721
24.268309,20.185163,7.0433803
24.724373,-7.0025234,-13.681165
15.2200985,-16.981544,6.8210726
22.955694,19.717838,-0.28481147
17.731768,11.59571,10.331969
22.953312,4.0270524,3.6595562
16.617153,-20.691605,4.838657
23.951132,-9.798352,6.1655154
20.026646,1.6942117,13.784746
19.699385,-8.811603,5.482491
26.493887,8.899653,7.2112064
27.787586,-0.25583667,-6.5874443
22.460873,15.377137,6.2735043
13.067506,-23.002792,14.607765
21.282747,-11.415331,11.476623
23.519173,-2.8936634,-8.871949
21.861277,21.416664,5.4612975
26.773935,17.594013,1.8423946
14.937462,17.54203,-1.0286301
17.990213,15.640943,4.0833216
26.103794,12.950415,4.5936456
17.314953,-17.695135,13.802219
16.096752,11.236375,8.55481
20.342781,15.131664,-1.3963985
19.214897,-11.281088,-5.34618
29.91132,0.34201872,-2.730527
17.630892,-10.268155,-4.047332
21.062769,-16.20293,11.258588
21.12582,-16.119507,11.73047
26.421844,3.0285752,-2.5688076
24.42798,-5.0244274,0.9453536
16.947989,-22.001797,6.022506
30.393045,2.0517511,-3.8427937
18.36749,4.913122,17.859896
27.598053,22.89896,2.8116
13.629163,10.420485,7.7750278
15.642118,6.598722,3.9927797
4.2101536,2.4051397,24.002026
16.23829,14.049849,14.732604
21.167263,13.300939,0.042458232
25.296673,18.391102,4.646328
18.256634,-17.635967,10.33836
26.03727,10.361924,5.5641384
25.340328,-6.099256,2.5596726
22.427181,-14.802552,11.896204
24.682993,-13.333937,-4.2631226
16.069706,-15.909469,14.417576
21.33484,0.90005505,12.540288
15.733735,14.205499,2.657479
16.91911,11.132661,3.472294
25.70701,22.544329,7.42811
24.276379,5.3677526,7.9749537
25.226015,9.7355795,17.3293
19.691017,2.7633514,10.297759
14.481558,-21.494097,5.855433
24.002953,-13.522065,12.583717
22.088512,-3.9140592,17.45936
16.136608,16.755348,-2.6512673
20.200102,-11.689525,14.8971405
24.1547,-4.3199196,-9.63825
22.633476,-9.37403,2.821782
29.30031,1.6838844,-6.1899066
25.59219,14.804986,-2.0089316
22.970434,-8.326239,-0.5985392
19.732435,6.8723927,18.941452
25.389315,11.48604,19.87333
20.625288,15.187457,2.4488747
16.894798,8.65983,-4.71482
24.899202,25.122452,2.6188188
21.174711,9.269092,7.981158
26.209745,-5.97999,-7.168691
25.596972,16.90441,12.401449
19.904974,13.500498,6.056225
27.859812,-10.748392,-11.168533
16.985413,10.801489,11.334643
24.872871,-12.007045,12.5038185
23.80069,-15.025215,-3.457032
17.219254,9.071624,-3.2593155
15.804193,-24.59925,0.7152268
23.130688,-11.171369,-3.7355113
23.855394,-0.62240434,7.548197
19.782354,16.301294,12.609466
11.8827505,4.523285,20.768143
14.060922,-19.220236,2.0318139
27.334698,11.285111,-2.5716805
23.722551,-12.591258,-12.563739
25.733124,-11.424525,-13.716868
18.394392,-15.4850235,17.271255
27.691956,0.21727297,11.325739
24.843796,-4.0634203,-9.709839
18.722689,-4.935543,12.609917
21.20903,11.824008,-5.079486
29.551033,24.654537,2.1905875
16.714087,-12.7485,14.023312
14.757386,-24.709171,4.763371
23.30496,-11.58179,9.215216
23.994478,1.8834946,13.03608
21.248144,20.33456,8.169325
23.432652,-10.315937,6.2477536
21.300749,-16.976074,14.546858
23.755962,-12.723726,-15.274331
13.500133,12.020968,-1.140384
25.284306,-3.6707833,-2.632142
17.602287,6.102587,8.967982
28.2133,-3.550634,-8.847923
21.282896,-9.726339,14.207497
28.093409,-0.8974982,-2.5457103
31.334644,5.037985,-1.0826334
13.41976,15.314782,-2.8008385
31.083712,2.0493307,-5.9348383
12.989586,-20.625542,3.9479098
27.633564,18.379683,-1.9290967
19.639618,14.14121,6.6820655
29.023113,6.852155,-0.7090235
23.874277,-4.9246073,-5.1895623
30.408678,9.202449,3.6500704
5.164167,3.202741,29.85791
13.975945,-24.119122,1.2042478
23.765202,-14.872796,-10.090867
28.949825,3.8198962,-0.5797891
16.583782,15.465532,10.249687
15.43001,11.775394,-3.6689851
17.08954,-21.602545,-2.6331758
24.28247,15.484595,-7.0095906
12.319013,-21.546106,5.0213
16.921108,-21.22467,5.698098
20.165878,-12.672635,17.00664
20.782154,-9.435119,11.806996
29.656994,24.502918,2.4123452
26.266602,5.1825004,8.57264
26.959162,3.5983756,13.3916235
27.745157,-8.785784,-5.648179
15.350908,-17.522564,-0.2984844
14.071833,-19.15002,7.002136
22.350796,-11.478656,-3.6695447
15.815011,-24.633068,0.93946105
25.086555,13.135305,16.376783
11.344915,-20.297249,8.983529
16.101435,-15.908116,14.702134
14.436496,-22.92368,9.222112
19.691422,-6.4271846,17.149858
21.692118,8.440349,16.907995
15.386026,-22.063606,8.577808
18.622639,19.335426,3.8371773
29.641243,-8.06801,-4.879524
21.337446,-17.511297,-7.512831
16.165722,18.969042,0.38216475
24.100105,-15.129739,14.403153
14.216206,-17.41009,0.13952921
23.360159,-4.584456,6.4553576
17.421965,-21.945583,3.4143248
24.037308,11.423598,-1.5893421
25.297607,9.400208,10.229816
12.078499,-20.267159,9.503549
22.207285,18.991062,4.0219674
26.513037,18.40259,6.2897615
19.636023,17.533672,1.3588574
27.018951,21.29336,3.5973582
16.686573,-9.809504,15.09275
29.590454,17.114388,-0.017647786
23.97687,-13.650108,-7.4006267
15.976746,-18.87564,13.492472
26.822224,8.327685,-1.5315138
29.883757,10.170835,-0.7437578
16.17971,7.5853763,-1.2452168
17.282955,2.9166408,8.818732
22.034962,5.6640925,16.675117
12.678844,-21.532408,4.800784
18.160255,12.921695,8.161588
15.714497,6.2817645,4.53137
19.022543,15.822935,1.3679773
16.921383,-0.8707398,21.73165
32.113483,9.072268,2.1361508
16.523546,4.3389263,16.75223
18.865145,16.68904,8.456643
11.653572,-20.29375,3.0137167
7.6572704,2.6477227,21.198338
29.027601,8.866505,2.438733
20.625118,18.175674,13.43344
19.35441,-2.9591327,4.590785
24.817255,-2.5252948,10.428059
27.276085,17.808317,5.6021824
18.653229,-14.239781,-1.3588309
16.885408,-14.086718,15.459199
15.983552,-18.73577,1.8314748
18.199873,-15.963921,16.816786
15.732551,-15.495986,2.9033651
20.094048,12.00175,15.954605
17.5978,2.2044008,20.970482
14.9967985,-21.682945,9.532808
20.543913,6.0068254,7.5210056
24.288807,-6.832497,-12.769574
20.515827,-15.48837,12.843628
20.55509,8.986994,6.7766447
19.000648,-8.963085,10.523155
24.119446,-7.9112635,-15.069847
28.272453,19.144348,-0.34006357
13.330254,15.575152,2.0168624
10.745505,1.8187147,18.288013
18.497295,-13.239724,0.61719024
18.842493,-17.390455,5.03741
22.367674,18.140089,-3.837032
23.738985,11.440354,17.195295
20.000666,15.459199,1.7553419
19.180267,-9.948912,3.9690907
18.195562,-13.78528,2.1749346
20.114723,6.068053,14.748993
15.654923,-21.887926,12.478845
23.466742,8.951459,19.303709
23.82533,-0.27196613,-1.8801117
22.874891,8.219818,15.815972
13.469385,10.647013,2.4590497
24.74595,13.169102,5.913324
17.823137,-23.401913,0.59615487
17.349562,-12.2075,16.89748
25.489117,19.431929,8.785874
29.90991,15.975553,3.789687
15.293859,1.597235,10.26407
23.301525,15.159723,-6.473454
28.267302,-10.942531,-13.470065
23.941635,-13.242441,-9.785731
21.132736,10.447259,19.338142
12.823859,-23.120193,3.2473893
21.29505,-13.425919,13.687249
21.44031,-16.175686,13.3609705
26.236063,11.661597,13.785223
13.067633,15.448116,2.2367508
21.306929,21.535704,9.121279
25.862463,14.81901,4.854723
26.116207,22.479086,2.519163
24.598368,-11.648267,2.72437
28.085709,-2.1666925,-3.337241
19.917053,-20.777061,-2.7389028
16.347322,15.139421,8.188326
24.989223,-14.705808,-3.390245
20.64943,11.720765,-3.440523
31.452763,13.302272,3.4132905
27.114931,22.51464,4.834739
26.346985,10.175464,10.419874
17.589607,2.1446104,13.600966
16.005083,16.496067,1.9088596
15.619833,15.168655,4.9282837
18.443228,8.936868,15.060599
18.187582,-25.132755,2.4084218
29.547787,11.08444,6.538291
21.517138,4.191308,14.379485
24.77125,-2.4177582,-6.6510053
29.952063,3.752101,6.606039
25.976074,7.0973186,7.9811063
23.893356,-0.45265806,12.519947
25.141472,-11.662147,-3.1724029
20.759775,3.6166651,9.164183
25.2647,-2.1308737,-9.488796
19.76384,-14.532075,13.113824
17.604866,0.58929485,21.027037
18.306038,-12.203054,18.773314
23.82351,16.26395,4.3977365
20.374035,3.6675563,12.950333
23.94693,-13.286999,-0.80624187
25.80381,-2.2301307,-5.9482236
20.251608,-17.23615,2.9296448
17.808292,-15.782966,-4.86078
17.461395,-9.591298,16.561525
24.642672,-3.662309,-10.088461
28.336365,8.9476185,4.6575356
25.29212,-3.8358324,17.144398
18.306301,-13.637658,-2.6124887
23.863676,-9.250581,-2.8813124
20.902931,-14.852363,-9.152215
30.742022,19.58896,2.8765182
29.733362,-10.485537,-7.8267794
20.31426,-14.603615,-4.6889434
19.921358,-15.162881,6.049553
16.135834,12.714649,-6.017775
17.706295,10.068677,14.033949
26.546862,10.395685,4.6760187
17.557543,9.531615,2.1237206
21.023287,0.027742917,9.112814
19.626673,-0.28751054,17.545753
16.02077,-10.092967,21.164211
22.578957,6.009285,-3.2784147
13.607113,12.436383,1.6734914
18.26885,-10.943055,-5.2846804
15.232049,7.108934,13.165234
21.995672,18.784697,9.203025
16.94574,-26.206911,-0.7335717
23.679817,12.995456,11.460431
27.33164,-2.1456487,-7.4216986
11.699337,3.0259454,18.03488
27.380169,5.0073647,-2.7543342
23.374075,14.812594,14.943241
17.636133,10.563767,-1.4540677
18.158659,15.695739,9.795112
20.704468,2.8621018,19.38805
18.812466,10.54122,5.174975
6.658439,2.1021664,19.049448
26.383446,-10.349026,-12.20658
25.400291,-4.8083587,10.853855
24.445717,-5.1532664,-10.524166
22.78712,2.4710367,0.40083483
25.239962,-5.449722,-3.553274
28.32302,-3.0302737,-6.902269
23.16518,-6.644127,11.632559
14.176635,-23.290413,8.047379
24.647472,-0.5637793,5.754848
24.142939,18.548872,1.3203192
24.517849,5.1774783,5.9066753
25.888794,-1.4566708,-10.315563
21.488821,-12.909116,9.36111
31.446184,8.775942,4.298581
24.079132,-4.504923,-9.884179
23.146362,-5.6268067,-10.648459
21.57304,14.102734,14.988359
19.260826,-9.035549,10.653471
19.134594,-20.813786,2.918062
28.299046,-4.3141975,-6.629752
25.514206,-7.5547028,-11.324317
12.79452,-21.328684,13.879789
17.514753,12.318389,15.226132
26.921568,2.3888955,8.135927
21.155258,-14.01877,11.36841
17.940374,9.156901,1.3361732
27.381317,22.294415,-0.8169866
20.164148,4.709477,11.139687
15.885757,-17.83304,14.598612
19.18584,-1.8891392,19.831116
25.27919,2.4225674,1.1139215
20.845469,16.421684,-3.9539516
24.315825,9.947626,19.518394
21.346022,-17.658089,-7.544994
29.330843,-10.9184475,-8.842285
29.604786,2.8040967,-3.9574058
21.296144,11.577977,9.0055
27.40661,-3.7762463,8.077869
21.72914,15.46071,4.5118275
14.553616,-17.50217,3.1256773
23.936205,1.4271835,12.576439
19.68431,9.222615,1.0461339
23.637375,20.594408,-0.3673007
20.413391,-14.430411,1.0167435
17.201843,-16.39123,16.082838
27.637989,-8.865266,-8.497509
20.526407,5.0379415,8.492738
25.148556,16.808954,0.7771062
23.342447,-13.98267,11.429488
16.23906,-14.520415,8.438943
8.491516,0.344881,19.0697
24.721981,25.548494,1.2421926
21.239119,-15.761092,10.430109
25.059196,-10.325251,10.5404415
12.7954855,-22.394333,8.42769
18.822039,10.217886,11.069029
17.056934,-4.039499,20.989832
14.424502,12.493817,-0.9125858
31.205547,4.282745,1.3173019
23.729269,-10.073472,-12.573532
18.846094,-21.411476,-1.3631743
19.303434,-5.771466,13.882016
13.130255,16.490923,7.5654407
31.671772,11.845864,4.9136643
16.324308,19.047564,4.1448536
20.510128,20.00806,0.9912943
21.351048,-10.531807,15.961251
27.411964,-9.071937,-12.011272
19.893225,18.656965,6.4843802
23.534458,20.675974,-2.6502297
24.548584,25.631296,1.20432
21.390406,2.16154,20.356451
27.29887,22.942474,2.605538
15.033908,10.869817,-1.6881293
18.378187,-12.847778,9.724489
28.447094,9.44785,2.9415772
22.974947,-15.368179,-4.619906
26.086859,2.9229193,8.137955
18.460688,-12.627981,9.343707
7.518741,2.388713,20.66746
20.417152,-7.9943767,9.270918
26.938162,15.651401,4.612162
30.014948,16.268328,4.0363984
26.519135,17.954138,7.4155025
13.533817,-17.876675,10.589777
17.596241,-9.890617,15.753833
27.079662,20.999939,5.168593
16.665009,17.668396,3.7521093
18.375683,-14.71834,4.609641
14.107723,-24.366634,11.017439
23.60682,9.514109,16.74598
15.826279,21.160616,0.78036004
25.71366,-13.868642,12.787863
19.211428,-1.0446241,15.274201
16.140282,-17.874777,-2.5204055
26.523306,14.26484,-2.8353431
26.993235,-7.101283,-8.531046
16.57102,-25.308046,2.887598
21.527988,-17.864998,-8.464247
19.658976,11.405337,2.128966
14.272498,-20.466368,4.4675455
12.045446,2.4099138,19.152197
21.42129,14.853651,11.879213
28.641283,11.350438,12.395121
22.038584,-16.211164,-2.0840209
21.214565,-8.604786,7.0017014
15.563256,-21.461655,12.108614
18.333279,-9.595726,2.778348
21.715986,15.423116,12.449918
19.92649,14.63273,7.257143
13.237269,-23.965836,8.021464
30.58496,3.5444489,5.3854322
21.89199,12.385603,5.0086646
18.761925,-9.16709,7.6895103
12.59945,-23.185928,3.2763257
23.732504,-6.4475665,9.228573
26.750278,3.29678,8.135343
19.426874,16.525751,3.098405
30.282589,3.8529022,-4.608086
13.646934,1.6612324,18.24178
27.247229,-2.5319037,7.454104
22.212368,9.965733,-2.2434194
30.273996,12.545063,6.69325
25.952822,10.7473955,-1.9642358
20.108055,-15.228058,-8.845398
18.075468,-13.7722,-4.6009808
14.605054,-23.764217,3.829644
15.204912,5.819305,16.987324
31.117575,14.571202,-0.89869887
20.74496,-10.904945,14.81591
16.59126,13.458084,6.307701
18.360588,6.64298,13.851394
23.718884,18.838003,-5.3207936
20.110968,-12.627032,12.523208
24.817644,7.638996,8.220354
23.215866,-6.199186,-4.8842044
20.274134,-10.524449,-2.372441
23.024563,21.291006,2.3666623
25.887247,-4.087308,5.2196326
13.637327,10.745129,2.3635502
22.100685,21.630064,-2.959218
17.834978,-13.107058,18.741285
16.079992,-12.8076,17.907995
24.343967,12.811147,10.0266695
25.821245,21.31715,-0.5695612
21.547071,3.7478364,11.928992
14.985193,-25.088959,4.7594247
29.219456,3.094402,-1.3949592
24.401505,-0.17473155,5.6439414
17.85348,18.017073,0.3797191
25.809055,22.888317,3.1216862
24.331888,-14.9025345,-8.147396
11.38462,2.740976,18.214397
24.892868,-2.7342734,9.909851
30.333044,-6.779551,-6.1766715
25.699635,-6.2817492,7.620258
30.096113,-8.182638,-4.691745
19.90992,18.090246,-3.3956745
29.81237,15.815665,-2.7124233
24.776585,7.041074,8.632682
19.834455,-13.58107,-0.62470716
26.743643,7.4918036,-1.5877954
16.932636,11.879265,-3.2815816
17.074715,-18.221615,2.42996
21.315037,19.638264,0.019696405
16.451597,-13.488636,19.442802
15.737238,-16.684553,4.053899
28.434324,21.838676,-2.200554
19.82994,-18.386902,1.2807268
29.706676,0.90007573,11.547859
21.103745,18.332695,8.045726
26.252476,18.17138,4.726228
22.873955,-11.005209,-11.267751
25.211084,-4.306112,7.2631426
17.017073,4.022148,19.203447
23.45736,-15.252773,-10.005261
26.591646,-1.1840447,13.174434
18.574528,3.5289383,21.317455
27.461176,10.683689,2.9667685
22.376999,-12.402938,-7.810569
20.550842,11.48956,10.8441305
24.72508,-11.49508,-5.4267435
20.003988,-13.020431,0.60196304
14.553499,-19.478575,0.026979962
22.626411,5.506977,6.958189
27.643568,15.256423,8.891257
21.185308,2.7096946,16.265366
15.654004,-20.206945,1.5760474
25.63135,-1.4294792,4.22049
19.954535,-18.316177,1.216484
18.533348,15.098687,8.933517
19.86929,-9.697642,12.776537
20.758696,21.460321,4.416032
29.384584,2.9054058,-4.9955735
24.77741,-10.918629,-14.862544
22.875414,-9.235345,13.43851
24.789677,-11.255326,-2.6182117
20.73984,17.803856,8.51365
29.908749,21.38719,4.405488
25.222866,10.950876,-1.9430069
18.315956,16.304703,4.287188
16.78234,-17.075102,15.935447
16.48589,-11.57328,11.602042
15.28002,20.287613,-1.1637197
25.768799,23.271868,6.174547
20.882603,4.7097635,17.215965
23.172293,-7.4770713,-13.552203
24.315096,6.036589,14.715647
19.014051,-15.308004,3.467371
24.529013,-6.182205,-7.707852
21.34778,-8.621241,6.9785204
14.581137,-24.726133,1.7651548
28.577368,25.069864,4.0522566
22.336771,11.006671,1.3233384
20.15471,-11.930361,-5.691564
26.208397,12.421872,-2.108093
24.180355,-4.858024,9.831955
27.139473,3.568219,-4.4672422
26.180454,-3.1071014,-7.8415923
27.441816,-9.695026,-8.603543
21.586699,-9.355411,2.1601388
20.32134,-9.8841305,-2.7324915
17.85374,-17.901926,4.089338
18.67334,15.999894,-3.8898213
26.637337,17.339787,-4.4827967
22.199173,-12.618153,10.401313
19.176685,-13.757022,-5.424912
9.021384,0.9635524,16.768904
31.142265,2.0089939,-5.8719807
29.342545,15.163854,2.8913307
21.206406,-5.934951,6.6073866
30.505064,-6.9319787,-7.541122
26.248524,10.737963,14.5114355
25.561749,-1.5293046,-7.675565
24.534122,11.510418,17.4058
5.5184617,1.6017923,21.768877
22.58284,-5.623572,-3.6423564
28.308489,-0.060018256,10.806443
24.277094,-6.325218,-6.757596
19.97054,10.817551,1.5394204
14.235454,-23.949804,14.214894
19.080086,12.022423,-0.055110622
23.17096,-15.45066,-3.8356736
19.42132,-15.15301,-5.982255
21.530342,8.185148,17.647352
17.905539,-10.642972,2.942388
29.69437,-3.6393244,-7.9012103
29.168453,11.454568,0.6680685
19.359743,-23.495762,5.183558
19.155687,-11.67194,9.3520155
23.145372,7.620243,2.1944156
22.000713,5.329229,17.164255
25.596226,-8.497873,3.5801873
25.958366,15.489134,2.7925007
19.889265,-13.610766,12.130165
13.524638,10.793109,2.434112
23.726685,-12.261988,-14.878766
22.04444,22.041836,-2.8895047
26.109396,-2.999529,-8.342177
16.58026,-20.876633,-2.5175838
30.386494,-1.5117368,1.8173804
15.644298,6.3562756,17.589256
26.515217,12.819116,3.1307662
28.369862,11.843251,13.8336
22.956652,-10.499459,8.600169
14.991052,10.549233,-3.413711
15.733472,3.1726222,8.841488
27.0875,24.851377,0.63436395
23.817392,-11.40662,12.460493
20.709991,-5.8696456,10.341014
3.984181,2.520184,27.21872
24.355165,8.508914,18.57525
25.215712,18.693098,10.876641
22.580854,-4.1496325,13.952202
18.027487,13.709055,2.2464755
26.029703,-6.8303876,-14.174779
16.149633,13.931009,8.425088
17.993206,-8.015101,17.422306
26.284727,21.51763,7.616154
31.075432,6.0720177,0.118974224
15.7267,18.305311,0.12017047
15.390974,13.947657,-5.8155384
20.084595,-15.53195,1.5023733
13.047094,-21.680653,9.810003
23.25888,10.093772,6.9016504
25.318167,-5.8962164,10.852556
29.536236,4.508602,-3.1742032
17.297289,-19.975822,5.834839
21.63922,10.96299,19.852291
24.010004,-12.658462,7.190063
24.895433,-7.1750813,7.591807
24.035326,-15.122701,-3.2451198
27.193407,9.663802,-3.7440834
25.017385,-8.105627,8.543913
14.20633,-18.338053,4.8072476
23.299526,-10.508348,-13.223489
25.27383,-11.903451,11.48074
19.405054,2.054287,9.64017
25.432444,-5.4841585,-3.6854544
17.641659,-16.933083,5.8879027
25.69337,-12.010779,-12.1153345
29.906336,-3.2452803,-2.616093
20.115683,7.1847844,12.784893
23.919596,-4.218953,-13.332671
22.396523,2.1202712,11.590756
26.466965,8.29554,-0.961791
14.3568535,-19.900093,12.59287
27.820889,3.1841168,-3.7224498
25.898792,9.573148,10.097772
23.032665,5.4111757,11.129818
27.97527,23.651453,4.5513225
28.770641,8.333608,3.4860783
15.25823,11.859557,-3.6323164
24.6303,14.403924,12.203398
21.155653,19.295076,9.213134
21.952501,11.549786,19.855265
27.80573,-3.5588462,-4.5223274
17.729916,16.088457,-5.7142835
16.64903,-14.755358,17.173534
13.968597,-22.407362,14.0814085
27.214294,8.208649,14.057176
22.939112,-11.350042,8.02267
21.627605,-12.423807,0.2556421
13.627224,17.144241,5.0330076
20.940672,9.610399,-2.9475276
11.8189,15.949925,6.9988894
27.838583,0.9275269,11.635283
24.09622,-6.5034513,8.711339
22.343327,13.260794,0.9965829
22.673073,19.762308,-0.2990392
16.456657,-13.463516,19.405842
23.02884,10.9741745,10.700015
16.127901,-0.9786785,7.8527904
14.3610735,-22.366608,-1.4448179
25.270031,-4.744051,7.8762727
24.679958,-1.3680983,-8.011953
12.752083,-25.433954,10.746176
12.475908,-15.686578,2.0595186
16.55553,6.257669,11.908919
15.915224,-12.213903,-2.5628161
21.35104,8.871696,-1.2971323
24.1733,16.041737,4.5287623
28.368986,15.0721245,2.1219294
20.608467,-14.311761,6.017862
23.202402,-7.097398,14.436383
19.034002,-12.722123,0.2520938
18.394192,-11.21958,-4.9292946
24.271408,-13.605049,-5.934317
28.28965,5.680462,-2.1735585
21.4749,-6.389215,-4.0566225
29.239185,13.785511,7.8820624
17.595354,16.285692,14.416763
16.783169,-13.841742,14.984628
5.176995,2.8383238,29.124226
19.817127,-14.1165,-0.43072534
14.53125,-25.421614,9.473872
29.669342,11.145616,6.4830413
20.814203,-18.625137,-3.625354
25.918386,-11.502351,11.512075
24.270395,3.272477,19.773527
10.169869,5.559011,18.6992
16.028055,9.917623,-3.153853
19.816572,22.08003,4.039678
17.57634,-17.035397,-0.88325346
21.85465,-11.452642,8.346999
24.274748,14.821749,-0.43244624
17.001402,-17.279696,13.881646
16.435165,15.138603,7.7521515
23.335758,-6.240951,-14.328102
25.20945,19.709574,0.38892698
23.786345,18.833439,-5.3518867
18.24194,-14.925338,6.890473
24.218502,3.1606688,3.6405258
16.032818,-15.53426,-2.0071778
32.57539,12.363698,4.252361
19.473223,7.898482,-3.634363
26.982716,14.36608,3.1733344
21.101318,11.840047,19.128494
18.616858,-13.960952,-3.7399006
14.301498,-17.98905,0.733699
30.915964,16.745874,-2.4618173
27.785267,5.165902,-3.267839
16.147568,-22.388649,-3.6645224
26.50694,-4.769905,-1.8260573
26.028614,24.14527,-0.24389976
17.654364,-17.225504,13.023567
15.680487,-25.887394,6.043062
25.377018,-3.4136825,-1.3949431
19.783308,0.789162,18.318125
17.274656,13.270603,1.3987042
21.31237,8.245915,19.806736
12.683552,-22.321295,13.9174595
16.050346,-19.679583,13.039715
15.812819,14.503011,3.9937596
20.692062,9.551804,2.0144315
29.961302,-1.5297617,-7.7615004
18.071438,1.6197206,16.818691
23.626583,-9.079269,-3.5963092
15.206527,16.697803,-1.8010709
21.175114,7.2466326,8.1853895
23.051306,-5.041064,14.402743
17.302359,1.8131695,6.827951
18.694517,4.9959893,17.981153
24.632507,8.395112,-3.7628107
28.48867,-6.560855,-6.415214
15.761526,-13.41443,1.9841039
12.4019375,-25.428226,10.943997
18.084768,-6.599312,10.198609
23.66656,-14.278604,13.250067
19.80751,12.326437,16.273642
27.867437,10.288975,2.064204
25.8451,-1.1295359,-6.2493253
20.05523,1.0963503,14.991388
25.813145,19.0939,-2.7399793
23.326475,-8.932045,-4.258285
30.324429,4.5579877,-4.152939
16.267406,15.80093,5.0730414
23.894684,5.587531,18.851156
20.827522,5.0869093,11.341342
26.715801,17.70131,2.0492816
27.710035,13.819713,3.678911
10.588219,0.19625533,17.937056
21.00784,-1.0628092,6.969922
25.512232,16.485207,0.91240793
15.940487,-17.4949,5.0462427
20.031324,-20.486807,1.9097556
21.539871,-13.221086,-4.3469977
25.170582,-6.5204563,7.361181
22.688272,15.624859,-4.398341
28.020288,15.36529,-1.5569265
18.934143,-2.849829,20.429487
26.682407,-9.123483,-4.476196
19.264673,17.894087,0.18343386
21.318096,-11.0419655,8.233622
18.06081,17.83448,7.2378855
21.918072,13.337678,17.701033
26.058607,-7.585452,-9.650523
8.6256485,1.8252941,19.134117
30.249125,7.727669,3.3406155
22.274378,11.557205,16.057562
23.789968,-8.066135,7.289894
24.617332,9.095443,15.588231
26.83227,-0.812039,7.879645
24.445955,-6.803407,11.515567
4.4569507,2.5016263,28.876623
20.699203,13.807147,3.4465272
21.01082,-9.502064,11.53782
23.284071,-5.5738406,-14.210459
20.267897,15.683988,1.6435636
19.97708,21.953909,4.403844
19.043898,-10.286909,15.286437
27.945826,4.85272,-4.0398397
21.598923,0.2149554,12.099599
22.886513,-16.0598,-6.299332
28.923368,-6.592049,-9.081363
17.677547,-17.07737,-0.87256914
23.154102,-12.792688,-12.506387
25.166979,-3.840467,6.6290236
21.250664,19.517103,3.2172914
17.51451,16.97395,-3.0975056
16.866236,-20.332853,4.931157
21.381435,17.086666,2.7342122
24.237186,-5.403554,9.084361
13.968036,-24.904465,7.0571914
26.571636,20.423395,3.055734
21.836819,4.307229,11.0280075
15.494111,-25.088146,1.426592
24.981976,-6.8177094,-9.190816
24.483051,-11.824832,-8.843441
16.355785,-14.731527,-0.01670096
21.293785,14.998731,6.4579077
23.286016,-16.85147,-3.9947903
20.8218,21.281088,2.3952754
19.270094,-11.952656,2.4010456
24.108192,5.14013,18.331087
16.931171,-11.387211,0.50196385
8.968845,1.719571,19.49079
29.371542,2.96039,-3.518559
13.03926,-20.456223,6.7731423
24.1191,13.992248,3.447267
18.707335,4.290219,16.541702
19.366684,-13.891804,-2.4273539
28.464645,10.587643,-1.7425803
26.511904,18.70931,4.1270046
22.979914,-11.357862,8.320585
21.45235,9.816648,15.530469
13.609648,-17.801731,10.432102
22.194368,-9.770624,-3.8208847
16.935005,0.54822487,7.162668
26.628334,-3.2242296,6.8284802
18.0033,-4.5466304,18.910204
12.333274,-22.485098,11.053938
13.422754,-23.20826,10.049167
20.821264,2.2654135,16.124369
13.204821,-16.287203,0.3536982
28.52207,4.160594,-0.69989014
23.783978,-6.516902,11.562692
20.988848,-17.81588,3.2293296
20.258432,-18.897104,-1.5855325
26.06905,1.8210804,5.452821
23.871908,-2.4309592,7.7937064
9.657419,0.24702391,16.419884
4.210613,2.8287761,25.324606
24.177807,7.6688237,7.1969194
6.7707624,3.8342955,29.238916
16.633148,5.6681767,16.497454
24.757236,-9.827483,10.714333
23.578894,-8.503539,-12.691944
19.281618,-23.170954,-1.9662834
24.848293,6.2055326,5.225233
27.41656,9.449252,-3.61661
27.193447,19.67988,-5.347574
17.75661,17.425726,5.879454
26.479666,3.705868,-6.1885343
16.635376,6.4205174,17.253416
26.143824,18.006113,1.8813142
17.306873,-12.361978,10.362767
27.031212,23.259495,1.9366566
12.951981,13.896439,0.41467112
23.841501,9.706786,10.00316
28.457306,15.92051,2.7100074
7.02207,-0.6260221,28.874496
18.21489,-17.647646,1.0186819
27.538885,18.122587,-2.1643646
26.158075,11.993959,15.991769
25.685732,17.008295,12.44257
22.689007,11.274336,16.247421
17.695677,-20.597446,8.520406
27.140812,16.249653,9.446365
13.323287,-24.23912,7.0115643
19.641272,17.321281,7.3761773
23.806322,5.081253,-2.8981593
13.269487,15.456396,2.28992
27.234764,8.801184,13.347252
14.668251,8.631517,3.8827572
10.841109,-0.011267536,18.1616
26.563921,22.705511,-2.1109176
21.288006,-1.0117728,14.031391
20.764715,-15.039939,12.169507
18.012144,-4.5435424,18.81245
20.799349,-0.8788446,17.085367
24.536516,11.448235,-3.8181703
15.871719,-13.597372,13.621258
10.79098,3.8322177,19.939325
20.961618,-10.988745,2.2166936
7.811697,2.904009,28.781519
29.589548,-10.47777,-9.525051
26.444849,-3.1849205,6.4658237
14.280842,-21.100254,-2.0320892
14.365899,-20.996243,-2.1583192
28.076689,-2.993193,-2.9368997
29.562218,3.7742624,9.973617
25.560951,-2.2193713,5.2278805
16.227497,13.255712,8.594875
22.075085,-13.769773,8.115609
17.866175,-13.704087,-1.0958472
22.187693,16.770071,-4.964029
26.391909,-2.6019337,-5.297326
22.609095,-4.077681,10.36328
19.365637,-16.05689,-4.544198
16.467878,-13.547461,19.529696
22.645206,15.488264,-1.8715209
17.66221,9.892258,6.1231823
16.227537,16.045664,10.716429
16.16647,-18.292841,14.28713
25.076008,9.261072,20.824684
23.360617,0.020356175,-4.438441
19.347956,11.501382,14.266129
23.983236,20.892115,5.57434
24.86985,4.7870936,4.291762
24.188162,5.4706664,-1.0624744
28.301449,5.2171693,-0.37830076
21.87542,12.158738,16.35086
27.584297,6.9306245,9.330132
22.573526,-9.588373,13.930311
24.891672,22.781904,5.724644
28.69238,21.63389,-1.4886009
25.806154,-11.132146,-12.969572
17.328876,11.065591,2.948385
23.664602,-9.438165,7.1298285
21.198383,-10.153181,-3.725663
16.068943,-11.181743,10.561357
26.779905,9.8433275,9.847555
26.396246,0.206045,-6.5724726
19.31355,-22.634043,2.9607015
4.6545434,2.27925,25.418062
13.2526,-23.888515,11.368704
7.965704,1.5688604,29.01088
20.177477,20.236616,-3.9123187
23.181873,21.72159,6.6716533
29.353178,21.006485,2.8334377
22.894924,11.068491,17.037104
22.787596,15.020268,10.002145
24.537361,25.579374,1.325336
27.727463,-0.43227494,-3.6510572
17.943691,17.839697,7.177611
23.050938,-14.963928,13.806413
18.084074,-11.313373,17.526087
24.214724,-4.064626,-13.156696
15.413827,6.2329617,17.53961
24.618803,9.574298,19.091589
24.690813,-7.5608706,-5.3485928
23.70009,15.530366,-6.3710537
17.87988,-10.649555,3.0496056
23.261856,-7.0684395,-13.40659
22.564365,-7.221785,-10.11821
23.82484,15.819711,-6.168935
28.246529,12.896819,6.503016
27.488976,5.996974,9.856034
20.441942,-13.563744,16.919577
18.702503,-20.2177,1.2523504
29.745804,19.99735,2.0017185
15.126858,-26.863432,1.6698709
20.756006,4.689457,16.042772
20.117842,8.842811,0.98781854
21.563675,13.286498,17.521236
29.383406,-5.2304935,-6.9198265
25.162453,3.42368,-1.5631326
12.456539,-22.992601,9.982545
25.198753,-2.509834,-9.091918
16.419292,-14.798589,4.350514
25.505575,21.366257,5.2611184
20.792263,15.402933,10.610675
15.412014,-11.418365,11.003075
26.634907,-8.402823,-10.189595
29.518806,2.5418289,-5.497829
27.118141,11.682426,-2.2241912
28.288946,22.228127,0.42486748
25.533707,-4.5726604,10.90598
16.843021,-10.677714,0.13837408
17.370947,-10.840714,15.735044
19.818436,22.13113,4.027062
12.338058,-25.502005,10.265097
27.069046,22.021645,0.967414
14.293983,-22.581272,7.3698444
21.559029,-8.097245,13.562564
18.695545,14.257923,4.23689
18.748737,0.075826086,9.498229
19.185253,-22.584248,-1.6609093
7.0833335,2.397847,21.2334
15.332358,1.5714025,10.260206
19.040215,-9.707994,-1.351174
18.228045,-12.5472975,4.0637627
18.858973,-16.957933,2.4644272
22.416386,14.854022,2.081559
23.541162,-12.155841,10.820625
25.954865,25.038183,0.75295854
20.150072,10.082991,16.59618
15.239763,13.265658,-4.7696986
25.800768,6.433897,9.300495
17.19025,-1.9547219,20.143465
24.791447,15.035943,-4.8059263
22.404367,-13.134336,13.715755
27.486713,20.504292,-0.83924454
24.026264,-13.709926,12.243013
22.358252,15.136563,6.3003907
28.251112,-1.6398493,7.096578
18.04493,2.6521018,8.894646
18.27634,12.9643345,-0.45493355
14.380374,8.732276,5.8703427
29.74669,3.855649,6.051503
15.813244,-25.97554,6.4695683
18.928469,-10.581433,14.516836
17.343212,14.660371,1.8658906
29.959824,10.892184,-0.47570103
18.688328,6.2785935,8.22169
22.70363,-5.0644755,10.794445
18.942724,-13.436217,-3.8068957
22.823515,4.6829953,13.51599
18.39752,15.472064,7.0667973
23.636599,12.905849,11.882563
23.955297,-9.16129,-1.3784719
24.73202,-11.532601,-5.935533
18.089785,6.3775754,12.955371
21.156048,-14.472532,-1.5121217
27.598215,3.0927072,2.270454
25.454672,-11.902305,9.632734
21.943293,-17.962372,0.31618944
23.798616,0.42637897,12.22689
19.435812,-16.367458,-2.7514353
23.62757,-7.035285,16.170897
29.017023,-0.9716665,1.9635799
13.8478775,-18.982803,1.1612365
21.093765,-15.332901,0.8601127
20.665047,-11.930413,-3.0285633
25.615698,-0.82972884,10.36477
22.406815,-4.86652,8.980198
14.063257,-17.548647,6.124036
4.5538993,2.6388714,28.848099
23.633436,21.974028,5.3976064
24.215958,-7.4182262,11.805122
15.484814,-15.71358,5.3259306
16.207067,-25.23145,1.5265934
22.021397,-2.6256375,17.683691
22.364277,-17.422918,0.2589995
11.165509,1.3484926,20.390667
29.167902,-4.673592,-2.447879
17.291176,16.539907,3.9880905
23.772919,-11.530364,-8.981582
20.45996,-13.14543,15.986823
29.75178,-0.2797868,2.9186547
19.738386,-1.6505078,10.398981
23.075998,4.7332664,13.67327
19.38709,2.388995,6.8160877
15.790522,-18.08849,2.859437
20.183596,-20.827774,-2.0482213
27.190277,9.358685,10.67038
27.880852,-5.245739,-7.7216587
14.658954,-23.554035,1.2314043
24.576954,-4.82523,15.656597
29.201729,20.639616,2.348205
23.7962,12.28675,-0.6496925
30.501354,15.882393,-2.187993
20.717896,-0.44197053,14.609711
23.083416,9.839109,19.70079
28.023825,-6.408133,-12.556353
26.28644,-5.5737915,-12.393462
28.850111,22.792505,1.9780428
20.584578,-10.606646,14.932389
27.371677,16.061087,4.142084
19.2198,-21.841976,-1.3251349
23.386673,-6.9499197,15.898932
14.273222,-20.123013,4.798689
28.53961,15.866816,-2.583219
28.684267,3.407561,-5.7044177
25.011982,14.307757,5.7003922
29.361841,3.1353033,10.82968
16.276558,16.12662,2.6029367
15.561101,-11.867318,11.37169
28.944305,0.7906745,-0.9576714
26.109455,0.47869566,6.5548115
27.886347,-2.6489193,0.21618348
17.952822,-23.121176,-1.6170148
30.126333,22.98247,0.120397925
16.717642,9.3518305,-1.1668733
19.473007,-8.019076,12.87864
23.642355,7.6318736,17.036776
23.593645,-9.957239,-14.7645445
16.999653,3.883594,19.068108
27.409464,14.533267,-0.43306014
21.807785,11.864828,8.453018
22.847502,11.380432,2.4119928
6.516394,3.8839395,29.394663
20.867212,4.1108127,12.091332
16.4032,-14.895929,13.061962
17.70402,-23.335278,-1.2574993
26.808851,-7.352715,-10.893839
26.726255,9.812763,1.1069658
21.900074,-17.145664,0.2718806
14.382106,6.317993,2.313704
23.147722,-10.790317,-4.6199203
24.265371,19.252089,-5.331541
17.637203,-22.44196,1.6354443
25.913162,21.482607,-2.932112
22.920519,6.668901,-1.865776
16.368675,-15.897281,8.200517
28.813349,0.7948919,-4.2130284
24.961731,-12.035149,12.7674885
16.021553,16.372862,2.860799
24.075035,-10.362396,-14.452171
22.384096,-1.3884623,3.910182
29.152437,12.243597,0.2150544
22.528862,-8.342181,-0.18024904
27.246925,-8.732145,-9.958446
22.92045,19.512047,3.896493
16.007305,10.582468,8.422691
30.452467,8.014498,2.6061206
22.276775,-9.3717985,-11.263222
20.341625,17.701927,15.74566
17.040428,4.0367403,18.833447
28.060112,-5.9489293,8.582207
19.512753,4.946793,18.879185
27.61645,-6.4141808,-3.919754
23.36578,16.626408,1.7812442
25.936932,10.828034,1.7335106
21.956606,13.50319,17.64253
15.708504,14.318325,-0.40243044
26.21099,-1.4983479,-7.790907
19.769482,-6.335049,16.99561
18.713667,-8.928018,7.378679
22.565786,-4.0082865,14.50031
17.192808,-24.653694,0.54470575
28.085684,2.9366617,-6.3537235
17.038315,15.387153,6.718511
21.051123,14.193069,3.5673485
26.836859,-5.4416823,-5.5973415
15.992077,-12.907713,3.1819878
29.483852,21.647463,-1.2226424
28.783783,-0.54002595,12.576919
19.678833,2.5844214,10.126113
21.434505,6.691626,5.971952
27.488634,-4.285494,-11.657138
16.536528,4.078727,18.2566
15.3181715,-14.766033,3.290919
17.390263,3.8424792,19.06809
27.572802,-11.848857,-12.917029
27.99115,-6.4655595,-12.474285
16.872322,-12.208718,3.533866
22.143536,10.421045,0.9834543
14.813729,13.2226,-4.279289
26.207207,0.80103827,6.8343344
24.984509,17.799797,3.4282672
15.607378,9.05033,-1.2005385
18.405035,9.611668,14.565417
21.19428,-12.877175,-7.475807
23.286919,21.412811,-1.7296292
29.960646,-1.3971422,0.6117863
22.782818,24.664892,1.3247219
13.97251,-23.507538,1.6937844
12.631556,-19.545622,6.556051
12.926651,-22.292273,13.274941
27.635946,-7.455652,-7.783345
24.352535,-12.268327,-9.650813
17.728611,0.74526143,22.966755
25.89376,15.458693,2.8896167
19.417866,9.584005,1.3993833
19.973269,10.298497,-3.8346162
19.190271,-16.93855,-2.506181
26.87099,10.47871,-0.45704317
21.141546,6.6871243,12.792202
19.929571,18.980946,6.5970144
17.882994,-18.920097,-0.4142873
20.212929,1.5476373,6.164546
30.45874,3.0738738,-2.4012167
18.870995,14.847306,8.557001
29.833351,15.251082,-3.0579846
10.085802,0.71829695,17.96212
19.847218,0.56895065,17.523333
24.327345,10.25873,-2.1483297
11.123327,1.8053242,19.668928
25.826397,19.341196,-3.0746825
29.452396,-1.8917387,-1.5388367
27.067904,-6.7027254,-4.804941
17.38759,-9.695084,9.131696
21.944439,7.1984463,16.128979
15.269687,3.0526338,8.549059
20.091793,17.137924,-2.6422987
22.980347,-11.641093,-11.398969
13.546043,-24.995932,2.197134
22.080484,12.662658,-2.8803248
23.707603,-14.538771,-6.2300267
13.753784,-21.606756,2.2888427
16.710526,7.9587226,16.927378
18.644562,-21.09092,-4.67134
27.669588,12.622236,6.465282
19.268778,-23.41604,5.1468253
23.853374,-5.9280057,3.7441158
21.499111,-9.785706,1.3737097
20.347263,7.294471,18.67629
22.82909,-13.285435,-5.461858
14.5077,-17.311306,6.291934
16.12471,16.77148,-1.4208295
24.030859,-14.180432,-2.866735
15.136113,-19.287674,8.33282
18.46586,-15.513585,17.240868
25.768623,-0.9559219,10.397094
27.284124,8.788096,13.327867
24.269243,18.49658,8.854879
29.093496,-6.083474,-6.649602
25.82244,-6.170699,2.1894155
26.265612,-6.7302294,-7.6250014
17.236958,9.440853,11.320721
22.593914,18.75531,4.193475
17.113184,0.46305087,5.845056
20.01613,16.391968,-4.277053
19.481798,11.299538,14.041158
29.42299,17.903423,2.7234442
19.374973,-25.996122,-0.65363336
27.470364,-11.03389,-11.9422
14.589029,-15.82793,9.299214
23.965622,-3.1081321,9.584173
16.367346,16.74662,2.7100773
24.278854,9.459784,17.308489
24.166132,15.478905,16.921318
18.197493,-0.07169112,21.456938
25.48319,22.283754,2.505304
30.631487,12.422931,-1.8919339
8.148978,1.8713748,21.309317
25.255398,-13.113907,12.908724
25.239086,-1.952957,8.224609
22.550495,-4.426711,10.877202
15.64794,8.869416,9.840997
27.938051,18.80571,1.779267
15.753238,16.799212,-3.2014546
25.330738,20.404537,7.3836865
29.788486,13.501022,7.8660765
17.722986,15.061513,-0.17098388
27.832968,11.384615,-2.6646554
18.46572,-26.452316,0.8522566
19.924398,4.366597,13.056267
32.379536,9.071755,2.3063898
12.878603,-15.373616,0.94615394
5.5470486,1.7171506,21.7768
17.763123,-20.388908,-1.1710442
20.241999,20.505478,8.4984865
18.449692,-18.946777,3.1177418
17.811031,17.419626,3.6356297
23.15561,9.608465,-2.7544062
13.462425,-18.968016,11.989743
22.960348,-11.315677,0.39878044
28.08494,7.633567,-2.3675628
24.367128,-6.819055,8.283853
28.258888,-4.989201,-7.8889503
18.43005,3.6241481,21.534203
4.1154885,2.504598,27.234015
20.807117,11.450738,10.597001
18.36303,9.417967,1.5626482
20.86559,-21.002296,-1.649789
15.971439,-11.160461,16.189308
22.264431,-13.333225,14.140373
20.391678,-21.74576,-2.0470197
25.767815,12.680533,0.2785424
16.906404,1.601305,8.0964985
21.411177,-22.556612,0.048043333
29.738838,-0.1460462,12.769916
15.95489,-17.319963,7.8942695
24.423534,8.483852,18.846306
26.01771,-2.4559934,-11.116194
17.05612,-0.56182677,21.909939
24.521597,7.9471874,12.952563
28.791075,7.5751343,14.846355
17.91766,-1.6838263,19.877016
22.449009,17.772594,-6.7098713
21.172054,8.954602,13.048549
29.996767,-6.789508,-8.552076
17.19931,14.64906,3.2876236
22.660099,22.750145,0.49038014
17.085585,-16.476198,16.01652
17.563953,17.28877,6.0055466
24.368326,20.51929,11.071816
30.612728,19.914873,2.8265278
24.815863,19.922482,9.846842
18.219376,-13.83638,-3.4236243
15.390382,-23.481548,5.402118
23.89277,1.0578355,-2.015463
20.606659,-14.437365,0.7055845
19.46667,-1.40777,8.714075
27.323774,8.9143305,11.602055
22.709074,16.071295,17.945587
19.160288,-15.192485,-0.53745127
24.337654,17.168467,10.660652
22.62506,20.858568,2.0301871
19.454065,10.542304,-4.190693
18.336294,-11.95461,16.517166
26.929712,-9.175075,-5.2663593
25.83036,-6.624803,-8.108412
5.310615,2.300667,22.233429
26.085766,-0.07989863,3.9562604
25.49452,-9.539934,-11.714218
22.136648,11.474818,-5.1293983
20.525913,9.52195,13.543485
22.52592,-6.17022,16.384428
17.198578,-8.68033,15.247205
24.489662,-3.4731734,5.171357
24.035868,-8.340712,11.880481
26.92035,-0.7528291,12.710517
19.567558,5.854877,6.6436677
13.218418,-19.245739,12.656983
17.629202,17.113022,-3.1949623
18.798782,13.985868,2.2591457
14.822659,8.6742735,0.03247643
16.28174,-14.825847,8.71699
22.539219,-5.4838905,-3.8606315
25.462803,16.882818,-4.3383493
19.56113,-22.606363,2.4365478
19.058125,-15.504776,3.5942254
20.852736,-8.371397,3.0546272
20.596214,-14.031517,-3.2197595
18.53721,16.12308,8.867289
24.870802,10.491254,4.1448846
26.044367,23.888668,-0.060616065
20.108612,-14.595693,6.4523664
28.073915,11.998944,13.4325695
18.685658,-9.020099,-2.6083639
23.532576,12.562875,11.965229
16.580524,-21.92071,-4.6919384
24.02124,13.568195,15.704377
16.302015,12.803786,8.890822
16.452078,-4.486829,21.811577
14.303982,16.417313,-2.256487
20.44612,13.264964,-6.1471553
17.736227,-9.597465,11.3120165
20.720516,-9.575286,10.578623
9.037855,0.86449677,16.426725
27.68256,2.7270658,-1.9069837
17.194193,20.042961,0.04812221
26.07083,-9.303948,-9.821284
13.198516,9.401428,4.1672072
17.041098,9.474409,17.689848
26.717278,4.1828322,1.6732835
26.004826,-0.87197506,-5.311581
16.0588,-15.608623,-1.9430692
24.332472,-5.7051773,-12.449505
20.914713,-16.10295,11.396862
18.607199,-23.936934,4.5235434
18.037441,-10.50328,12.139235
13.496016,-18.057718,10.826913
29.796589,19.934605,-0.37831476
23.925688,16.858635,-1.4677339
17.843403,-11.423493,15.497994
12.776165,-20.356358,5.7786436
22.080563,14.298925,-2.336387
27.550112,22.744741,6.455158
23.198606,16.90112,1.5752642
13.849358,-26.008795,8.739573
24.678827,25.577272,1.1457304
26.508347,4.926523,5.925913
25.939344,-9.240389,-11.902171
23.805756,-4.9214144,-5.6246142
25.358715,3.6746633,17.354315
16.570143,7.637894,17.071062
16.31437,-4.6064734,21.71907
21.332253,12.3949375,3.1007714
23.764797,5.641449,-0.6681854
21.439323,15.594346,4.7963605
12.254535,-22.439098,11.238373
14.140715,14.323055,-1.2753186
20.603502,9.013074,7.069489
20.79576,14.199623,17.849926
25.7009,-5.053796,5.345792
29.681234,14.162863,-3.3673937
27.255749,12.394927,6.9327354
4.511855,3.315106,29.119295
20.208784,21.059053,-1.4734578
4.2144217,2.4753098,23.995867
3.8634288,2.6830938,27.713408
17.722464,0.5566591,17.110882
15.733377,-17.511154,-0.9591115
29.694197,11.92661,4.499997
21.492222,-5.2818937,12.517589
26.33178,2.681128,-3.149405
25.690659,1.5187309,1.0524997
21.00072,-15.357874,0.64791113
19.263111,-10.933261,-3.3646078
18.280336,8.0932865,-3.565465
25.002989,-0.3971459,15.068901
25.81083,-4.983078,-4.572233
22.303885,6.0788493,20.722364
29.36467,3.2161214,10.7068615
20.146233,-16.542746,-5.6866627
18.668028,-7.452598,12.095797
22.540249,5.57488,6.9858093
14.213482,-22.711102,3.3085146
22.895195,14.0789385,14.036172
25.277004,17.86294,3.6266475
25.358501,-1.7176462,-7.747101
22.675676,22.691256,9.5726795
19.687721,-0.09141828,9.914828
29.3954,22.879225,4.4233136
13.224264,-22.936373,7.97109
24.390152,-13.177307,-14.403995
14.141944,-21.799355,14.856825
19.743261,-10.061046,9.739653
13.883648,-17.614178,3.7501626
17.748375,-10.515399,3.7218456
30.70971,12.786074,1.6575352
11.528647,3.6573572,21.544647
23.951431,-12.466887,10.131454
25.94845,21.543537,0.33244812
24.38676,9.379731,10.178695
24.03355,-9.340367,9.648835
23.956,6.4527845,17.606092
14.510284,-16.774975,8.94525
25.652716,-2.4048269,-9.317634
22.05812,-1.8562255,17.828249
29.511757,0.5643504,7.675155
27.18176,9.962307,3.694798
26.12858,2.5317073,13.275101
18.036404,-4.436629,12.979522
16.841408,9.397967,-4.582027
15.27551,-20.863066,13.2220545
21.315056,20.346931,7.9152665
15.580369,4.513002,5.82238
19.811577,5.9586616,6.7925663
23.149729,21.745144,6.545507
21.970308,-6.7313895,10.321823
20.083387,-13.143216,4.935685
24.532667,17.53735,1.852991
19.69311,14.221894,4.2773633
17.809471,-6.7008843,10.536177
15.758654,5.136365,2.6409032
16.296085,-21.872938,-3.574619
24.132042,-3.425439,5.413416
29.950079,4.4995933,-3.9938302
13.794534,-21.237368,8.834083
28.839012,7.8111396,2.3497586
25.522406,21.342857,-2.8875434
29.64205,7.5237923,5.6963325
22.439816,7.806112,-1.763944
31.525852,3.8815944,-0.32644665
21.833998,-8.814475,2.4028602
24.701502,3.339804,15.13734
32.097157,11.771589,4.380546
22.84197,-16.40153,-5.9469247
21.567272,-15.415574,-7.0008144
20.168608,18.140995,8.401539
17.893066,-8.08806,17.361158
19.782282,-8.126096,11.640305
19.713516,9.237633,13.647977
17.777323,-15.406219,14.816982
24.825748,4.9801726,-1.0352329
25.606203,-3.2545621,19.518217
18.607622,10.234949,6.1193438
20.30418,11.790135,10.701457
24.085436,-9.783973,-8.22977
20.610714,8.131595,20.810497
21.404663,-16.228127,0.86840206
23.460037,-10.119498,-14.7508135
26.69771,-7.51234,-6.3764424
23.106834,-14.659156,13.669138
19.245749,1.5801473,18.5469
-4.490677,-0.6006864,11.540685
9.271687,2.5516229,-20.593279
-10.795268,4.433963,-21.481104
-12.823736,-11.158273,8.6217575
-3.5443764,-5.7289224,-23.54397
-6.7004447,-17.826288,12.230087
6.116344,6.4950933,-13.484195
-5.279612,1.2805091,-9.591536
-3.8177965,-13.452309,14.872817
-6.914223,1.4365231,-21.21755
9.076147,-10.897831,-12.975631
6.712351,2.702879,-19.409426
-2.5846016,-3.357725,1.7796508
-15.189569,-10.034084,-9.539293
-11.798241,6.5843606,-8.115955
-7.6857023,-13.185939,5.5537276
-7.6354427,7.803821,-7.049019
-0.24768926,8.648103,-1.7289495
-7.3495746,-29.295544,-10.9993305
0.439197,-15.960462,-7.0866995
-10.020024,-22.880602,-16.716845
0.21482188,2.1413875,-1.9890231
-2.8441653,-27.399412,15.35397
-4.4455085,-23.097677,9.330201
-7.538855,-2.4961233,-29.82953
-13.058806,0.841463,9.415724
1.1997105,-8.790881,2.6634266
-0.17981422,-14.147298,-15.0239935
-0.33108386,-11.9277525,25.664892
-0.3452111,2.4232457,13.045137
-6.3225813,-3.886755,-22.864496
-4.7634234,-9.843382,-12.199671
-3.0839355,-19.648327,1.9253038
-11.581797,-14.65009,13.194517
-6.8171787,-21.695498,-25.546213
-11.193255,-0.1480499,-22.921093
-3.497114,2.2866573,13.371679
-1.7123152,1.67166,9.807136
-6.4687657,-8.696281,-29.610949
5.0488253,-6.6781006,-27.683582
-1.2340589,-3.9688137,-33.58805
-4.1510787,11.84426,-8.523225
-10.564679,-3.6907284,3.78568
-0.924995,-2.5932965,-13.210642
-0.59454197,-11.675187,-7.2749624
-12.254644,-9.927111,-1.5345709
1.4337939,-8.756284,2.3055327
0.75074357,4.1015773,-15.270798
-6.4039135,-17.272552,6.014502
-2.5289843,-18.250668,4.1147265
-10.351984,9.411715,-11.431347
-6.8779526,-11.801925,26.821203
2.492939,1.348051,-2.4889433
-3.1398227,-26.860872,15.075312
9.310088,-4.0267987,-29.439005
-3.7578256,-13.500942,-28.59553
-7.76218,-8.245256,-16.410303
-4.7706423,-11.125608,-20.889614
-6.7474093,-21.559649,-25.594698
-4.3254156,2.918636,-0.26194346
-8.151503,-3.0116954,-15.658683
-0.90245324,-11.962206,-26.833643
-3.0926557,-13.296135,28.416761
-0.77835,-11.996625,33.493526
-1.1285022,-16.63144,14.602895
-7.268116,-19.466742,3.9394605
-4.6645184,-33.05615,5.9453998
-3.8191493,-34.339508,-12.20276
-4.2740154,-1.4118226,-15.763398
-6.4000597,-10.587522,-1.499117
-15.859606,-27.022587,-15.644272
10.111939,1.6289228,-19.198286
-3.080063,-27.860954,13.18403
-3.364779,-7.1698527,-0.8013371
-6.280241,-33.650917,8.8517065
-0.39567882,-33.80565,-0.25802863
-10.669029,7.0467963,2.1152709
-12.371662,-34.39466,4.8704524
5.9638343,3.5581653,2.2719433
-8.313303,-3.4592528,11.563827
0.4551936,-4.9231467,11.213977
-6.629647,-37.38643,-5.0163364
-2.3413715,-11.71443,28.457142
-9.710394,9.573201,-9.20202
-12.807226,-16.958303,1.6010226
3.474094,-10.678249,14.847846
9.116612,-0.7095869,-7.9774795
-7.4077044,-12.984724,5.312046
-4.0423145,-17.329643,-2.6876993
-7.148755,9.416125,2.0650394
-8.186353,-29.77143,-8.470095
-0.25884768,4.9098783,-18.250212
-4.7150755,6.7920218,-9.005099
-1.7173084,-5.281944,-15.08651
-5.7204967,-22.014095,9.428
1.9876033,0.7166748,-21.5864
-6.128654,-14.708342,26.44362
4.4893374,5.8046317,1.0244716
-11.528041,-6.8330135,-16.108795
-5.291232,-2.514772,-24.761
8.625659,-14.637007,-8.281751
7.4707537,0.13212793,-26.996809
-5.8413067,-10.588902,-17.585373
-5.43098,-26.120682,3.8103607
-2.6792574,-1.1103915,-27.00959
3.1372464,-9.729055,-16.191944
-5.3203216,-19.915138,25.02461
-3.5285726,-10.038976,-32.40964
-3.0504532,-23.66619,-25.483341
-7.5389543,-7.9316697,-2.0699162
-0.38876188,3.9503891,-10.993042
-2.896675,-25.324884,2.6927783
8.129588,0.25001264,-26.0966
5.0826535,-5.600268,-32.531437
-6.8141246,-37.784237,-5.9473114
-1.4000361,-15.361887,25.274038
-9.118044,6.2598906,-6.92664
-12.491079,5.794653,-14.953538
-1.5798306,-24.506945,-4.504462
0.57556874,3.8755138,-24.900764
-14.561397,-14.218723,-3.5972977
-3.7168586,-5.6657996,-24.096447
-1.0305648,1.8750389,-7.69948
-3.3931632,-35.493492,-8.663727
-4.888937,-28.40835,-17.901262
-5.442839,-10.429275,17.84795
-6.426005,-11.664065,-25.830114
-0.8736165,-13.864406,-8.879273
-7.176926,8.540646,-15.762123
-3.7544928,1.5069258,-5.85189
2.025882,6.079314,-18.115894
3.1093843,-5.30514,-1.3840684
-3.7021995,-36.070717,3.2804828
3.1652665,-6.287872,-37.35041
-1.0312471,-15.861001,-20.148092
-8.106058,-31.74389,-3.835562
0.81291,-4.156504,-11.935428
2.0909038,-7.778242,-20.118366
5.999638,2.1681998,-23.592539
-1.2213672,-20.134153,27.446709
2.7446594,-4.9766498,-32.38006
-7.7722135,-13.484065,5.8945317
-3.0809264,-8.419626,19.364317
-3.1403015,-13.502656,-18.411585
9.327082,5.2007666,-15.082197
2.589683,-7.115905,-10.386701
6.0589247,12.282112,-2.5589359
6.2227526,-11.530089,8.146185
-8.472291,-18.69173,1.064568
-0.74584985,-19.551558,27.791592
-9.611834,4.082115,-13.213297
-3.0876672,-4.5150275,3.1034896
-11.332047,-20.02046,-9.421316
-2.5850515,-11.896622,7.5329123
1.6086264,-25.170221,-10.969372
3.2278285,-10.375918,-25.016788
-0.5844293,-4.2035165,-34.224155
6.549192,-2.9078588,-3.6077437
-8.015769,-28.209631,-24.669716
-9.578254,-1.1357749,-16.316492
-0.86629355,-22.589548,-25.536732
-4.4204836,6.4396377,5.4007177
-2.8720412,-16.372095,33.404964
-12.138692,0.6300387,8.443757
-0.60495377,-6.948914,-29.909103
11.436086,1.5190232,-11.108553
-3.738211,-27.30631,14.826003
-6.393022,-6.0607014,-20.733204
-8.435837,7.3471365,-6.891663
-8.362529,-11.164202,-1.9277349
-4.6626816,-25.780445,9.988274
-2.8648252,-10.223288,21.727037
-4.4096103,-33.683235,-7.1505275
6.4889765,4.411898,-14.202371
-1.9783216,-13.197325,37.93937
-13.516577,-1.6262709,-21.442234
-0.98618597,-3.899166,-17.80319
6.3269544,3.2281575,0.8086994
-3.4660642,-3.6548502,18.658283
8.318277,-6.293087,-31.801619
-9.251918,-3.7881982,3.5185585
-5.246902,-0.36955148,-25.543932
-5.2216845,-4.376589,-23.457563
4.9842787,-3.8486323,1.9895161
4.9797816,5.950977,-0.29591662
0.06332154,-12.498361,-28.07074
-5.1235433,-15.285501,-6.881689
-9.270194,-3.3714705,-18.957014
-12.430407,-35.027546,-10.05749
-3.828784,4.5361824,-9.266297
-4.204756,-9.6734495,27.35157
1.6313497,-14.883404,24.778479
0.34002507,-13.209178,4.428344
-6.4371862,-26.731108,-2.324372
9.038749,2.6479185,-19.997505
-12.316834,-2.3346024,10.362091
-14.624926,-4.23252,-6.244959
0.4834996,-6.927863,-23.973614
-1.4010327,-6.9929295,10.066446
-5.339774,-2.5547988,16.978914
-4.5988727,-10.572984,20.126125
3.3899503,-13.906873,-26.196632
11.75842,-1.5006247,-19.248734
-6.729931,-25.50622,5.0037465
-4.1853237,-36.37197,-18.135847
-0.63498795,-19.3326,27.997082
-5.9207277,-35.417896,0.056821864
-10.359503,6.031574,-11.974899
-1.8495679,-15.564671,29.055433
0.528673,-13.488501,41.66747
-5.5632577,-19.017902,-24.433989
-5.829334,-28.160082,2.3942282
-5.8789062,-13.457348,-5.020879
2.8489943,11.065289,-1.4983734
-0.59996074,-13.466147,34.256702
-1.4921049,-9.02519,5.710522
-5.474942,-17.978443,-17.224024
-9.66635,-33.86479,6.618371
-11.744343,2.6211228,-23.429565
-11.369184,-1.7974309,13.302308
-7.2951083,-5.2774796,-25.759495
4.50022,0.46320742,-19.098965
2.7801173,-1.3697181,12.789226
-10.919356,5.3327913,1.74121
-1.9371554,-21.263714,1.9014677
-8.295922,-5.8709903,-18.93034
-7.7500176,-23.370737,7.6239233
-6.331275,-10.892238,-9.908154
-9.563813,2.8970234,-7.701668
-6.569183,-28.812624,6.6094728
3.0998957,-2.0417104,-32.53907
-4.970276,-25.86804,-6.0459146
-11.907191,7.4277263,-10.135369
-1.307092,-1.3882138,3.7054873
-14.9331,-4.7925653,4.1298633
-3.7089915,-16.000362,-14.087491
3.952054,-9.265281,-29.006342
-4.201748,-2.8926654,-1.2152169
3.4911368,-8.716621,-5.4881287
-4.2232685,-29.897938,11.272087
2.5788789,-26.654686,-11.45159
-12.423974,-27.8597,-18.440693
5.300201,-18.094692,-4.740373
-5.287031,-25.845558,3.2251844
0.08910677,-26.847895,-21.947515
-6.411924,8.225919,-6.798213
-15.8194895,6.577272,-10.9325905
-2.533747,3.9886343,11.576191
-7.650339,-3.825143,-9.8337145
-4.1229286,-3.0079038,-19.101011
-4.390109,11.11718,-4.52255
6.452622,-13.147037,-27.172455
-1.9324181,-10.052565,-31.214396
2.0795066,-14.811704,40.262203
0.1639221,-26.176796,-3.294459
2.7989101,10.772444,-1.0167434
5.1793365,-7.293527,-27.626293
-1.1400702,1.2084816,-4.402022
5.539584,-10.402242,-22.697775
-4.7113338,-32.746563,2.892573
-4.365159,-37.346977,-16.621832
-8.212817,-5.7717366,-18.440962
-10.959993,-0.35705832,-16.882193
0.70520025,2.5023663,-24.447502
-3.0104997,-17.064352,30.95955
-6.6709685,-7.6787853,-10.629585
-9.859013,-34.79878,6.279852
-0.2520468,-16.041523,21.443686
9.880204,-8.581257,-11.568809
2.8143775,7.033149,-3.8090782
1.2933937,-12.594317,5.320354
8.44291,-0.2092356,-25.903732
-4.5422897,-33.17073,-1.9977751
-8.44389,-23.944393,-16.914112
-3.3609214,8.718192,-5.803895
-6.031388,-4.0284433,-28.126495
-2.2073538,-6.126575,17.52147
-3.6253684,3.8019774,-24.482845
-2.7501345,-0.92722964,-7.114176
-9.9481325,-37.48884,1.3169225
11.936725,0.4411514,-22.39468
-0.419709,-12.5339365,36.953518
-12.170775,-23.118078,-21.345537
-2.7674422,-26.057821,-6.534653
-1.873134,-7.8532643,24.967344
3.159819,-13.700145,-12.568125
-5.3907747,-31.195955,2.7989635
-0.96555495,14.788762,-2.3040621
-11.91046,-4.655743,6.0494337
2.4582455,-9.6010275,-25.352318
-10.918646,-16.164082,-0.9537315
-8.534764,7.8063507,-18.187199
-3.6856108,-11.013624,-28.370472
0.43214357,-9.532505,26.016212
0.27954748,-24.710566,-12.713085
-3.3441322,-25.361923,11.294072
4.5923257,5.229167,-13.227233
3.5682435,-2.369387,-1.4623348
-6.1516767,-28.464703,-7.2959094
-2.9906442,-0.015949443,-15.135893
-2.1460578,-3.163794,12.924053
-9.684325,-2.0711374,10.262426
0.589932,0.06725028,-0.99394804
-5.3682346,9.111428,-13.44201
-3.594429,-6.6321554,19.264126
-5.3519654,-24.126131,-25.108288
-4.3159113,-15.680036,2.467616
-4.5250163,8.225281,-3.6573613
-5.744896,-25.103853,5.7794147
-8.401,-18.74092,1.0739346
-0.6188382,-19.401175,27.920578
-12.991745,-4.404553,-3.3722658
-7.9608526,-19.648478,-19.567316
-4.7369833,-9.370991,5.2065783
-6.5307903,-28.865744,6.6618342
-9.429637,-13.088986,-9.268851
-10.837841,4.4309945,-21.572426
-5.159537,3.3413415,-1.3536634
-8.443546,-11.244478,-19.569908
-15.84619,-9.500012,-9.223231
-11.041997,0.5877191,-18.52049
-0.58502287,-17.215008,-15.064401
-12.480758,-23.170498,-18.804867
-9.222126,-7.577113,12.669185
-1.0887265,-11.443459,8.080849
-4.257361,-1.2215627,-21.808832
-8.5033655,-37.907116,4.6830935
0.68263286,8.34232,5.5891314
-3.6696768,-9.70634,14.238357
-6.0295086,-37.03769,-8.048565
-4.2620616,-25.974922,-25.670353
-4.4546566,-11.579359,-6.6557965
-0.23175794,2.644214,1.7292559
0.8492423,-16.096704,-7.276821
10.4689865,-0.09217676,-24.77196
-9.826187,2.994516,-7.9615316
-0.8664885,-12.675346,-3.3105354
3.2375734,-10.790519,-28.657787
-4.582916,-27.51769,-1.142525
-1.4299171,-14.083316,13.3459835
-5.9101458,-22.635181,-23.908236
-3.8765612,-20.606747,-20.383371
-5.779431,-32.018562,-16.533789
-7.79941,0.5962926,-16.022768
-7.240565,-0.956609,-17.368767
-4.1302176,-12.3106785,22.901047
-2.8365831,-33.72199,-15.046335
0.8061347,4.255392,-15.280096
0.13975832,-17.106436,-10.834718
-5.792996,3.7207572,-18.034431
-2.8940294,-0.33361036,-14.753978
-8.858683,-34.145744,4.036531
-1.1789623,-2.5191677,-12.921706
-11.626585,-3.6368954,-9.110484
-10.678182,-36.18611,-15.473932
-14.082682,4.318033,-11.2721195
-0.37281328,-2.5887861,-9.263881
-5.3062963,-22.637556,-24.31184
-8.70654,6.2407026,-14.699744
-13.860526,-12.897751,3.9809291
-3.969394,9.2291355,-18.26286
-0.44422767,4.6187534,-6.400579
3.9766262,13.327665,-10.587485
-2.5573633,-21.606731,-22.175009
9.411114,-4.324319,-17.775438
-0.7096922,-7.6452155,10.751685
-5.18757,-22.39078,-5.8061624
-0.54951257,4.1074486,6.435822
-10.273419,-28.052773,5.14518
3.9625347,10.807203,3.2381291
-4.3019457,-9.051807,-15.783878
-2.001696,-16.924982,37.367386
9.043052,-0.2539978,-27.810322
-1.9113147,-29.70363,11.164317
2.6231139,-6.7425933,-32.92364
-6.797135,-35.29682,-2.5296814
-10.30697,-2.403133,-2.69488
-2.1612258,-29.66609,12.567411
-4.765952,-32.98962,6.9589243
-3.989953,-31.526033,1.7397113
-6.9288645,-6.8878355,-16.50495
-0.28969926,-29.87467,2.069099
-0.38377547,2.4146903,12.809734
-8.067066,-31.66459,-11.605676
-4.34001,11.100195,-18.677843
6.206867,-5.496295,-29.076855
-9.076514,-9.107614,-22.582144
-3.0040724,3.9544005,-13.885893
-4.4226336,-36.770695,-18.579351
-8.799139,1.3968364,-14.251563
-2.1074796,-10.661081,3.6405172
-7.7163563,-11.53914,16.292295
-4.102178,-38.83914,-10.603384
-2.6725254,-16.954948,-15.013012
12.90253,0.278272,-22.264818
-8.303548,-28.514374,-4.829914
-2.4458742,-5.5138535,-14.495648
-8.289467,-1.2005342,-4.372216
-3.2933981,7.5489893,0.45915326
1.2819426,-23.986757,-10.833407
-4.367328,-29.968668,5.9444423
-0.845134,-2.1740088,-27.675257
-1.5782388,-27.533571,4.149569
-9.590542,-11.240576,13.97632
-6.795467,12.084723,-1.6142138
-9.688459,-18.36184,-11.499678
2.381803,-7.2216997,18.384214
-13.5928755,-32.876865,-3.5973918
8.213533,-6.3344145,-20.186172
-6.3474655,-0.4320496,13.27387
-2.0693135,-15.5237465,-18.574419
0.33694947,-27.03323,-5.018915
-0.23782131,-11.129365,7.518311
-0.5035569,-13.327638,-9.985847
-11.738201,-9.395932,-4.552255
10.185541,-4.2877584,-21.67517
-4.636474,-12.693645,23.6364
1.0568537,2.6039183,-8.496349
-3.1002944,-10.790298,33.795227
-7.359497,-12.09494,16.380535
13.394922,-3.563816,-14.464759
-9.539829,7.4271984,-0.8623033
-9.11074,-35.862934,-11.811782
-2.6869836,-26.0427,10.683282
-4.944135,-20.32726,6.445976
2.3180177,-14.860906,40.36852
-9.668821,-1.977142,-21.210295
-1.4275234,-6.321638,-29.94778
-16.580143,-7.773718,2.0170164
0.89281696,-13.9735985,36.195805
3.782308,-1.8079147,-35.962074
-3.3263211,-14.64582,20.142931
-5.7965903,-9.010961,-5.853513
-6.271062,-15.133143,9.3055315
-3.726118,-34.31417,-13.089441
4.267172,1.2848681,10.303391
-3.3635614,-22.089912,6.8563747
-4.3506637,-21.087929,10.077502
-5.693581,3.7050223,-18.037912
-3.1382995,-13.281379,2.250332
-2.575137,-29.918062,-5.0259686
1.6801564,-20.829382,-2.9400773
-6.119053,-34.732357,-17.163198
-4.677089,-11.495721,-6.7756467
-2.8631396,-15.1203,19.52789
5.686724,9.139046,-4.361888
-8.073829,-30.525187,-12.615637
-6.5676165,5.0984387,0.31936213
0.6628312,-4.143162,-20.46541
1.7636449,-10.335763,-13.839039
-9.905716,4.241503,-15.055639
5.91019,-3.6163852,-9.94124
-6.27357,-31.079966,-9.1969795
-8.556789,-26.226555,-25.839417
-11.839379,3.8502517,-11.468326
-4.11299,8.752788,-17.712282
4.5173545,-3.7291007,3.4107878
-0.2401042,1.6772128,-19.069494
-8.943228,-25.328102,-2.994668
5.7252584,-5.0488005,8.196462
6.7906194,1.7047608,-7.687948
-11.941068,-30.971312,-19.655588
-9.776976,-18.839794,-7.6414475
-8.140614,-10.515302,26.837416
-7.7646537,-31.951996,-23.263897
-3.962806,-34.09696,-10.308499
-2.8774753,-28.3858,-8.210402
-4.190162,-8.180608,-25.041006
-3.9051297,11.699305,2.1879852
-2.7168798,-17.783121,7.063088
0.59288687,-31.502815,1.5407155
-3.2694612,-30.582293,13.9319
9.339037,-0.11413596,-4.3182926
10.015307,1.0932264,-16.797245
-1.5941622,-8.553471,31.407782
-1.3637385,-11.838429,-7.077435
0.47701353,-7.0256667,15.943199
-6.422461,-8.571145,-20.79173
-5.1804547,-0.25021333,11.631359
-10.639408,-32.295006,-1.5619006
-10.593169,-24.21211,-14.213574
-1.1049681,1.308773,-4.3734603
4.3563924,1.2634268,-1.1625189
-11.463081,-11.474311,8.317677
-2.2181363,-33.09508,-16.61799
-2.5294285,0.6500065,1.9690087
-8.53984,-37.98988,4.6981716
-3.8415596,5.9062314,-20.919016
-9.410848,-18.890894,-3.5752692
-4.312802,-17.65165,-2.5656588
2.4195592,-4.9991746,-17.920572
-7.4737945,-11.626774,22.143856
-1.8208344,-9.236376,-6.1493354
-7.697808,-7.9139647,-24.623697
-2.3323727,-12.991316,22.428917
-11.893411,7.4005494,-10.09291
-4.620011,-25.579277,-20.284922
-3.980989,-1.5148984,-20.26679
-6.576397,-20.0246,-3.2177663
-3.3588777,-4.3274403,-27.105661
-5.9492245,4.7921586,-4.900692
2.4847019,-11.4365635,-11.0278425
-9.075601,-10.430016,0.57328
1.6877333,-7.1067286,-28.949041
-6.847735,-31.69348,-5.7451506
-11.509782,5.3382044,-9.824056
3.0713394,-0.9437937,-14.913343
-0.68883526,-6.432993,-21.646118
-1.8191845,-30.94611,-0.19251527
-6.5017886,-24.846315,-24.598158
-4.6900325,-30.261131,7.6160665
-0.958494,6.608548,-14.5657625
-2.7387516,-25.876192,10.709609
1.8141652,7.557311,-12.47271
-3.8963103,-10.768741,28.842197
8.588345,0.8177133,-25.100674
-2.5002687,-32.570602,-4.07334
0.16221677,2.4572778,0.6482098
-0.5106792,-14.500946,7.35522
-11.679428,0.9030546,-19.381346
0.96393174,-9.058798,9.584149
2.3245323,-1.9130177,-8.97105
7.171627,-7.483491,-11.237461
-0.7018273,-14.209559,23.881187
-8.402373,-9.5506115,-26.983421
-7.7251177,-1.3787432,-0.7638851
5.6525497,-1.0571984,-23.779375
-3.821035,-3.130682,20.185198
-11.877756,-16.945242,-9.464075
0.11531268,-13.207183,38.5404
-11.565093,-36.420597,1.8262143
-8.185981,-29.778585,-8.493869
-16.05482,3.735772,-16.30655
-7.13908,7.9303536,-16.06318
-7.5360737,-3.801486,-15.013674
-6.7010965,-10.506212,-4.649966
8.443102,-0.47231054,-31.108042
-13.391929,5.481648,-14.378516
-4.880088,7.414701,-2.1377532
-2.8063395,-25.78918,-6.647342
-8.374536,-10.145536,-26.82105
-10.486723,-9.133695,5.295689
0.6971442,-2.4907434,16.34973
-12.750653,-13.194779,-0.5716767
-0.93769866,-27.28229,14.165317
1.0550679,-12.1598835,34.531387
-0.9964576,-10.074973,-11.236457
0.045642167,-13.787494,40.628212
-2.9117935,-9.802228,-19.020302
-2.43967,-33.399895,-6.5685678
-4.809596,5.3857093,-10.705201
-4.0395865,-7.380589,-12.154757
-14.850196,-2.6631114,-10.482968
13.398478,5.180031,-12.141877
5.834004,-7.4186225,2.2705224
3.76743,11.69339,4.117258
-10.975321,-26.494152,-17.77907
-5.512963,-22.711514,-20.860104
4.5532756,2.5826974,-15.464515
-1.7897655,-17.59121,17.159208
-15.122761,-4.087337,-5.922359
-1.1742979,-28.240929,13.051626
-3.1872437,-30.62331,-2.0579667
-2.7341533,-31.641226,-8.776159
-9.219153,4.45581,-13.558229
-4.321292,13.940746,4.168863
-9.550902,-30.257023,-16.063591
-13.77221,-16.88414,-14.839358
-10.567557,-13.095754,5.4832597
2.2459626,1.1050835,-5.2036114
-7.039368,2.404687,-16.172785
-8.257021,-26.344812,12.237876
-9.03497,-8.491072,-4.985533
-6.825073,-12.132409,26.509794
-8.74894,-25.210325,-13.00374
-10.248714,-27.597715,-21.77095
-3.8023992,-10.345031,28.735056
3.9674838,-20.054993,-10.987354
1.5618548,-1.7945106,6.266171
-5.3820457,-35.02913,-20.582573
-0.7423061,-27.511461,-22.482452
9.160122,-8.181813,-13.955235
-3.527537,-6.484793,19.299017
-2.7142317,-14.2905245,24.132595
-5.513512,-1.2741306,-20.255789
-7.394164,11.663586,-3.7266161
-4.9299636,-12.190216,4.054318
-7.8861465,-21.417208,-20.704407
-12.496205,-15.140641,4.8335013
-6.2867165,5.468844,-5.1354866
-6.642683,-8.273418,-13.302313
-4.1841683,-1.49445,-19.13577
-11.318953,-1.7975546,13.249019
1.1466551,6.693862,-0.61563766
8.395347,-0.13170485,-9.537976
-11.609301,-4.441564,12.559562
-1.0268646,-20.498798,-12.827095
9.899878,-4.052057,-29.187304
-8.956962,-8.604314,-0.75054127
3.367967,-3.577904,-28.202675
-1.9772788,-10.434254,26.503603
2.9271488,0.51089585,-5.7686133
1.0192864,-10.891786,33.335896
3.4539287,-11.509309,-28.463694
-11.440232,-14.543556,-2.823138
-0.6348175,-10.516988,0.7474463
-6.800799,-38.213978,-19.4453
1.0468905,-26.590221,-20.529575
-0.75343466,-36.029682,-3.6100538
0.08653233,7.6750894,-10.261023
-1.3004129,6.3177733,-7.5628014
-5.7472534,-19.05319,-0.11062608
-1.7125448,-15.495593,-6.6419234
-11.342242,-32.834072,-16.907167
5.400096,-4.811567,-17.542875
10.784647,3.6455262,-19.462034
7.4155684,0.18788591,-19.507122
-1.7304537,-30.222322,-15.632821
3.922549,1.7399706,-7.4093547
-9.365673,-18.934725,-3.5328026
-2.5578055,-32.940315,-10.145313
-4.672551,-7.6027017,-1.9767247
-0.17458728,4.123686,-11.134991
-6.876699,3.605509,-12.882778
-15.805337,6.5755415,-10.939418
7.360385,1.7957908,-15.442697
-1.3326116,-29.38427,0.45652735
-14.201458,-12.876043,4.344443
-11.019218,-1.218108,-9.434379
-5.3506227,3.1772695,-19.219604
0.9831325,-3.4830644,14.482125
-11.162678,-7.39509,4.026528
-1.4184889,-17.340912,-15.110358
-1.7245643,-4.573043,1.2655089
-5.4611444,-32.159386,-1.1432366
-12.0644865,-4.6261625,-3.5337574
-6.2978406,-22.758492,-23.477163
2.8283622,5.910528,-9.256517
0.5795159,6.607105,-2.886644
-8.470973,-29.34587,-9.316818
-6.306824,5.858363,-16.580582
-5.699951,-22.876379,-20.295422
-6.628008,-27.007399,-2.34178
-11.006091,-30.035208,0.17949736
-3.5385787,-6.970356,-12.401597
-12.040668,-22.393436,-2.0759676
-0.068960756,-35.814137,-3.7241287
-1.7616749,-30.07558,-15.740184
-10.468102,-11.203269,8.534328
-3.0625677,-16.974401,-11.817946
-4.1482816,-10.237233,-27.752592
-10.999291,-5.5783005,-1.5488406
-2.3964605,-9.365034,13.052993
4.3767796,-8.891493,-29.374084
0.8237554,-11.566218,-7.79313
-4.5410924,-14.00312,-15.049395
-2.6897032,-30.184032,5.737722
-15.778607,-10.607601,0.16111332
-3.765187,-11.940433,25.559315
6.1622796,-3.5451906,3.3761425
6.269973,-7.2950845,-8.059425
-6.995354,-37.43736,-4.268234
0.63862056,-31.600597,1.5573108
-1.6564372,-6.5153465,23.585205
-16.423119,-7.6171274,1.2296287
-7.6311717,-23.773909,-22.651531
10.0797615,3.2098637,-20.668938
5.2659125,0.6450695,6.0513253
-6.615424,-11.033144,26.147928
-8.547724,-9.34494,20.189213
2.8875835,-9.60164,14.152077
-1.2676984,-4.7295027,-23.47911
-7.7602525,4.1860366,-22.965332
-2.1534379,-8.657869,11.216233
1.5944629,-3.8506088,11.702292
2.3631673,-14.595543,-7.492184
3.1196604,-5.3850865,4.910311
8.033758,-2.127316,-27.96526
1.1497426,5.0662775,-15.705831
-15.118045,-4.7005363,4.127447
-5.554332,-3.2254727,3.9421763
-0.012503494,1.4860898,6.3943295
-5.530025,8.996925,4.9768047
0.32064882,10.978193,-7.5662584
-0.7057322,-26.759647,14.130963
-0.074194394,2.6202087,10.29986
-0.7076444,-26.977007,2.9164312
3.0666015,4.1965494,-9.115501
-1.7207713,10.558551,-5.812365
-8.560831,-20.54759,2.0661612
-0.6798981,-32.679554,-13.511545
-6.2659464,4.3387203,-0.40882635
-7.3758707,-12.866128,-10.838796
-9.775742,-38.6187,-11.267736
-1.8664496,10.677773,-13.095411
-4.05444,-29.634722,-13.9324
5.4984837,-14.265086,-15.034639
-14.426357,2.8101652,-8.338897
0.8597801,-17.168552,24.704515
-14.288946,-4.42545,-20.020632
7.988751,0.25534305,-2.1768966
5.233104,-17.922714,-4.560559
2.5273652,-8.517118,-32.94274
8.57536,-8.285436,-20.619108
-12.876972,-22.918371,-10.006285
4.0631013,-4.176955,-34.4649
-1.6073672,-15.190028,-2.8637347
-8.599112,-36.023335,-11.638544
-6.7725883,1.3623365,-25.586452
-10.176194,-35.0406,1.0216866
-7.7367344,-11.280792,16.23222
-4.646545,-18.904964,-12.395689
-4.9288855,-9.577271,17.918724
-13.968767,-0.15788074,-16.467686
-7.875373,-11.516939,11.274007
-7.2149944,-24.372978,4.479525
1.2960978,-15.985602,38.382286
-8.581449,-29.742046,10.189564
0.57840925,-12.141997,-29.476473
8.665556,-2.880212,-16.072336
9.636661,-7.9007487,-6.817576
-7.442448,-0.78015894,-14.243713
-9.468228,-34.00488,-2.384846
-0.503391,-9.814207,-27.20629
-0.45123237,-3.654162,17.878456
-1.5934913,-14.387689,-11.752988
2.0010204,-13.391931,36.60875
-6.3341413,-7.5867243,-6.257093
-5.672176,-25.4193,11.840188
-10.17718,8.5246105,3.2053304
-7.45709,-20.921116,6.066332
-3.6109762,1.3499374,4.6947737
7.255374,-5.9162846,-17.028833
-1.4389116,-0.123902835,-10.634199
-5.627633,-22.869371,-20.293827
0.2142075,-7.626306,-26.423206
-7.472292,-8.568797,8.183884
-5.0257688,0.021101449,-3.3027658
-11.044061,-7.0268726,3.9843898
0.6652178,-9.266825,26.764786
-11.478118,-14.509864,8.091074
-9.19105,-35.886993,3.4765193
-3.68459,-5.528525,-25.118351
1.6397965,-33.413986,-8.555297
2.9502587,2.398501,2.2153764
-5.564047,-20.502577,3.467329
-3.0336926,11.3967285,-8.0396385
-1.61719,-19.730732,-3.2265751
-1.4144144,-29.05809,-2.2460406
-1.7570114,-11.331854,-21.294207
-3.8787847,-5.275759,-4.0420136
1.8741248,9.53418,-8.0621
11.9863615,-3.6331038,-18.98284
-1.9146217,-28.225782,-1.8215692
-1.0173974,-4.3883653,-0.3566366
0.76005197,-11.593452,40.159706
-0.59035975,-6.0108705,-19.327274
-3.0682592,-23.740961,-25.61005
-10.210461,-6.416929,-4.792327
-9.45739,-29.920925,7.1123233
-5.2430296,-22.872473,-24.528177
-4.4463534,-28.38589,10.596768
5.2894773,-6.263097,-30.463285
-9.777901,-3.2537458,-18.454609
-7.8109183,-26.791119,-8.799226
-4.621336,-1.7971373,0.79915094
-6.117454,-25.356846,12.270692
-4.131876,-17.891943,18.15238
-9.029317,-34.487976,3.9734697
-14.786081,-7.2198386,6.776041
-3.5395758,3.811398,-24.003954
-1.555825,-7.1687326,9.725295
9.49305,-1.7200376,-26.973715
-10.736256,-0.8618652,-14.466805
-6.349763,-26.599762,-11.800987
0.9755702,14.128941,-7.934039
3.8699946,10.850923,-8.118365
-3.2671533,-35.029747,-19.504143
-1.2765201,-15.272425,-2.7541783
-15.383835,-9.864997,-9.482652
-3.0577688,-11.793905,-0.43666518
2.4890826,-7.067996,-10.277169
-6.348048,-25.67251,-24.926813
-12.836255,2.1255634,-19.343548
-6.562848,-14.034064,1.0818086
-0.43236056,-6.9649096,-29.47306
-9.265646,-3.0602753,3.4149528
12.211512,-2.2669551,-21.638136
1.4576489,-33.339455,-8.702167
-3.0848672,-24.387148,-18.287104
1.8480016,3.1846578,-21.26462
-2.7819774,-32.995052,-17.827751
-8.118505,9.450209,-9.363932
-3.0769663,1.7556744,-16.663252
-6.484809,0.7914447,0.25150514
-0.50943613,-15.985838,-20.932646
-0.77315617,-31.056662,-21.291813
-3.4415052,-10.715691,26.004095
-8.720156,-36.967052,-9.315841
0.07625381,-30.260603,-5.5609965
-3.287143,-16.4196,-3.353213
-2.9477084,-31.615156,3.1605573
-0.34283963,-35.187374,-14.839136
-3.4323335,-9.364441,-9.743985
0.5129721,-15.02328,34.681446
4.0566683,-0.95064545,-26.005241
-2.4258883,-11.499418,33.429493
7.449423,-13.695888,-12.261547
4.6890764,-5.9205313,5.284241
-9.252685,-14.302919,-2.097512
6.7670884,1.8037593,-1.2213855
-2.652904,-26.71244,9.212981
-2.2248218,-19.102129,36.05712
-3.5445051,-6.661097,19.264622
2.423216,-18.335537,34.001923
-3.3471727,-1.5561222,-13.569702
7.4077177,-7.5057454,-29.82053
-9.417424,-32.700123,-8.840545
3.0213728,2.8971155,10.77431
1.3682711,-13.923074,42.005722
-8.767876,-31.166666,-21.287731
-13.608024,-4.3940043,8.18999
-6.390105,-32.635406,0.17928012
-3.2935214,5.85976,2.7959
-2.737664,5.5015593,-7.179228
-8.652575,-26.20963,-25.904175
-3.5453916,-16.644714,-2.2974033
4.042501,-7.3691225,-30.974709
-0.5148173,-18.396944,36.78487
1.0692003,-8.851514,2.778048
-0.7711494,-0.18012181,-14.421641
-4.045415,5.471175,-3.965281
4.3231726,-0.14609961,-3.3094873
-5.1154194,11.848068,5.3893785
-14.287199,2.7612634,0.94039357
-13.369909,-10.355946,-6.977226
-7.8066244,4.422148,-17.898146
3.370937,4.106907,1.1544349
-5.7310376,-27.688023,-22.159506
1.2469556,-0.12965055,-10.812247
-8.871028,-25.25594,-1.2484558
0.8675279,7.088465,-23.580996
-5.8589416,-8.538206,21.783916
6.109736,-4.4732203,8.155244
0.13839044,-9.779305,27.539452
4.915834,-8.373268,-28.115574
1.9011562,-14.192357,-8.449564
-6.5298314,-22.174698,10.336778
-2.5169005,2.19644,14.861834
-1.1968478,-9.093494,5.5103364
1.541123,-11.088758,33.12447
1.3076887,-11.704722,-27.209341
-1.9677205,-11.424446,4.7389455
-8.536208,-25.907293,7.635212
3.8317199,-16.892616,0.91013694
4.6641564,-4.0918508,-30.34173
-7.319659,11.84654,-3.35747
-9.488305,-31.223465,0.5700539
2.4027076,-13.328222,36.555374
-0.91621345,-15.503983,10.3224325
-0.9443635,-9.844558,27.068361
-13.554863,-30.235937,-13.835773
-1.8255259,-13.716412,38.936424
-5.5155973,-16.551075,26.015911
-1.5801198,-8.434613,-14.3880825
-2.8642783,-18.008488,28.80747
-11.833021,0.97944677,-19.4922
0.37053478,1.7322015,-28.946747
-6.1788774,-10.884135,27.636518
-7.706446,-5.17081,16.206076
-5.1984825,10.974303,3.858895
-10.436515,-6.2586355,3.256389
-7.5017924,-32.91298,-15.092291
-15.035195,2.8407745,-15.807634
-10.5058975,-5.8772964,-8.477267
-5.9509993,-25.358591,12.055268
-6.68385,-32.163303,-8.786187
-12.324533,-22.789854,-21.762573
-11.064169,-16.190508,9.531849
-11.085816,-14.71075,13.636045
-1.6140689,-11.368671,33.24418
-1.1704556,-29.005554,-3.8080084
4.2099624,-7.1935253,12.815574
-0.96965414,-21.031452,-7.4066157
-11.794934,-4.447004,0.2029797
2.4838045,-13.967556,-2.9318004
-5.930198,-21.55628,-19.825712
-8.179426,-25.439636,-3.7232313
-4.658826,-3.0362198,-28.726746
-7.164913,-23.76573,4.2424774
-2.3505511,9.683576,5.491688
-4.1589217,-17.862085,18.049786
-10.064653,-12.401081,-7.0782557
1.8963686,4.1942883,3.5776443
-10.48802,-5.5853953,12.64378
-9.997578,-6.224116,-5.068742
-15.376643,4.14342,-4.4495263
-8.966028,-14.087057,-15.276526
-3.4666429,-19.196161,27.294271
1.9581144,3.8457844,-1.0252136
7.3268514,-5.3378115,-27.019884
2.6019485,-5.5297985,7.4510603
-10.525483,-6.9425673,12.921526
-10.569645,-35.22239,-19.382923
-8.194945,-7.2614007,20.871014
8.980882,-1.7015498,-29.824745
2.0958445,2.3671787,-11.734316
-5.1871433,-12.462944,-2.058168
6.1994433,5.3723507,-18.524511
-2.030932,0.72751814,-2.5900388
-8.947902,-25.648115,-20.096638
-4.9479814,-0.2561069,-10.949434
-5.460528,-16.252823,35.795124
6.7775025,-8.22997,11.25842
-3.343594,-13.947705,-29.66694
-4.673526,-13.959223,-15.499055
1.5514745,-0.19819234,10.373755
4.949566,-2.974502,-26.25832
-1.59215,-11.575431,16.12728
-1.27557,3.4729881,-20.785528
6.2629104,-4.2313614,8.11062
4.830015,14.4241085,0.06546149
3.1498928,-14.512665,36.883007
3.8647003,-5.695505,-0.0891423
5.7743077,-7.704168,-15.274791
-11.786113,0.20234202,-13.66874
-6.2187576,-12.467144,13.184681
-13.507781,-1.6428835,-21.46706
-2.7700152,-31.571163,-8.678462
3.1358874,-6.334397,-37.35305
14.052915,1.0884501,-19.506952
-7.2583275,-23.715883,4.4102077
5.0180054,-3.848456,1.9602262
4.1644173,-19.506115,-6.967813
-5.2448997,-11.543812,22.313053
-2.560553,-13.176951,-25.355331
-0.27315927,-2.0499153,-25.62162
3.0321758,3.9130132,-1.274149
5.285079,1.189364,-16.820593
3.5255191,-12.641435,13.774636
-2.336359,-20.106485,-7.232241
-3.4094849,-32.488323,-13.070615
-5.387243,-4.992108,19.345633
-0.81475776,4.4525204,3.1469429
-8.120087,-2.8720584,-8.621115
-7.2868166,-36.989716,-14.414656
-3.2689385,-10.589904,-12.849207
-1.7827564,-4.1891627,-32.85494
6.3550673,-12.964168,-27.232199
1.6739289,-2.2364235,-7.710732
-12.327425,-0.325727,-0.8295954
-3.2121687,-10.388986,12.670483
-3.4722254,-12.864837,17.786549
-6.597677,4.435372,-14.562975
-2.4810905,-20.71013,27.497715
-10.045188,-0.8243446,-6.4169774
4.8905706,-3.6977184,-12.602117
-1.2314091,-3.6119576,-18.028456
3.3760357,-5.324262,-0.8675336
-4.1611557,13.581552,4.3924155
-8.991367,-5.4865603,-15.65946
-4.163937,1.7248499,-7.209842
9.759281,0.9050344,-4.0530405
-12.197891,-23.106813,-21.366665
-11.531149,0.95153874,-23.26564
-7.5663214,-22.251102,-18.443258
8.39915,1.616708,-10.401367
-6.275552,-30.176949,-20.815578
-6.0780745,-22.401157,9.989314
3.976021,-20.064648,-10.993848
-3.4167368,-5.3996716,-25.626
-5.236516,-33.7283,-11.411604
-4.681734,-7.807773,24.380514
-5.9697595,10.504711,-0.44941342
-2.1254532,-5.2149744,-9.378807
-2.462538,-12.399988,22.192652
1.3057629,-26.215334,-1.9484576
-9.2059355,-30.137964,-2.2876358
-1.9226948,-30.676472,5.3726335
2.2772017,8.201392,-10.686595
9.301634,-12.726517,-18.270573
-14.448394,-4.2146297,7.868006
3.316545,4.4340878,-7.6819777
-7.4219065,-37.04786,3.8724227
0.87079304,6.737476,-0.48553813
-8.862605,5.0686827,-15.90121
-0.10939543,-27.372,-10.392917
6.1868567,-7.509106,-25.551476
-8.393615,-2.9351451,-15.568803
-9.339137,-34.595184,-6.6840124
4.740805,-6.00272,-32.75131
-3.2587364,-5.8967896,21.807749
-10.788717,-23.867018,-18.354822
3.1619322,-16.295513,36.66402
-6.925577,6.5564322,-16.695978
-11.411546,2.5637937,-16.796442
-3.242111,-13.435236,-18.458302
-3.0884383,-27.882423,-19.68957
6.602671,-1.7428963,-12.386839
-1.8178351,-15.647415,28.793299
3.6644936,-11.703799,15.418644
3.0715432,-11.805273,31.111902
-5.1791363,1.6148438,9.574049
-5.937938,9.342528,-9.491477
9.583136,-6.216239,-13.586817
-7.571236,-18.01567,1.3436606
-9.234683,-27.02547,-9.448149
7.443092,-9.470218,-11.13832
-7.2926545,6.55407,1.7561747
-1.8255156,-7.1023936,24.331305
-2.4552433,-23.40635,-3.5742543
-6.3381014,-16.971302,15.132653
11.6352415,2.902568,-17.14427
-3.0445344,8.747718,-5.6984973
-6.545483,-12.674568,4.9119406
-11.704592,-29.345604,-6.9381847
3.528847,-2.0291164,-17.34475
-5.224541,-34.81326,-19.309301
0.5020255,-12.560096,1.0465642
1.4877063,-2.261237,-7.4128757
-11.927975,-2.3790724,10.434239
4.1814914,-4.4348674,-34.704834
8.437938,-0.524436,-25.038256
-6.301096,-10.979167,-10.022713
2.3894527,7.836737,-6.9255004
-6.540617,4.264051,-14.674181
2.340969,-9.94324,13.502422
-6.0512743,-33.17535,-18.616598
-4.6863656,-9.93563,32.56741
-0.7782859,-30.687933,-10.462132
-6.029627,-29.672794,-13.678295
-0.47931492,-27.347178,4.5937066
-9.820134,-34.510014,6.4460483
3.6248307,10.206221,2.99473
-9.995723,-24.718075,-9.136994
-5.4909983,-10.6144905,29.738697
-7.62656,-36.7467,4.158267
-6.1026053,-33.329872,-11.055261
-11.777669,-14.838796,1.4806653
-3.1158164,-24.038832,-26.189724
6.2159057,-11.524753,8.150756
5.196483,-5.3231907,-32.545418
-4.487432,-14.452683,5.9024243
-11.811162,-14.6031885,12.956679
-6.755252,-26.660664,0.24100137
-9.9707365,-13.034582,0.041997083
-4.20335,-30.282572,10.791511
-4.4184613,10.884093,2.60761
-14.925038,-10.981218,4.372732
-2.3171587,-12.418945,26.46037
5.874848,-10.725813,-5.395382
-7.2436576,-11.060493,18.618372
-2.8930426,-1.2271937,-13.855623
0.7237407,-4.753646,-8.60199
-5.3787923,9.364366,4.254244
-9.123873,-33.279324,-22.76718
2.0875432,0.59915674,-23.16921
4.658393,-14.512404,3.7532582
-7.729405,2.9686558,-10.331615
0.38284504,-12.721354,-19.674543
2.0469515,-2.2298906,-5.137863
-7.7579026,-1.0801435,-14.759868
-9.531062,-8.738883,-1.7101611
2.558911,4.0174704,-1.0264864
-11.670656,-36.15891,-9.846228
-8.084935,3.800279,-10.145144
-6.085765,-23.028265,5.856719
-0.0598084,3.0750608,-13.25582
-9.835184,-5.1545677,-13.256355
6.564229,1.4138707,-14.756717
-1.1563584,-14.118496,39.247475
-10.389891,-22.257679,5.1091833
-0.52068883,-5.3269277,4.9119873
-3.6048195,-12.146555,9.556317
-8.509327,-22.666956,-6.028669
5.2929187,-3.1172235,-26.092716
-0.53816944,-11.442408,36.130657
-9.9802065,3.5388792,9.118339
-9.847001,-29.303839,3.9757214
-0.31521332,-17.118671,23.617613
-2.0748544,7.437835,-13.170796
-14.081826,-0.061245006,-16.506899
-10.278586,-30.544418,-11.227775
4.6535354,-17.087906,-3.683839
-4.7749624,-16.897158,20.59423
-8.521635,-28.45706,-24.670212
-4.817994,-6.9864736,15.229089
-4.5040355,-11.918473,14.9859705
-3.4413812,-14.628045,21.200924
1.3494726,-13.321089,40.139362
1.1408082,14.007502,-7.810465
-4.858371,-11.230752,-20.9655
6.164048,3.5742908,-19.315605
-6.2142596,3.12097,-0.021633131
-9.116408,-15.807982,-7.054916
-9.555782,3.6925702,-13.0693445
-2.4827833,-23.449488,-3.5492737
-1.5058388,-9.2469845,32.255074
9.051879,-10.752632,-12.9747095
-7.4909153,-5.351907,0.05942713
-13.631166,2.129169,-14.970094
-5.98493,-32.092285,-16.531593
-0.772937,-30.079681,-22.090885
-10.492594,-35.17492,-19.332487
-11.609775,2.5025795,10.044383
1.0458477,-34.344933,-4.619846
-11.780136,-25.312366,-17.223955
-0.27187344,-5.709266,-14.889926
-7.1079884,1.9723516,5.757235
-3.5103447,-7.714775,17.243244
-5.919111,-22.97494,6.079095
-2.040179,-1.6600947,-22.831598
0.79432,-7.0040717,15.292109
0.6980606,-16.032055,-7.190246
0.6131505,-27.704596,-1.5181069
-10.526985,-28.557247,-16.639044
0.69649583,-9.542721,8.61465
-1.9487575,-10.937962,20.553444
-9.598958,-16.168802,1.8771169
-6.976086,-2.6960232,-26.28611
-11.744738,-4.72245,6.2765145
8.0539,-1.5082977,-27.78189
1.2271479,-15.104325,22.337767
-6.102824,-31.146465,8.931267
4.7467566,-0.77103835,-23.312283
-0.6557667,-29.846601,12.983214
-8.69809,-3.4345384,11.441941
-5.082476,-5.0539565,22.559084
-4.56549,-30.641178,-14.263665
-3.216289,-33.261032,4.4969354
-4.8320966,-35.49585,1.2926129
-3.164854,-18.584433,28.036665
9.866523,-4.8963485,-24.617489
-7.4687467,-2.017751,-12.386075
-4.8316574,-6.54988,17.496368
-3.482118,-29.540539,7.4519296
-0.5548735,9.986166,1.8230187
-8.989103,-30.228392,3.8659854
-6.2932453,-15.134164,9.300161
-7.2190256,-8.7941675,-16.10595
-11.5643015,1.1648613,-23.326042
-13.752978,-24.56155,-14.468553
-2.5271585,-13.190004,-25.414875
-1.0226245,2.3390176,-0.5603827
-11.541193,6.9756026,-16.47676
-0.862693,-12.584598,-3.1942375
-13.41137,-26.22278,-7.3202004
-11.699765,2.1507742,8.215485
-10.772149,0.82818663,-17.986198
-2.4740386,-4.6006618,-8.84983
8.3142805,-1.9342663,-21.479715
-1.5038533,-15.196613,-2.830411
-0.6055964,-11.221111,7.8617134
-9.217156,-9.660909,0.25790146
-13.294903,-26.282644,-7.2359085
-0.38173786,-6.5487814,0.76239175
-6.635951,-32.170456,-15.045975
-11.423571,-21.817091,-13.493593
-6.8797393,-9.950641,-8.577094
-1.8920215,-13.30034,27.15634
-3.148624,-26.993515,-22.646633
-6.308341,-30.993017,6.2327976
-6.9681864,-11.369157,-24.090584
-8.740789,-34.85658,-5.5198407
8.079809,-6.9248695,-31.480433
-6.6340957,-29.554754,10.309179
-8.150543,-27.1845,7.3782988
-2.1302614,1.7190098,-24.653225
-1.7870549,1.6545081,9.824496
4.1433015,-13.573377,11.095788
-10.281323,-22.677898,-19.872005
5.5090866,8.937677,-19.590998
-4.4026175,-16.437414,21.143845
-5.7031665,-28.871513,-0.50710934
0.16583277,-12.18382,23.850626
-10.922867,-6.9039545,-16.647038
4.0695543,5.390442,-18.84676
1.2238181,-10.501279,-19.013205
0.36854842,4.9346113,6.315848
-11.616149,-22.565329,-12.319839
-7.7898803,-23.853184,-22.525
-11.965294,0.08538023,-10.521521
-1.6727337,-18.993065,36.044197
-13.021445,-8.03003,-21.339714
-5.223245,-17.941969,20.18036
-2.3698516,-33.319073,-16.973392
-14.989339,-10.605583,-2.9145107
-4.258177,-37.928856,-5.023793
-0.95173496,-15.037257,27.354874
-11.104512,-29.695005,3.7542837
-7.1692705,-26.979528,-17.003206
-12.302731,-35.048183,-6.040083
-5.647071,-5.677101,22.207052
1.2412827,-10.817662,16.682499
-7.311132,-26.942307,6.137957
-9.009406,-33.363,-23.06784
8.443478,-6.169246,-31.91919
3.7231266,-2.2912672,-12.566937
-5.208377,-34.971752,-19.989462
-3.2958667,-13.406193,-4.283073
-0.028540865,-5.620492,-11.671486
-0.2594087,4.0543528,-11.067904
-6.4273686,-8.732948,-20.727104
-3.6064506,-15.142834,-10.056297
-10.676591,-8.382191,-6.853324
-4.1539226,-37.13576,-13.917639
-2.5229428,-26.090296,16.156792
-7.2141213,1.9514009,5.631248
-4.6048656,8.84069,2.702874
-8.352952,-29.703362,-24.435572
-9.901406,-2.7121072,3.3137083
-14.545887,3.8378441,-13.905439
2.148721,-0.6304872,-2.2948425
-8.482113,3.5433354,-16.36165
2.9484885,-3.512079,-34.134544
-4.0410223,-29.433481,-7.1127634
-6.789146,-14.0546,-4.2496495
0.8191759,-19.602402,-9.98757
-6.2354107,-27.153929,-26.627773
-10.785298,-29.55268,3.8314605
-1.9738386,-11.431479,4.7199492
-13.823313,-17.667833,-14.827134
-5.6660233,-34.19544,-14.204514
-9.491401,-15.757131,-2.320062
-13.030186,-4.52595,8.683668
-8.367248,-35.23471,0.15904678
-3.0733256,1.5004954,5.297453
5.445064,3.1664279,-17.321466
-2.1375012,-11.451814,33.66185
-9.687797,-1.8186203,-21.416222
-2.7989635,-11.945404,33.451164
-2.2427387,-13.094198,1.7415184
-3.9169304,-4.9910913,0.54511726
-7.126328,7.494501,-16.225855
-4.169103,-37.198673,-13.955229
-9.302039,-11.203879,6.198669
-0.0608136,-26.927607,-14.038285
-12.004201,0.58372784,8.350056
-8.024214,-28.28997,-24.507994
-7.863546,-21.955057,2.8897955
-3.1384022,-12.976282,25.109377
-4.0725293,-0.23323151,7.144079
-5.4868107,-6.687824,-6.099228
7.915904,4.193808,3.7601066
-9.766063,-38.079746,-11.847232
-3.141759,-27.123224,-22.77734
-6.4662786,-8.352434,15.132992
-10.817279,-7.95018,-15.194673
-0.11243694,0.10547491,-5.6363983
-11.974142,-9.537477,-4.5738926
-8.651459,-17.409653,-25.115107
-2.635181,-9.182443,-6.5816503
5.3880777,-7.5532403,-14.624385
2.5043645,-1.9842469,-8.658947
-5.7467246,-33.441334,-9.2148075
1.6236724,-11.891002,29.67251
-14.620582,2.729527,-12.858917
-7.016266,6.780963,-6.0156193
-9.334148,-2.6924095,3.3948526
-5.8037925,-7.8612075,24.942469
-5.893591,-22.376343,13.124958
-3.1677492,-5.345449,3.8517423
-3.941814,-34.132755,-10.332401
-12.891193,-3.1108835,-22.958094
-9.650563,-18.22023,-16.117323
-9.8505745,1.4330214,-16.085644
-13.816114,-21.578768,-16.766914
-4.300228,-3.0076098,-25.423841
5.363794,1.0180969,3.821198
-6.3651457,11.3241415,-0.8642502
-12.5589905,-10.971514,-17.716047
-14.206034,-3.1825275,-11.342584
1.3492686,-13.770146,41.94427
-0.17122619,-0.3512318,-17.095636
-5.972025,-29.133926,-6.8335037
4.9742227,-12.811251,-18.57158
-7.357658,-2.7801633,11.215844
6.5803146,5.195588,-20.641191
0.33298,9.951061,1.1018038
-6.9327726,-33.98212,-9.69455
-5.6032977,-3.5937505,-7.8269753
-6.9078426,3.026146,-18.325842
-3.2936513,1.3979199,4.9987264
-14.23165,2.7078161,1.0173787
4.437941,-2.698389,-20.382107
9.855299,-8.415515,-11.621435
-0.7233656,-32.605934,-13.444722
-8.68351,-25.591312,0.039189715
-0.85075194,-6.6039047,-21.54609
-8.6630945,-24.431206,-18.961601
-2.9446976,-7.5407434,-31.411272
-6.3520403,-30.540323,-20.279943
-3.4320147,-15.901349,26.912546
-3.801747,-0.9574223,11.598597
-1.9175737,-9.073245,19.963358
-5.2441387,-18.163002,19.941677
9.670116,-1.7892944,-26.819752
3.316374,6.0555644,-10.336072
-8.433672,9.314656,-9.517536
-11.936506,-21.660547,-3.8487875
-9.526632,-10.518352,2.3676524
-7.4666533,-28.951603,-14.725783
-2.697972,-35.793385,-18.392353
-0.6820722,-9.270501,17.155407
5.0057406,5.756996,-22.36224
-4.2037735,-12.3195715,29.176926
-9.771232,-20.973566,9.38154
3.2907355,2.5027075,-1.964146
-9.103179,-27.155525,-5.87918
11.677862,2.9383335,-17.100391
-1.780766,-9.705138,33.671276
4.7390633,-0.38261288,-28.2722
-1.8182458,-6.1729827,-7.0304327
-3.1249266,-15.246754,-10.5000515
1.7321097,5.7528925,-8.569014
-7.505945,-2.4796586,-29.825403
-4.2459865,-13.881878,22.902744
-1.352259,-35.668125,-13.1010065
-9.177857,0.3584208,-13.057253
-6.9950967,-19.48195,3.8152862
-7.080103,-2.4767942,-16.210855
-3.0251157,3.980974,0.8937229
-8.0869255,-34.051277,-4.167334
-3.6512518,-1.8621103,0.5696537
4.281595,1.9396745,-20.89004
3.9634967,7.480182,-10.625518
-4.583618,-32.538715,-11.24028
-1.4354624,-1.964831,6.53476
-3.7390954,-2.295706,-21.603523
-9.379536,-22.068256,-23.091413
-7.658998,8.927304,-13.3353
-8.394255,-28.22252,-18.447857
-6.2714057,3.4405825,-13.148049
-10.462872,-2.0589554,-12.087529
-14.177054,-14.823577,-0.39011467
-12.833117,-2.0672588,6.1198764
-9.23993,-26.677584,-20.820078
-5.9977665,-34.21778,-4.9494524
4.793173,-4.938939,-6.6213384
6.3382764,-3.2957554,4.1086774
8.701702,1.0012691,-21.384575
7.062767,-1.6554327,-28.47014
-9.447237,-30.127136,-3.6928358
6.062501,-12.144637,-27.455946
-3.5101857,-28.66128,8.622351
0.6185192,-1.0890412,-2.3978958
-2.8456204,-26.701435,-12.782153
-10.860121,-21.700237,0.42736918
-1.4104878,-16.091242,33.776882
-8.491817,-23.066988,-20.832018
-5.5675163,-4.254763,14.525875
5.516815,-7.1044297,-25.119944
-2.8536994,-15.5362,9.781109
-12.623409,-1.7808645,5.3334556
-1.8210284,-2.215285,16.718029
-1.142925,-6.71281,19.63324
-6.1927385,-14.716638,26.374268
-9.785106,-38.247704,-11.662831
-3.8424964,-3.1401997,20.279793
-11.464685,0.3550851,-14.0645
5.4575353,-10.317066,-11.949913
-8.1269455,-31.92644,-1.8961593
8.404988,-3.3104775,-14.103684
-6.393058,-15.667594,3.2432137
-6.1600347,-15.77332,18.935865
-9.507856,-7.624931,12.216491
-7.68864,-0.50863105,2.8571844
0.22296971,-14.6601515,20.212812
-0.844492,-5.86521,7.5643263
-12.061792,-0.62800384,-23.938475
11.000328,-2.8511834,-21.561361
-11.5977,-6.6779575,18.968906
3.9327135,10.951031,-7.817317
5.9109917,8.295623,-15.202056
1.5199195,-0.7239303,1.1721002
2.2974026,-14.448139,-7.5611563
-0.028997429,-15.893833,-14.94572
-9.95792,-6.1813045,-5.1128435
11.406419,-3.7195761,-4.1407137
0.5480963,-4.8047333,-12.045953
-6.243761,-14.953721,25.887875
4.795874,-3.7324002,-12.512859
2.7272954,-1.408584,-13.659349
-3.7893276,-17.17072,1.9761564
-4.11755,-27.510431,14.846835
-13.122939,1.1694391,10.189473
2.3742383,-7.5023394,-36.74601
3.0476735,-14.843982,36.74244
11.321687,-2.8374777,-21.564674
-5.4931674,-21.372189,-2.2610812
0.579088,-30.075718,-0.50911784
-8.320828,-25.196249,-12.952993
-8.58143,-40.394245,-4.236962
-8.976401,6.731975,-3.1857128
-8.575014,-23.216927,-20.664507
-3.2048857,-26.395052,14.942271
-2.4577043,-14.992993,35.491386
4.6542745,-4.5218196,-7.042277
-9.611058,-11.264605,14.001082
-2.9127207,-26.315796,13.228644
-3.491135,-6.0079913,-19.944706
-2.2881255,-30.416386,5.547012
-4.304335,2.1875434,-10.140746
-3.6596522,-20.02868,-9.721937
-13.72657,-7.4280925,-4.6712847
7.3486695,4.1332755,-3.4290123
-5.605196,8.952473,5.2629433
-0.6147538,-11.400417,35.865765
-3.5852847,-12.267033,9.5045595
-3.232649,-7.3048368,2.1020966
1.6436702,-2.9134865,-1.3830364
-3.6668165,-19.781494,-9.869055
1.7047172,1.5105401,-4.61696
0.039848972,-2.1860464,-28.528677
-5.4659004,0.07000948,-2.6390297
-8.29334,6.8601255,-4.311316
-2.6246452,-18.860106,23.912382
-7.3174696,-1.4300785,-12.142668
-0.12611125,-11.00047,24.411585
-4.1167846,-25.806135,-23.486193
-2.8463788,5.8519225,3.0343952
-6.315036,-25.546589,-16.643131
-1.9144341,-17.38907,26.86481
-7.268847,-37.921047,-6.2937713
5.3338404,9.007945,-19.864311
1.4923099,-29.991737,-7.44513
3.205295,-6.500694,8.113165
0.09197563,-16.021124,-21.256533
-3.6283739,-21.484293,-17.54581
5.391361,5.2301435,-21.518063
-0.7011561,-13.957553,-9.4202175
8.230471,0.7930073,-31.407782
-11.429537,-32.18583,-7.415632
-5.005227,-25.211628,10.771425
5.9168773,-10.82877,-11.96054
0.1646982,-32.211044,4.634869
6.5470266,-9.083325,-17.031803
4.7657495,-12.771606,-18.615986
4.328798,-0.14892341,-3.3488827
-5.221904,7.3653693,-9.376212
-0.46680182,-17.893105,-5.5276756
-6.0898743,-6.7931952,-8.223525
6.2691684,1.3023331,-16.767487
6.565096,-14.331746,-13.687337
-5.096318,-26.271915,-2.3685284
-15.710866,3.4303799,-16.179966
9.719153,-3.9691916,-25.328196
-11.588559,-35.275414,4.2105403
-11.07774,6.4382873,2.016749
-11.690303,2.0946538,8.32433
0.1824885,-14.339441,19.700388
2.6459897,-24.807648,-8.660322
-0.9246528,-15.024973,7.806713
1.2756053,0.82724977,-1.4538077
-0.80759096,-16.349453,20.828854
-8.228588,-22.606527,-8.20018
5.1756935,-13.970766,-15.417097
-6.5546217,-30.177353,-23.906273
1.2327049,-33.24073,-8.886625
5.0995293,2.0987213,-5.025546
1.4933746,-7.0294514,-30.7912
-3.9583318,-1.3883041,-4.3907075
-6.0911818,8.466668,-13.811929
9.362274,-4.115851,-10.132393
-14.142437,-21.43244,-16.599451
-5.444113,-8.8559885,11.515742
-7.4971952,-33.486675,-8.243864
-1.0026234,9.24973,-6.121026
-5.7141523,-27.751688,-4.4823246
-9.74728,-31.571318,-6.371212
-4.5095534,9.145035,5.6166806
-9.033305,-8.518592,-0.92459327
-6.4826007,-9.002317,-28.96875
-0.5476082,-31.358768,-20.7696
-3.5461352,-10.029369,-0.69338155
-3.0854561,-0.6322798,-7.0581317
-3.6276512,-7.2113156,-5.5208244
-2.3692276,2.5668201,15.283705
-2.8647733,-5.4554734,21.773241
-3.1418009,-26.569305,14.905006
-3.8294883,-35.769012,-8.37421
0.8621432,-15.310583,-12.999911
-0.5508919,-13.500209,-9.856826
-13.210364,-1.4584432,-0.1543044
2.2509334,7.785339,-6.7000055
-5.0876474,-20.345036,24.961193
-0.2264608,-27.056898,-22.203592
-7.180457,8.029474,0.469517
-10.992835,-28.320791,-3.5551324
-4.3098702,-3.9732032,-15.1145935
-5.1040454,2.461183,-0.9779981
10.487013,-1.8247627,-25.544096
6.0004444,-12.409374,-0.97614545
-9.486472,-1.2245274,-24.416122
-8.840923,-25.238815,-1.5869617
-8.968708,-24.431248,-11.995146
-4.7864895,-2.8207598,-27.847422
-7.679762,-29.163765,-18.988537
-1.1764054,-28.235102,13.259734
4.9677916,-5.742102,-20.129013
-7.561684,-4.26501,-28.998129
6.866688,-7.198488,-11.403799
-6.554207,-29.283695,-2.095993
12.166078,0.41397235,-22.377989
-0.32043022,2.4355552,13.182003
-8.975136,-1.6655679,-18.316935
-6.9013753,-32.421074,-15.24522
3.3840973,9.297526,-1.4271536
-12.682537,-2.3099475,-23.784119
-4.4134183,-26.745705,6.204869
-0.8997632,-19.189993,35.935043
-1.461638,-11.909458,-7.053861
-7.5178256,-2.0248501,10.692519
-9.536519,7.0681176,-0.84181744
-4.270549,-18.101849,-27.206821
1.4832903,-13.897937,-11.528282
-12.980054,-10.139354,4.3139215
-10.267674,-27.712852,-10.029973
-7.802797,-8.122306,-24.197718
-4.1847887,-14.238344,28.66994
-2.1782072,5.142049,-2.8212357
-16.197567,-7.6949186,0.58815515
1.657369,-14.3398905,-9.18705
-1.0518621,-15.788278,-10.149609
-6.89495,-1.9990069,-28.814978
-3.541869,-34.19733,-20.667398
-0.070939,9.356534,0.7791627
5.6507487,-8.280269,-2.0036404
-7.7633305,-7.996476,22.084965
-10.455941,-22.25478,-20.300194
-2.0025191,-4.5277004,24.141558
-6.3431463,-19.719852,-20.497782
-0.708605,-13.5117,29.981024
-5.4433527,-25.960245,-8.247894
-2.9674144,-25.749052,12.737468
2.7725544,-8.015161,-27.106607
-3.2892091,5.4466114,-7.144979
-9.311401,-17.469534,-17.36204
-6.3885903,-11.230684,19.380482
3.80368,-10.1419115,-24.356388
-7.798342,-16.075901,12.887168
-10.479947,0.0102619445,-11.650966
-5.4424477,-27.317865,5.33989
0.6610887,-12.409439,13.220638
3.0631227,2.1926715,1.7840384
-4.8378315,-21.722559,-5.844985
-2.9972584,-23.258429,-15.473112
-7.1778097,-33.66129,-0.5411445
8.146634,-0.23449145,-21.161371
5.4040313,-4.040091,-33.069874
0.3654066,-12.187317,37.951668
1.0502747,6.2925863,2.1317792
-9.004513,-18.952143,-7.9810877
0.0015591308,-10.580976,28.86804
-12.481251,-6.5677524,-5.177718
-6.3832035,-17.910297,-21.991158
1.0363258,-14.237418,26.147627
9.147903,-0.72833097,-7.9053006
0.006817385,-1.5504686,-17.606522
-4.152704,-21.421782,-1.7906289
-8.696758,6.236182,-14.717811
6.1650333,-8.003982,3.297874
6.225104,3.1199954,1.403218
-1.7189817,-15.532019,29.319973
1.8471067,7.450898,-12.284558
2.1804674,-15.362859,33.197704
-7.008199,-14.003538,20.461132
8.664454,-1.7078726,-10.411919
-3.4743557,-30.03288,-17.403585
-4.7434864,3.4617474,-2.276156
8.3481,-7.2049108,-20.360523
4.8909283,-5.9141088,-20.106647
-1.1020281,-15.328165,-2.674584
-4.125623,-13.597328,34.65339
-4.833741,-31.37657,-22.175838
-11.801144,-26.120876,-25.687191
-5.793567,-3.8254645,-30.683352
2.214136,-10.050192,13.313419
7.206223,-11.912375,-2.2829468
4.5210915,2.6150076,-27.04404
-10.103109,-37.988197,-2.716342
-9.234113,-9.064548,-8.914867
-11.194356,-23.817017,-13.923342
7.8524575,-8.029007,-27.369356
0.055670954,-5.1808977,22.441103
-7.9758077,-25.577204,-3.8937464
-7.0698724,-6.5972667,-1.7946523
2.9842176,-11.830666,31.142107
-7.312829,-38.388527,-15.028105
-4.539102,-8.772903,4.5185146
-2.3529708,9.732307,5.4566407
-14.644086,-3.9933019,8.0022335
0.8740263,-6.2966614,-13.351681
-4.147365,-4.291409,-11.471828
0.17662993,-21.183542,-7.8299923
-4.9939795,-30.6065,-5.400778
6.1675024,-7.0599017,-33.92613
-5.4518423,0.5226369,-17.247519
-0.87050194,-20.67877,-13.029367
-5.0667915,9.909915,-13.225758
-9.81568,-26.29328,3.6095881
-0.100853726,-9.919395,-16.64765
-0.45341977,2.4130466,12.261572
-1.1565306,-29.037968,-3.8327348
-5.75036,-0.6106961,-28.557985
-0.3734264,-10.84811,34.731403
-7.304053,-9.29193,2.973757
0.18820183,-30.16063,-18.53969
-11.918505,-27.585138,-10.054019
1.1416143,-33.946396,-4.8403444
-12.435896,-7.917928,-1.911996
1.2458124,-3.2424257,-17.915058
-15.709431,-29.738136,-4.7749343
-9.35468,-1.099618,-16.42187
-9.165548,-6.38844,5.9539437
-1.6716423,-8.219172,30.851496
-4.5007825,-23.956789,3.5688357
0.90763843,9.216429,-7.7747235
-1.1441802,-6.822657,10.503759
-1.7947742,-14.048701,30.87982
2.1906185,8.3145,-10.589013
-3.433081,6.660993,9.715598
7.313264,-4.7164717,-31.655712
-5.1555214,-33.539352,2.8589742
-2.1049564,4.2906003,7.7608275
-7.312037,-25.965595,-4.6615324
-5.069504,-10.518958,30.308641
-5.4755173,-25.6689,-14.852426
-2.1431987,-15.604453,37.256924
0.9643389,-13.791394,39.337032
-8.32987,-23.131948,-21.199991
-12.076769,-5.578757,3.215103
-6.9014106,-31.65999,-8.841719
2.4775186,-7.3573394,-19.91212
-2.0874538,-13.446666,33.46757
4.444872,-6.436641,15.213013
-12.041781,-32.688423,-16.5864
-11.111524,2.7945344,-11.065139
-11.620685,5.457193,-9.756013
-2.9423943,-29.115494,-3.1634789
9.932813,-7.503793,-11.895786
-5.5147643,-24.331646,-4.280576
-1.66006,10.188134,-1.8489097
8.871101,-12.483313,-9.929316
-16.323908,-8.219307,-15.824036
-3.626732,-7.941829,17.316717
2.2835543,-8.35318,-27.34334
-0.2001304,-1.895011,3.3476489
-0.71858394,-32.928165,-13.522909
-8.335733,-35.780064,-11.742924
-6.7778535,5.255208,-19.697275
-2.2049613,3.2957819,0.93596625
-1.157178,-0.47588632,-1.193121
-6.211424,7.531966,-0.16156489
-1.7291464,-15.350235,30.538528
4.2943807,-2.2240672,-33.192734
-7.004568,-2.8967278,-26.249517
-0.066835254,-1.766564,12.930683
-0.71924806,-17.342173,-15.088642
-2.3586614,-9.703777,-19.453697
-2.5162117,-18.426039,-26.984373
4.161747,8.259528,-5.8822465
-3.4682758,-16.531492,-13.195849
-7.5460267,-24.465065,-14.936494
-0.020308634,-12.254953,24.378454
2.3327746,-13.830019,-11.846575
-10.923268,7.965536,-4.5133834
-9.475585,-5.0239058,6.5695276
-7.7219343,-29.363977,1.1154488
-0.8134941,-1.4177197,13.701915
-7.8754063,-36.210384,4.6693015
-10.744753,0.8334573,-14.536289
-6.577173,-37.460464,-19.119379
0.9410563,-6.0393744,-16.626516
-2.3019574,-33.334362,-16.741358
-12.755537,-6.7214804,-11.612566
0.3622618,-27.022476,-9.228394
-4.725064,-9.301666,5.1408906
-2.8478892,-0.47916695,7.7120333
-8.46386,-5.360802,-3.7017205
-5.0176115,-31.968777,3.6771684
8.585236,-11.124287,-16.27075
-3.478511,-27.957165,-5.7018595
-9.061456,-31.681244,-19.355433
-2.1949172,-10.870123,-30.105984
1.8086745,-0.9398594,-1.7440943
-10.705615,4.503552,-5.066721
-2.5847216,-25.234158,5.8427367
-0.1615993,10.975349,-6.6730685
-4.217166,8.481,-17.242088
-10.093379,-26.323788,-15.046893
-15.140729,4.198315,-5.0560226
-2.1311424,3.6476376,16.109566
4.851576,-6.15773,-27.69029
-0.8484152,-11.823229,33.80236
-8.683248,-8.541184,-4.8419824
-10.410194,-31.381855,5.156995
-4.859656,-9.131899,18.064152
-11.838583,-4.8752136,-9.115496
8.841947,5.162388,-10.786868
-3.4015458,-18.384106,4.1027074
-9.13811,-10.010175,0.38974214
-4.3703146,-29.344055,11.92428
-11.833849,-27.382877,2.5404875
-5.1835356,-33.564426,2.846296
-10.15086,3.1606946,-14.857752
-1.1005259,-15.497625,-12.123985
-6.090601,-20.65701,0.522571
-3.9150922,-20.57154,-20.404865
2.7408812,-1.5946591,4.8110027
-4.66734,-25.753067,9.9019785
-13.585579,-9.665882,4.8036456
-11.830025,-27.45872,-2.111594
1.7656313,-12.560123,-0.14566691
3.6206706,-3.8739297,-34.276714
4.672568,1.7344497,-20.882269
3.2463522,-2.032424,3.437491
-5.6171694,9.652528,-0.2004616
2.3466463,-4.1250014,-28.66284
-10.487258,1.3473936,4.538666
-0.59631556,-7.5277414,-27.177422
4.6342516,-7.234248,-4.034075
0.32490215,-5.2396364,10.691999
-3.5543697,-19.919521,29.022411
-3.1864932,-3.9234383,-21.613102
-5.694972,0.7734891,-18.451305
-10.008223,-12.045483,19.796995
-7.3599067,0.013859726,-5.8946
-2.4279382,-36.283413,-15.81591
-0.72937524,-1.5168129,6.670051
-8.571414,-20.549469,2.0330873
-2.482623,7.6227245,-3.175529
-4.399625,-14.417342,5.877653
6.3151717,8.502765,-15.031003
5.570506,-7.4258904,-8.762594
-1.1692653,-1.139398,-20.443226
-6.7215114,8.42031,-5.049349
-3.8892896,4.0678363,-25.33291
-9.982553,8.818274,3.4247444
-14.028878,-14.141457,-2.541671
-4.3791285,-23.9329,3.562426
-14.54004,-7.3729334,6.771008
-3.2736702,-20.196068,28.708303
-13.220918,-26.294142,-7.131218
-1.8051465,-8.246926,-23.951868
-5.1509976,-22.7516,11.580108
11.472306,-8.876547,-14.031529
-5.3568416,-29.639805,7.629814
-1.6921229,-9.255356,33.89111
-1.8289442,-30.847486,-0.19388895
-4.2569933,-7.5724907,-11.773068
3.4200363,-3.5463355,-19.07658
-11.595706,-3.3219783,-2.6874163
6.1877694,6.302632,-13.819796
6.7851496,3.616291,-10.023628
11.875218,-2.5511947,-21.607037
-2.9755306,-29.663454,7.1304626
6.8924885,-3.4157145,1.8108194
3.1442323,11.187764,-3.824637
-6.034652,-20.942068,8.8258915
-0.5553447,-12.776901,-18.091915
-5.5486536,-4.2242284,14.385913
0.08554253,-34.569088,-10.843276
-1.209719,7.5207076,6.1748123
-7.341307,-0.4864577,-9.494975
7.558894,3.9560664,-4.7112446
-2.5989714,-1.5698569,-23.407152
-8.159862,0.5281277,0.15341398
-7.533571,-27.837257,3.5273767
-0.050154082,-23.276669,-4.960809
9.161258,-5.525148,-28.907286
-5.5983357,-29.947706,3.4149222
5.3530607,-9.33543,-9.972349
0.16835003,10.97876,-7.921372
-6.8451076,-26.86916,-0.029343132
-1.0783486,-5.569455,-27.358585
-3.711152,-33.913834,-20.897678
-4.38928,-8.923975,2.1040878
-6.663297,-1.429516,13.680041
-0.6168469,-1.9311491,-6.3962355
-0.24925108,-7.2361135,-31.958868
-7.264557,8.803814,-15.713948
-4.9016514,-26.540236,-16.944126
-13.619958,-30.19812,-13.849015
-8.919376,-14.127319,-1.522941
-11.3889475,5.094848,-10.075069
-9.744356,-37.913815,-3.0105357
-0.93051374,-16.822762,34.747932
2.4506493,-28.951006,-4.8573475
-15.155507,-1.7954108,-8.340267
-0.100434065,-35.34856,-14.897158
-5.4566903,-18.960958,-24.408216
-9.810642,4.238625,8.849878
-4.7493105,-32.996555,6.9237866
-4.253831,-37.934677,-5.0297756
2.218383,-4.1864634,-28.791208
-14.073481,-21.456755,-16.646074
-5.3926024,-4.1906443,13.348605
-4.7405705,-25.382,9.34006
3.6802514,-14.821918,-24.963352
2.161368,4.883279,7.0299473
-2.2843764,0.3588192,5.7645736
-7.4585876,-14.730788,21.273289
-5.685636,-9.795878,-5.7730923
9.934092,1.0965959,-16.747057
0.36203998,1.7000146,-28.9462
-7.852779,3.3614068,1.8219407
-6.687315,4.5677147,-9.544106
-2.9542522,-26.318316,13.252388
-1.3358465,0.5560856,6.5931373
0.51237607,11.709579,0.44917274
0.00083188136,-12.776044,37.91085
-9.122073,0.38084334,-13.034429
5.127199,5.0761085,-18.458746
-6.360782,-29.545286,-21.664232
-2.4955883,-26.969173,-20.784935
-3.107563,-5.730011,21.811096
-2.2641938,-7.1686807,-17.228134
1.9864076,-8.688383,14.365942
-0.7637856,13.967794,-2.5697517
-13.5754595,-1.7680413,0.08621937
-10.31506,-31.934626,-5.1247354
2.9808023,2.850968,-14.860149
-8.663884,1.7006938,-18.835823
-2.3488393,-16.303938,23.901844
-11.141395,-27.966248,3.2776978
-5.0228806,-16.714731,-0.059624545
-14.368098,0.19421515,-16.699224
-9.6057625,4.8875027,-10.863705
1.6578025,-3.430677,-18.67833
-10.270721,-1.6168555,5.256623
-7.6984386,-31.104246,-18.622551
-3.026399,-14.924652,33.418102
-3.517495,-16.506817,-12.925564
-4.4324203,-17.796974,-2.489795
-4.3476224,-14.363577,0.6437512
-9.056992,-27.085331,-5.8019037
-2.58348,-13.925903,-17.706165
5.244845,13.854935,-0.61851114
1.3984894,-13.880114,42.02664
-10.626251,-31.827446,-1.0986226
6.259372,-7.2782145,-8.028
-6.0603447,8.90691,5.6672974
-9.202814,-1.4641595,-24.868568
-8.00201,-13.022597,1.6894578
-12.442902,-25.367407,-19.677208
1.6435149,-3.5365772,-18.99123
0.8960177,-11.4911585,-7.858467
1.0042375,-16.243708,28.919342
13.396311,5.1786413,-12.142167
-2.2027738,5.0913825,-2.7518318
-8.171656,-12.964111,2.1819842
6.886244,-0.8642427,-22.88065
-1.3957585,-1.8330781,14.092775
-5.777946,-6.321954,14.70823
-4.5398927,-21.879057,4.1388717
5.977303,-3.5163493,-3.1717644
-4.4250407,-38.35288,-10.284268
-0.04101936,-12.139731,40.647285
-11.641778,2.2204049,8.014316
-4.460034,-4.219363,-10.556971
-7.721716,2.2892141,-20.586391
10.030225,2.1385646,-19.119438
-3.4119942,-6.6597276,-27.00201
-2.4555523,3.1436455,-17.918083
-15.792872,6.5697956,-10.946469
-6.58884,-4.676455,8.389617
8.499587,-3.5967047,-29.395224
-7.428702,-5.3586063,19.07918
-3.643765,-16.81332,-3.1328082
-5.9311895,-14.970084,-11.67788
-10.993215,-4.4363947,8.664432
-4.8670545,-31.785614,-7.6928115
-1.0586356,-3.519976,17.879251
8.457874,-1.760349,-27.67426
1.989971,-6.126737,-6.398617
-5.4559474,-37.271103,-16.138367
-6.138712,5.108123,-2.8574507
-2.2280085,-5.4374166,-14.704232
-2.1191607,8.402878,-0.39160484
-14.055338,-7.7741833,6.745725
-9.9279175,-3.7280726,-5.697673
0.6133201,-18.426405,34.071045
7.4000597,3.783837,3.6036036
3.178642,3.3787792,1.4530381
6.7845674,-11.32327,11.511881
-6.662991,-8.621914,-23.88928
-1.7640216,-24.856133,9.223393
0.33269888,-12.039845,41.072113
-9.095575,-29.208597,10.208991
-1.821521,-11.874366,-31.276184
-3.3309352,-4.286847,-27.129448
-14.078702,-28.765793,-20.564465
-4.8639674,1.0883296,-6.7302675
-4.346295,-29.515701,11.812018
-5.813069,-0.009138433,-12.929215
-7.592732,-0.8789249,-14.420397
-0.92463756,7.656233,7.595105
-11.792428,-6.6591063,-15.97593
-0.7479915,-7.6488547,-27.877317
-10.233623,-26.508278,-18.139927
-1.8336203,-29.634167,11.406424
-2.7645898,-30.10724,-20.041613
-1.6470604,-10.152117,-25.614803
6.2248454,-7.2874584,-8.185001
-5.2490616,-0.4903016,3.990819
-6.589054,-15.988185,-2.528291
1.4057648,-8.642422,-6.73108
-0.8585147,-18.843973,30.374372
-5.0175405,-22.918856,13.479314
-10.875445,-9.576436,-14.208671
2.9156578,-10.146757,6.733561
3.6826875,-9.256908,-8.5710125
-12.063852,-11.82822,8.243226
0.9876587,4.8914137,-4.2673144
1.4288532,-2.254123,-11.418044
-11.416568,-6.588094,-25.403656
-8.018665,-27.090494,-23.102112
2.4722447,-10.151242,-18.490816
-6.2627687,1.1299965,17.466415
0.8038404,-13.061517,9.77465
-2.5806513,-15.789435,29.053503
-1.9314653,-29.566479,12.39956
-1.3495378,7.664148,4.992049
-9.353035,-6.1394396,-8.423477
-12.904701,-13.339054,-0.7385837
3.1073127,1.0068824,-12.589573
-6.8955894,-21.80429,-25.506311
-2.8477361,-23.054024,10.270304
-13.654215,-2.1328843,0.25671324
-2.9764671,-9.102062,-22.348194
1.3203896,9.369022,1.7102158
-2.1988256,-11.682028,30.118181
-5.83348,2.3732188,-9.500775
-8.587966,-11.996071,-26.339596
2.27864,-10.926338,10.148106
3.7220445,9.797999,-4.649263
-4.217468,4.342223,0.6202678
3.7422442,-10.920404,15.170392
-5.434773,-10.457182,24.033854
-4.889954,-12.10084,3.9328184
-11.033327,-0.5499296,-16.783525
-5.116055,-27.914124,5.6772823
-6.5308537,-6.5950546,20.71553
4.6160316,10.20215,-6.5303607
-2.2498105,-11.476182,25.993937
-5.120096,-22.180578,-5.8149214
-10.002835,-30.955704,-22.02101
10.024912,-7.991252,-6.1482615
11.222999,2.3226657,-11.280311
4.381121,-10.542424,-5.588239
-1.5906949,-1.9655089,-17.44411
-2.7990801,-22.82534,10.171274
-8.482395,-11.904451,-19.607887
-2.5959096,2.1292796,14.66331
-1.303029,-21.893661,-25.585136
-6.216997,2.1602116,-14.285665
-6.797861,2.824259,4.7107363
-0.6044931,-14.232209,-17.43878
-4.884124,-19.418688,3.8324356
-5.215054,-0.474679,3.9350672
-7.2961583,10.580395,-7.6736193
-2.6986876,-10.734624,10.464239
-12.879408,-6.6660833,-11.546769
-6.63031,-27.55723,-17.379114
-2.3431258,-19.303177,35.74151
-14.87259,-32.314255,-1.6334513
-1.2006545,-7.8534913,-3.126538
-10.306707,-2.770527,-23.124882
-12.396245,-3.315358,-25.657583
-1.472627,11.313086,-4.838059
4.068935,8.403594,-16.382196
-5.0928693,-11.4525,-21.215923
1.4218845,-3.2211227,-18.178104
-8.809695,-34.937973,-5.52965
-3.5429225,1.375918,-5.794127
-0.8884972,-8.703117,7.295164
2.7317977,-13.334896,36.168743
-3.717333,-16.803968,25.37159
-12.849161,0.884414,-13.557978
1.6264228,-15.946577,35.30197
5.1035905,-0.31269154,-25.79249
-0.84445155,-3.9168296,14.108261
-0.04755054,-9.998222,-0.8306765
-8.994746,-7.5269327,12.933137
-2.8946047,2.695413,-4.238094
-0.63456243,-11.067991,-24.116867
-4.372072,-8.119696,-19.551903
5.429433,-2.3885434,-7.7249427
-11.900204,-26.23172,-5.095284
-1.8256418,-3.524197,-21.550297
-4.512154,-23.287952,13.742851
-5.4270067,9.618455,-4.1144385
-7.26074,-28.875753,-23.608747
3.5115855,-10.613788,9.868333
6.3049684,1.2926159,-16.605738
-14.844186,-14.248498,-4.1013703
-15.258577,-2.949843,-14.992517
-6.7816415,-14.056686,-4.227975
4.476216,-9.440399,12.925324
-10.302978,-24.22805,-16.54456
-9.167956,-25.167564,-13.585905
-0.9343351,-4.562896,-5.3805337
0.0038597225,-11.046119,9.745215
-2.4950686,-18.54895,-26.968527
-7.013944,-14.058568,29.02154
-2.8308063,-16.67674,1.7906892
-5.434025,-26.395306,-0.5637168
-5.731318,-17.01514,28.953186
-5.004827,-20.50028,24.938326
-3.806138,-3.1607633,20.112818
0.03976103,-11.660667,21.095772
-2.9880483,-8.022338,-28.696503
5.639205,13.121529,-1.4405342
-14.642193,-14.227434,-3.744013
11.816019,0.045893084,-13.75493
4.415857,0.45447743,5.304001
-6.334932,-7.469875,24.876009
8.803312,-8.838968,-13.223201
-7.54912,-33.50286,-8.4312315
-8.440116,0.7145236,-10.478724
3.5514097,4.770263,0.8921056
-5.1678786,7.3379703,-14.083132
-0.3952199,-1.4174217,6.714941
6.7491484,-1.6013461,-18.488617
-3.4172294,8.481527,-9.788421
-4.094442,-18.803993,33.36283
-6.1556106,-3.756132,-20.497324
-5.711264,-19.0713,-24.489607
-1.5196146,-16.321392,33.67876
-6.603986,-26.179705,-25.110888
-7.3513846,-5.5168242,3.1869488
-6.5814676,-27.604433,-11.339025
-6.3952,-35.359966,-7.8699074
-1.4786965,-5.741026,-10.19804
-5.9501176,-37.067245,-8.154947
-15.193622,-0.7847645,-7.558617
-2.3449044,-16.329079,14.721032
-4.1186137,-18.978136,-0.73634803
2.2301202,-7.4430823,8.8279705
4.1131144,-13.232295,10.794056
-5.2875395,-30.098389,-4.4503164
1.7715218,7.8823495,8.335882
-1.1853219,-8.900403,-25.015265
-8.825157,-28.511185,-22.604158
1.8732682,-7.818677,-28.788599
-3.8219078,-34.464165,-11.707588
-6.7121377,-11.870205,0.5723537
-7.691952,-27.020714,-14.583054
-2.6190271,-13.193627,23.381042
-5.5734854,-8.849986,11.474023
-6.2014184,1.3087553,-6.7117133
-4.3628488,-14.256996,28.548834
-2.7562919,-10.8413315,10.388667
0.92787725,-13.34338,31.898783
-9.514972,7.9033446,-0.7924208
5.1008434,6.136951,-0.66063386
-3.603999,-16.48378,-12.894069
-4.063958,-20.534508,-20.46652
-9.47321,-32.630684,-8.745445
-4.070055,-31.503208,-19.81699
-10.3356905,-5.172431,5.8536596
11.495255,-8.869217,-13.981942
-15.521364,-4.0471263,-5.4498935
-8.66294,-23.315996,8.429764
2.9280908,-14.560739,7.890423
10.07491,-4.181534,-21.506031
-5.6231503,-35.12229,-8.321622
-0.9021734,0.3488922,-12.605034
2.1260326,1.9770446,-11.556899
-15.793614,-9.531509,-9.28242
0.91725636,-1.8985876,-6.257707
5.0242476,-0.8394646,-23.767323
-10.449796,-20.566544,-13.236806
-0.10631203,-7.980533,13.47865
-3.9381337,-16.432178,2.6065016
-1.943266,-31.267967,-0.11045485
2.8686986,8.579411,-0.5632677
0.6007198,-28.491753,-7.169919
-12.74285,5.1936445,-18.683414
3.8737702,5.744664,-3.2772508
-0.5281009,-16.926777,34.91469
-9.876381,-35.49787,-12.7969885
-16.129122,-7.674184,0.4023968
-4.760067,-23.632772,-16.00491
-7.39884,-34.37832,-3.763041
-6.6035433,-23.580751,-0.2505937
-5.8662906,-14.9339695,-12.002903
-8.179465,-30.51029,-12.665751
-11.843794,-26.836115,-25.515354
7.067542,-9.483621,-32.07481
-4.1616826,-30.170908,10.814649
-4.9798164,-12.409743,26.828625
0.37362137,-12.845421,-19.924332
-2.703943,-11.476378,36.1092
-4.9559727,-2.3158576,-24.530888
-4.170005,-1.4356003,-19.203348
9.241153,-12.590471,-18.120821
9.5692425,5.7412577,-15.190341
-11.281033,-25.87327,-14.48197
-2.6902866,-26.564644,14.615398
-8.301522,-17.783176,5.904153
3.9193993,-9.564407,14.994602
-8.486781,2.1687064,-2.1459475
-6.672614,-11.059606,26.09072
-4.690794,-37.41856,-14.113258
-13.479302,-33.270615,-3.297414
6.0895176,5.1144567,-18.57726
-16.019148,-4.2864356,4.1963277
-8.577568,5.6174755,4.554133
-8.056533,5.554491,-1.5502906
-2.3083127,4.9884815,-0.79703003
-7.367884,-30.908655,-18.912971
-9.606823,-29.731007,6.779429
-1.5354757,-5.257977,-15.170209
2.2504938,-14.865104,40.54031
2.9779866,-13.439529,35.660103
5.445961,3.9000857,-17.864122
-0.41400018,-11.111992,30.778154
-5.2747264,-12.514729,-2.0471914
-1.4982167,12.654018,-0.04442256
-3.0978024,-12.050214,-0.42361012
0.05220621,-10.28048,12.610551
-2.04862,-9.714893,25.076649
-7.962556,-23.149073,-14.152431
-13.740639,-9.413317,5.048051
-6.619131,3.3768704,4.3209167
-0.25276896,-1.9337962,-20.314806
-13.526828,3.0315714,-8.811927
-0.021675706,2.9605722,-13.3427725
-3.6790886,-15.880775,26.896103
5.9372883,-3.845205,-33.160145
2.1548011,-30.949314,-12.964535
-2.1482582,-0.95489174,-7.281223
5.1098576,2.0811691,-5.0506907
-1.8747001,-15.820617,38.17465
-2.784945,-24.125916,-21.766953
2.1181593,-17.163046,23.753141
-3.9186082,9.698658,-18.591076
-2.0239754,-4.301925,24.06366
-1.4960597,-17.415947,17.220242
-3.6151738,12.994794,4.793731
-4.8785663,-20.351162,6.526157
-4.4002447,-20.426924,-20.412027
-8.387402,0.68319005,-10.298982
-6.771288,-1.3086683,5.295681
2.7942798,-6.700293,-32.99823
-8.045912,-28.494629,-5.1114984
-12.200879,-25.970543,-22.442272
-15.180066,-15.644083,-10.683122
-1.2970634,-25.908436,-24.518425
-9.812317,-4.7326555,0.35215354
-4.5120053,-12.725672,32.475357
-3.2393682,-27.344774,-22.835453
-10.431359,-8.358614,-6.3859797
-5.4091215,-19.541277,2.433734
-2.9028559,-12.468613,-23.604263
6.514695,-4.47889,-31.47147
-0.76264733,-12.669212,-17.865072
2.1915824,-30.920576,-12.953233
-6.5317607,-22.357374,-16.612446
-3.2574012,-3.243448,-17.716513
-4.2436337,-24.52153,-2.2705462
4.434809,-7.2561297,-11.874611
-1.8758743,0.3841125,6.2416134
4.245172,-6.9898567,13.924345
-0.68155843,-22.922869,-25.501629
-1.9943495,2.3922663,2.01443
3.5223768,-12.796505,-18.937315
-9.542966,6.411276,-6.7299995
-4.703896,-21.810163,-23.233223
-1.0387789,-2.8574355,-28.233809
0.92346,-13.675102,39.518673
-1.1573154,-25.895102,-24.468325
-1.1155915,-5.410906,-28.373125
-4.3155684,-10.454322,26.358728
-11.793357,-16.810877,-9.010482
-2.2033591,-1.0967437,3.9572358
-3.115575,-10.735985,-12.991456
-4.788091,-0.9104174,-26.287296
0.16599445,-12.154065,23.569962
-1.0812292,-11.371811,7.9747863
-1.6792432,-13.139848,-32.824787
4.2839456,5.788199,-11.675924
-6.5427113,-31.858744,10.571735
-1.2866663,-6.2449293,6.770676
-0.92911416,-3.78043,-28.563086
11.718274,1.827293,-22.922789
-3.7985177,-34.36307,-12.705511
-4.875849,-5.3678536,-25.528934
-7.7377877,0.41254202,-8.946709
-4.75773,5.36682,-0.78775173
-1.246434,-10.071367,14.685872
-4.3096867,-10.319568,32.71449
-5.7646074,-22.305178,7.022538
-4.752476,-28.464207,-17.964092
-6.318258,-21.312069,-22.632748
-1.972786,-11.47408,4.7682867
-1.7768252,-27.912937,3.8741217
-2.3024747,-32.55625,-3.6152806
-0.25031236,-31.425266,-19.983686
-12.12584,-34.795258,-5.8747034
-5.647284,-11.0835,-21.82776
-6.959611,-2.1032617,13.264171
-2.8700402,-16.88162,14.048165
-3.8575253,-9.248728,25.491365
-10.727027,-4.3371177,9.032374
-4.064707,-13.325259,-18.58384
-6.5356517,0.09436355,-21.990713
-9.887784,-11.417047,-3.534243
-0.40341187,-17.210632,-9.179831
6.942545,2.3590872,-25.435991
-3.3273475,-4.369661,3.401508
-1.0489343,-23.745872,3.3901825
-6.398404,-2.0025105,3.6344838
-4.681235,-30.155704,-5.277486
-3.9903963,-18.864983,33.30922
-11.216208,-36.653114,-9.793639
3.4697347,-14.139433,-25.88473
-3.6725044,-10.413084,19.50122
-13.462849,-10.475937,-6.895346
-2.9394786,-9.965729,-32.049488
-8.114127,-4.1622953,-22.977493
-7.3612776,10.303137,-8.000166
2.7273307,4.6081414,4.115225
-5.4223924,-29.267075,7.8443108
-10.389247,-37.1259,-5.062311
-7.952025,-26.129198,12.484685
-3.6238086,-12.581907,31.756773
-2.5624492,-30.198425,-19.769033
-2.2930758,7.434888,-13.016322
-5.2884173,2.2047753,-15.850907
-7.9874415,-7.945487,4.5151734
3.3167083,-0.2665865,0.74024266
-6.810385,-32.320118,-16.595348
-5.522357,-24.37431,-4.3155575
-1.5230001,4.7404976,-8.901558
-10.560584,-32.042847,-1.2303176
-11.538102,-32.21993,-7.7383795
-9.236908,1.7452075,-4.8657255
-1.5512688,-3.9672925,-33.273914
4.573448,5.9128256,1.1403025
-9.969258,-0.30127922,2.0340946
0.22911161,-15.163482,40.593864
-7.8655643,-20.995718,-21.457224
-8.495459,-6.5492897,-19.344147
3.0404088,-1.3141258,4.887995
3.1885254,-4.8426023,-17.446918
-12.630508,-16.728117,1.5915927
6.928958,-3.385449,1.7258934
-6.3467116,-9.784741,13.069665
-2.230005,-6.256869,17.385374
-11.339698,-32.110184,-7.2572207
-2.0220563,-14.420689,35.80911
-1.599636,4.717547,0.7015195
-2.1391451,-24.513369,-8.500181
0.38972843,1.0610384,-5.606464
0.6477847,10.117697,-17.561785
-7.8178797,0.54052454,-8.664002
1.254897,-23.94964,-10.839225
-10.289999,-22.871582,-19.926268
-3.2723231,-2.736844,14.940457
-6.5069184,-6.2410603,-22.835096
1.2977953,-1.7167494,6.4219484
1.5813414,-14.920226,16.713243
4.5665665,9.035875,-10.151999
-10.333914,-32.511505,-14.336569
-8.384828,-25.004984,-21.579456
-3.2223196,-7.807063,1.846925
-9.106839,-3.3480923,-19.093374
4.1938663,-8.630283,-32.378597
-16.020721,3.7097409,-16.286081
0.641433,10.58037,4.014938
-2.2154353,-2.2633376,11.74867
-7.588177,-15.191238,21.846466
4.392578,-6.648604,-8.447862
-4.982295,-29.478302,3.3543365
-13.207752,-11.486521,-16.871155
-11.746248,-15.133192,1.6556171
-7.385556,6.3826237,1.7958449
-1.9979564,-2.156718,16.067
-3.0947378,5.9403586,-21.257019
0.5458424,-15.182722,32.70619
-1.6440432,-14.136389,13.067552
3.825762,-16.88781,0.9046146
-3.6856167,-37.92345,-17.217274
-7.0681124,-18.604565,1.065152
-5.974696,-21.845598,4.1360064
-10.878026,-16.034367,-0.9947727
-0.12450185,8.552331,-1.9105984
-7.474452,9.712123,-4.255007
-6.7448735,9.06936,-2.2922115
4.345722,0.8741815,10.166923
-0.30515277,-5.76679,-11.350138
-6.9035597,-35.097717,-2.763505
-7.9085393,-14.372228,7.4679203
-11.735043,2.529355,-23.419395
-9.683148,-37.917686,-3.0505652
-12.180077,-8.124672,-2.0103786
4.9070125,-0.06898221,-11.193301
-8.25831,-31.310843,-21.804743
-5.669701,-16.444258,25.349173
-4.218439,-36.35363,-12.708307
-10.439166,-31.353233,5.202275
-11.185169,-25.860971,-14.509733
2.1572537,-0.75019413,-23.372416
-4.8098297,-2.1466267,-20.389233
-12.46785,-12.03307,8.142067
-7.4729013,-35.7544,4.811026
-0.71434116,-10.13734,38.57542
-6.818138,-18.554546,25.856228
-9.028982,-26.910229,-9.332909
-0.49487007,-5.928492,-19.330261
-9.98023,-30.173477,-4.219151
4.6010976,-2.7394378,-30.603825
1.5376614,0.5332863,-18.59418
7.581967,5.16119,-7.5121536
-7.83338,-5.66744,15.443306
-3.3296292,-25.003601,7.5803566
0.61073667,-9.587112,8.434819
-10.971314,-0.34005442,-22.794395
-13.500682,-24.74717,-14.4929085
0.9864766,-1.9851327,-6.4274297
-13.901226,-4.8752575,-6.3530607
-7.801487,-13.744538,-0.81638765
-6.6297135,-8.671399,-23.668617
-5.971851,-32.694435,-18.462368
-4.947463,-19.612967,3.845833
-4.5474677,-29.74043,-20.834026
6.4715242,-5.106825,-2.4000359
-1.8724164,-6.0516706,26.334251
3.0647433,-4.701006,-16.525373
-3.1532834,5.962002,-21.222145
-7.1755505,-32.36906,-20.530111
-2.833665,-22.757788,10.185568
-6.4535503,-30.576004,5.815959
-10.389033,-5.3577566,0.6633743
-6.338817,7.488031,-3.917243
3.1512535,-13.815408,33.802494
1.1890496,-26.24557,-2.0426733
-5.5208316,-24.53849,-25.017254
-10.652065,-27.298244,-14.433927
-2.3890288,-12.065804,26.048485
-2.6449623,-30.148825,-19.971813
0.24556915,2.7889943,-2.3932393
-7.249098,-16.60107,12.641407
2.470931,-8.714984,0.8243293
-6.1523676,-8.532467,21.829937
2.0382845,-4.05107,11.941958
-6.6847796,-7.693524,-10.617337
-0.40383556,-11.223322,31.044222
-5.9980903,-18.058544,-6.3668613
-0.43851608,-12.181799,32.038345
-5.262986,-12.023983,31.34106
-1.3099271,7.626278,5.1984997
-6.747807,-19.505833,3.7371085
-10.538292,-23.798786,-23.041126
-1.0216627,4.8736877,8.776744
-5.424162,-0.05670638,11.790648
-2.9648223,-35.951447,-17.737957
-11.791786,-4.479227,0.26649335
-3.8487709,-23.701984,-0.7133233
-3.6423216,-35.643093,-8.509805
-0.62323684,-14.148015,-17.52569
-11.215484,-21.213203,-18.406036
-11.457041,-27.98689,-10.287332
1.3192167,-13.446518,-11.66333
4.3476243,5.215983,-14.99488
-9.458574,-14.721674,-11.791388
-3.9616706,4.1733932,-25.55577
-6.3148036,-19.486925,11.548519
-2.3388574,-26.763044,-4.086958
-13.145416,0.92456347,9.808878
-4.2262716,-32.907215,0.15297139
10.781905,-1.3779856,-24.973322
-4.0515184,-14.259087,19.025997
-13.10928,-6.0437913,2.2307878
-8.477996,-8.9597645,16.034464
-2.952523,-1.8625782,0.58163756
-3.6123393,-8.437662,-25.301722
-4.739893,-4.8106327,19.949478
1.6489872,-8.367327,-31.698036
-2.1331968,-2.088528,-11.117312
0.6475149,-28.489256,1.9211435
-5.7265406,-27.64333,-5.1608047
-6.095884,-10.347501,-4.795332
-2.1633651,-2.022304,-11.063107
-9.555115,-30.136581,-3.7382622
10.143577,-8.857624,-11.23697
-6.57469,-37.676086,3.1974614
0.74927014,2.7030706,-24.528738
2.3138506,-1.7315995,7.692302
-10.809869,-13.399764,4.2136345
-2.5998986,-29.90838,-4.941908
-14.462505,-18.04688,-0.2288871
-7.0489154,-34.643433,4.353888
8.148493,-11.30564,-8.251953
-7.395609,9.045061,-15.770582
-7.003525,-20.683762,10.904401
3.6561317,-9.280082,-8.504122
3.7200582,-7.8765965,10.142387
-4.3702917,6.6049423,-1.302801
0.25176558,-12.554695,-15.054026
-0.9174419,-12.405493,39.596714
-13.436776,6.0203075,-14.523239
-9.030296,-27.56172,-2.1112506
-1.3663458,-20.26929,27.381155
-5.734954,9.021508,-4.0710454
-9.577822,-8.393399,11.20075
-4.4370413,-10.764653,-2.2091105
-6.818489,-30.100035,-3.2758136
-1.5138456,-24.285906,8.111678
0.65871364,-2.539789,-22.293861
8.251379,0.093738385,-21.443909
-7.8005705,5.6466174,-10.556266
-4.3249187,-24.776094,-17.380283
-7.842408,-14.146702,6.9603953
-5.7398443,1.0974063,-18.201452
-7.042224,-23.018055,12.031482
-6.2663407,-5.3137445,-1.8964593
-5.135497,-34.702644,-19.237703
-0.44980755,-13.67463,34.34682
-8.283338,-35.40971,0.34643653
10.44523,-2.7847714,-21.595219
-10.742059,-5.565031,-19.742346
0.41122395,-12.260145,-25.124205
-3.813584,-27.205582,-17.324759
-14.026254,-4.417301,-20.152987
-0.58942753,-34.603718,-14.72964
11.029457,-1.7122211,-16.657667
-13.968298,-28.03667,-15.700537
-1.4516666,4.9761777,1.3185586
-4.0171885,-7.403001,-1.0601723
-7.216098,-28.662207,-23.621796
-2.6495059,-21.891176,-25.410727
-8.906052,-8.769448,16.423098
-9.418155,-31.674294,-19.256567
9.89859,-1.4645747,-26.573076
-10.086248,-2.7655456,-22.991314
-6.434744,-4.451326,-17.403597
-3.3082852,-18.603264,30.756113
-4.450704,0.2667981,-16.24288
2.6001325,-2.1088996,-5.406363
0.93859255,4.7118826,-15.441741
-6.59691,-6.503565,20.922482
-9.672394,4.7961164,4.9011097
3.4367967,4.2567883,-4.6171412
-14.5316305,-2.615026,9.501699
-13.823711,-28.737185,-20.28232
0.087622,2.6171007,10.164646
-6.315759,5.331136,6.9435587
-6.839435,-2.6211762,6.784707
-6.548081,-12.299854,13.397309
-13.223814,-7.2450604,-4.966714
-8.242912,-11.480339,1.2744361
-3.4393728,-32.793816,4.4042315
-2.437109,-29.927603,10.822303
-0.28669608,-15.843617,-6.9525967
-13.822651,-17.850433,-14.824014
-9.729437,-26.989153,-21.712317
-3.7274172,-10.832008,-28.277178
-6.367686,4.2905617,-9.156094
-8.88683,-23.748007,3.7744339
-11.033222,-29.99341,0.22422387
10.919308,-0.9598227,-19.803747
-8.91438,-29.282728,0.9985409
-6.7741013,-12.881511,16.664526
-2.4041314,3.1606622,-17.938139
1.8314431,-2.5016606,-22.101252
-15.6760435,-27.380089,-15.419567
-10.521036,-37.108223,-15.508285
0.7671538,-11.894992,40.967857
-0.97582597,-1.493366,-20.321957
-8.764012,-23.22026,8.655072
2.4178953,-9.705152,-28.40357
-7.408712,-1.8599441,-12.18518
-5.3261995,-23.689013,6.85158
-5.9764805,-28.806454,-0.4676874
-4.722214,6.786373,-14.424396
-3.9685204,-13.693047,14.672747
-4.095487,-28.649181,0.5270497
-10.38125,-24.411793,-14.158998
-9.944033,-37.480988,1.4382279
-10.6930685,-24.34876,-21.000898
-4.6621246,5.8562307,6.0275817
-9.609517,-18.43719,-11.273872
3.2687356,1.059411,-12.651237
-4.4234242,-33.13889,-2.218462
1.8645395,-12.189339,5.2424994
-9.120965,-15.777736,9.288051
-11.843845,-36.599182,2.1477242
3.0161963,-13.859599,33.85353
-3.767337,-35.01935,-23.324219
-1.447704,-25.610199,-2.3550024
0.2558441,-32.82873,-9.716564
-11.484944,-5.07052,-13.772159
-5.4782953,-7.925546,24.871967
-1.9459369,-16.200598,-5.2518897
0.63987577,-13.375414,10.908802
-8.275992,-20.210659,-2.8146956
-5.0781693,-16.832438,-0.09190901
-5.7676153,-30.01392,-12.399885
-0.19082801,-13.321295,37.387875
4.6038923,-2.4221509,-0.82526875
-8.546612,2.562892,-17.510193
-7.42688,-6.9583364,-25.092834
-11.949285,2.3319669,10.313268
1.7424438,12.957744,-7.092971
-0.35926569,-10.8383875,30.096333
-5.0026073,-16.405481,12.345052
-7.1210127,-23.00978,12.006233
-12.073904,4.778714,-2.2769544
4.9744925,0.37780702,-24.321455
-2.804552,-12.652309,35.023922
-0.64692324,2.4995477,3.3781536
-6.015042,-18.81332,-17.259676
6.964283,-2.7877104,-21.282036
-5.429432,-33.91716,-14.046704
-10.555489,-2.2366433,-12.47178
-10.21972,-32.575283,-17.319292
7.551034,0.12529357,-19.477623
2.1938908,-3.6391432,-33.403275
-1.1564332,-5.349891,-15.141155
-9.2759495,-35.776466,3.542077
-5.455078,-16.492971,26.159851
-4.2978783,-14.26422,19.009102
-0.46032825,-15.217593,39.016903
-7.108883,-3.7778785,-22.591597
-11.124394,-6.8619947,-16.456263
-2.04635,-5.293173,-9.542956
-4.127428,-1.8735558,-9.367422
8.012565,-0.47797015,-21.459599
8.450265,-5.937066,-3.3886442
-9.654061,-11.336968,13.990874
-10.098189,-26.47204,-18.041325
-3.7904842,-8.403312,-7.9741006
1.031639,-16.191198,-7.5219736
-8.929779,-6.0204544,6.194089
-10.214004,-29.444809,-4.8462186
-3.4271963,-24.090614,-19.60322
-4.98713,-29.05168,-10.568078
-7.445143,1.4053758,-13.849333
-15.977509,-4.305409,4.195528
4.9243646,-1.34613,-6.899308
-3.1395545,-11.918504,24.027855
-12.765449,-24.389172,-19.610256
5.6603293,-7.1961055,-25.292892
-7.8198195,-26.741795,-16.423418
1.687923,-33.4269,-8.506351
2.068769,-7.440227,8.892801
-2.1964877,-3.9278457,-29.533869
-8.63924,-8.973235,16.125298
-0.5303378,-0.22055498,-23.827183
-8.594546,-40.383904,-4.2692313
-9.320482,4.5757427,-18.448418
1.5041516,-8.616497,-6.9987235
10.175694,1.1319425,-16.845316
0.22642188,2.389356,-2.14958
-3.2983706,-28.933239,15.130063
-11.897927,-5.042365,-13.679696
-13.201491,-6.084171,2.1093478
-5.6360683,-8.220285,-25.605267
-4.716969,5.791774,-10.426554
6.787075,-8.609641,4.0322413
1.3641496,-7.9949512,-15.217468
-7.248228,4.9350343,-19.213493
-7.336474,-34.732185,-18.994595
3.1429794,1.0662544,1.0460539
-2.3370829,-29.753376,12.963174
8.794529,-1.3803554,-30.453934
-1.5197546,-11.742648,16.080545
0.8113707,-2.5109317,-22.310503
-8.174685,-25.586199,-21.085884
-11.273188,4.640537,-10.795833
-7.512724,-16.330786,12.765725
-3.79339,-31.176922,-9.919006
-7.9175396,-27.245502,7.0892982
3.4977508,8.135125,5.9693985
0.581362,-1.5662097,6.562566
-1.830525,-7.579203,-17.53357
3.232458,-16.11448,-8.335108
-1.6514647,-16.000835,-26.506119
6.6662216,-1.9487001,6.469588
-7.116951,6.4404163,4.1516256
-7.2028685,-30.65238,4.0012555
1.6443094,-4.299109,-30.792913
-2.340294,-35.81279,-18.093502
-9.218426,-28.932781,0.87041503
-3.738705,-1.5072424,-6.985944
3.7997882,-0.3585132,5.2259803
5.019322,-6.120336,5.5278664
-0.7934169,-16.05343,10.72739
0.9009904,-9.106604,26.117247
-2.8369184,-26.790771,-12.663341
-0.42026556,4.0871186,-6.8749566
-2.4101753,3.434662,-4.3781934
-3.5785038,-27.083244,13.291358
7.9267535,-0.11232143,-8.896176
-2.5211875,-19.108204,-7.4677186
0.042087693,-11.078534,9.880653
-5.9176636,-3.7854493,-30.487988
-1.636319,-13.878638,30.99548
-7.0980673,-37.821777,-9.36281
-15.12316,-26.151165,-17.601925
-2.0965757,-20.575891,-3.8611684
-5.2768526,-18.547327,-21.890474
-4.632198,-22.355385,-26.73785
-0.74740136,-27.030563,14.240511
-2.3192692,3.5878506,-4.3974676
-16.53331,-7.6921716,1.7511774
-1.5966487,-6.888746,18.12356
-10.545741,-23.893045,-20.38257
-3.220822,-6.53178,-26.924397
-3.5344396,3.6053333,4.692444
-9.36022,-2.6177385,3.3472204
-5.4945765,-31.39922,8.30086
-6.3975616,-15.809547,3.2155504
-9.382365,-0.89272594,11.693751
-6.3411045,1.9131918,7.1092825
-17.319765,-9.072018,-6.451586
-3.9204218,-31.132607,-7.7070336
-14.188923,-7.669074,6.7458797
0.06754761,-25.95829,-13.610867
6.231254,3.4454863,2.6871562
7.0003686,-2.331413,-3.9758668
2.0948296,9.112931,3.0543804
-1.376331,-9.348618,-21.857641
5.5136285,-0.10850155,5.726031
-8.616091,-37.302452,-17.830969
-12.039756,-22.377012,-2.1296556
-0.63133115,-33.842197,-0.6202828
-4.759189,-16.294678,35.95156
-5.698566,-25.322855,-22.774424
8.388343,-5.191021,-20.17133
-2.4770312,-11.1316805,-9.467876
-9.542647,-25.647186,3.3126643
5.189826,-0.23813275,-21.975933
-3.7491865,-27.829395,5.91751
-2.9467437,-19.21809,36.38276
-3.8003097,-29.479744,-3.7005584
-8.689134,-6.199574,-6.7231107
-4.399392,-35.138287,-11.6045685
3.1008282,3.8525758,-8.15124
-4.6690593,-20.278767,-20.451479
-9.441774,-29.448353,-15.580134
-6.431438,-26.097586,0.7640272
-9.46839,3.725505,4.517665
1.5981181,3.5527315,4.1889234
5.000629,-0.20283367,-24.903406
6.607055,2.7330136,-10.175706
-9.614244,2.6038973,-15.139272
-5.9216733,-5.9995265,-12.850037
-8.006689,-19.603756,-19.475422
-3.7790356,7.1067357,4.711925
-7.9706216,-33.453144,-12.896352
2.883773,9.634915,-11.693959
0.23540032,-14.843877,32.011456
1.6873821,5.0489917,-12.583759
-6.5031967,-35.668617,-7.7128105
-3.6492324,-29.028034,-13.3681755
10.468271,-0.059833083,-21.68538
-11.969942,-21.744875,-3.646459
0.4137753,-12.58564,-19.556147
-4.459787,-1.7916465,0.7596948
-5.0781846,-31.99308,3.896977
-4.426698,-14.302759,14.421593
-2.2493663,-14.321458,19.384153
3.001314,-2.3433843,8.155931
-7.0059433,-21.11122,-9.102233
-9.654365,-17.344366,-0.4727678
-2.9804797,-24.411537,-18.124107
-14.233538,-15.892693,-10.382413
-10.312358,-8.800973,11.564283
-4.4908075,-7.422594,-1.3517648
-0.90624344,-12.090123,-26.72604
-8.401155,-37.452515,4.5896907
-0.9095829,-29.153858,-13.672433
-11.288748,-9.696482,-0.63849723
-4.482652,-27.455595,9.981671
-4.6088142,-27.518026,-26.10584
-4.388655,-32.190903,10.756264
-16.660189,-26.205624,-15.940298
3.6901386,-0.42750347,5.2068667
-1.8200266,-15.382055,30.07497
7.5582733,-2.7279978,-18.103567
0.84567493,-17.640099,-5.791915
8.230788,-1.6371193,-27.715412
-6.183587,-10.277767,2.636964
-17.787626,1.2920988,-13.333015
5.988016,-10.933805,-11.988536
1.4880428,5.4125633,0.8751276
3.809452,-4.566042,15.610984
-3.474954,-5.0259166,-12.066914
-6.722406,-20.037241,-3.2850986
-8.520808,-32.755108,-4.551041
-6.163994,-20.450243,-10.018008
-7.628264,-23.463707,7.6335
7.216531,-5.77451,-17.062366
-6.0063376,-12.511554,4.673995
7.404871,-6.9455476,-29.977455
3.1872714,-16.063787,-8.198526
-1.6302943,10.11775,-1.7203988
-1.9739295,-8.904889,26.034336
-2.8735826,-1.1150638,-26.948633
-10.251892,-37.243233,-5.0326486
-6.173341,-10.390552,-2.0537252
-13.97178,-1.538135,-7.0100985
8.592423,-11.007839,-15.921304
-5.583725,-14.632986,-12.794324
-1.1871568,-4.825085,-23.40026
-9.645374,-3.3041546,-18.69009
-9.82758,-25.796322,0.17221473
-11.164426,-36.130764,1.2697467
4.799365,-7.058442,-4.1004157
2.9911642,-1.9609873,-5.6424465
-0.54044586,-11.457584,31.91972
-8.666537,-14.636927,1.039567
-0.78786147,-29.537588,-22.897669
6.7718506,6.4332943,-17.940004
-10.582543,6.226635,-0.125469
-2.3929138,-31.926014,-20.877684
-8.0975065,-28.513098,-5.052817
-0.042298745,-10.106317,-16.66917
4.3055406,-16.412174,-3.0862424
-1.9776798,-29.283075,9.509357
-5.6264505,-16.451933,25.519161
-9.746027,-3.1470976,-6.1268373
-1.3602722,-15.761468,18.530394
0.25946224,-27.148792,-9.467824
-2.3528206,-16.293491,1.7265942
-9.599148,-5.848655,-23.026936
-4.390372,-8.606371,-22.867706
-8.1938305,-21.613619,-19.410799
-3.186813,-7.2727833,14.156913
-3.6334918,-25.195059,11.633352
-4.6367683,-11.917035,14.948637
-1.8101081,-1.7392213,-17.593208
-1.853077,-10.904756,-3.095798
-6.6798096,-10.293471,-8.981095
-9.450919,-28.440311,0.7609389
4.448817,-10.858979,-13.833162
-1.0946873,-4.9173484,-23.282663
-3.3301103,-7.096079,-25.183546
-10.064614,-12.771174,-7.8343377
3.9373503,-5.1874437,15.718015
-2.7712803,-3.5469363,-24.216358
-2.0918574,-17.123133,36.74662
-5.739608,-5.5874214,-28.805786
-1.413603,-6.1770916,23.391668
11.11572,2.733628,-11.196208
-12.917024,-13.070756,1.5186894
-12.277766,-10.005397,-1.5139693
1.1431631,-8.846431,2.7101538
-8.555859,-5.1761894,-19.822971
-7.966745,6.1386814,-12.375041
-2.2163687,-17.917465,19.423466
-5.0820584,-6.746394,-26.278408
0.23369524,-26.743105,-21.81583
-3.367995,-17.248478,-8.293124
-4.5080366,-13.611559,-10.008278
0.4075674,-15.1343355,40.703953
-6.4235773,-8.614829,-29.879498
3.2872407,-2.8673112,-3.0264866
-0.66132706,-20.917156,-13.339267
-11.815452,-26.256235,-25.658224
-7.5611176,-4.1192856,-10.051192
-5.197489,-25.1697,10.640953
-1.1052196,-28.139572,13.097718
-9.231812,-29.419554,-23.711632
-10.439882,6.2104287,-0.33569804
-11.082015,-38.19326,-1.1398561
-3.4394817,11.386575,-2.723586
-7.653609,-10.878285,27.007374
-3.4995098,-13.383679,37.077187
0.9142993,-13.298776,27.210318
-3.5131588,-31.878946,0.28567287
-2.9977205,-23.276314,4.687759
9.131366,-12.338535,-17.845911
-11.080042,4.2997723,-10.992725
-5.5555096,0.9889785,9.660296
-1.7357385,-10.040358,-2.5776641
-10.322679,-4.204147,11.501984
-2.4464152,-38.017536,-13.529253
-8.020554,-23.300072,-21.76112
3.3568563,-12.807621,-18.978485
7.538366,-13.385043,-12.21524
2.5310419,11.382074,5.9760084
-5.9539075,-18.813984,19.172125
-4.568496,-14.013854,-15.173219
-2.7117805,-17.806614,7.122847
-11.96516,-3.8081758,-16.49847
0.4100607,-0.23089145,9.393865
-9.685287,-11.900396,-6.68422
9.810618,-4.572126,-24.86964
-8.01651,-31.566957,-18.216085
-12.77802,-1.9910511,5.8468556
1.3663216,-11.700123,35.91639
-4.444007,-16.309338,36.000164
-5.772936,-11.038783,-21.960348
-5.2846437,-14.078439,31.30225
-1.9520401,-1.6909428,-22.745354
1.1217686,6.0670176,1.9403664
-4.9664373,-4.44671,-23.65521
-2.8575182,-26.798086,-12.525174
-10.354653,-1.9671481,-11.776537
-4.839686,-6.435299,-25.91775
-9.547755,-15.326301,-2.53946
-1.9511924,-12.69074,11.102362
-8.522017,7.321494,-11.203919
0.0039034982,-14.1319685,-15.886495
0.11626934,-5.1053443,22.340427
-11.05218,-15.574894,-1.2341822
-9.905763,-11.424843,-3.5297332
-3.5597086,-3.4360182,19.14825
-3.8133857,-22.661928,-11.5071335
-5.164905,5.494808,-0.8609729
-5.9332805,-22.412617,12.917318
-3.5824583,-31.365475,1.8430363
-3.9132857,-2.1177177,-21.652946
-2.8725417,-23.081694,-15.22649
-8.152846,-29.913328,-8.396069
-9.457099,8.670073,-0.5879201
0.16339849,8.490996,-10.134802
-8.308928,-24.111542,-7.8234534
1.6851364,-5.905278,-18.609068
-4.678187,-5.3604007,1.3716422
-3.461833,-12.769291,17.835283
6.62311,2.8967736,-19.330849
-6.7293096,-27.1235,-26.86466
-2.298723,-28.403502,7.3756056
-0.8576982,-4.4916754,-5.4075227
-13.58307,-23.420023,-14.326485
0.17762862,-16.016872,-21.274538
-4.545595,-37.38513,-16.554773
-2.066116,-17.064716,36.47822
0.18961082,-5.4203334,-11.903827
6.807539,-1.0291758,-29.077902
5.0395775,-6.1670494,-30.215082
-3.0193753,-12.925715,9.619111
-11.925767,0.34353447,-7.309475
-1.9020231,10.599339,-12.961925
0.28291947,-11.681061,-7.5416236
3.948503,1.8590573,-7.5251718
-4.155526,-3.9768043,-16.085373
-2.9265664,-23.148275,-15.330133
0.11159216,-10.768828,39.366432
-4.609277,-29.8331,6.18259
-8.456342,-8.87489,4.557074
-7.44622,4.142731,-17.165031
-6.053769,-34.716373,-17.153717
-3.9344604,-31.03619,-10.246723
8.037633,-7.0023375,-31.482931
8.075143,-5.767774,-29.73577
5.1911454,-10.343809,-23.02949
4.4554253,-6.35458,15.3813925
9.099906,-10.874315,-12.95033
-8.987587,-5.4693146,-15.679631
-4.8140273,-20.38597,6.7317133
4.031743,5.3766923,-18.895948
-10.772755,-7.467359,1.3035804
-4.4567323,-38.144104,-10.288088
-13.498663,-26.171585,-7.3749695
-15.211307,-26.11708,-17.60729
-2.428236,-12.863539,22.015457
-4.4483337,-11.794965,14.997181
-2.2916865,-18.727322,-11.85029
0.5649043,-30.138363,-0.3888058
-6.755336,-11.1741295,-0.95568043
-0.31874877,-32.068584,-1.4286789
-8.133362,-17.37521,-1.8464282
-11.86444,-26.241587,-5.0377793
0.47766504,9.189458,-13.972136
-3.299127,-36.426456,-0.4060623
-7.8984094,-13.967089,28.929688
-9.478975,-15.962559,9.460243
5.2519646,-8.309722,-27.555765
-9.69333,-26.917511,-21.689142
-0.39714998,7.147354,1.263339
9.617082,-0.6068539,-28.57823
2.6839616,-14.767738,7.9320893
-4.443632,-8.73032,-22.772707
-17.945414,-5.5134306,-9.208677
-1.1990756,12.486855,0.03511196
-0.23746112,-1.8569697,3.3597486
-7.399821,2.80509,10.341292
3.7547092,-3.3830001,-7.5168476
-5.7023144,-7.229621,-27.03374
6.0848575,-4.610825,-2.4769676
-3.6940305,-13.560531,-28.831455
-9.208779,-1.5072323,-22.786345
-2.194531,-26.274097,-24.809492
1.6846458,-14.115859,40.34676
-2.9004848,-8.361509,1.3692713
-3.7853575,-31.571554,12.566116
-2.3689344,1.0594579,2.0032868
-3.3921876,-18.683285,-15.199488
-7.4643636,-27.771149,3.6691928
7.6459894,-2.4141634,-34.92965
8.177958,-5.586581,-20.092937
-0.71060604,6.7214828,-7.977234
-7.3705807,-36.754566,-14.422053
-3.267016,-21.849697,-22.787182
-5.580001,0.3558051,-5.691279
-5.9746118,6.3403306,5.5387483
-0.27639952,-29.883518,2.0910196
-4.779996,-10.281734,-27.241991
-10.427868,-31.269371,5.2848954
-1.4648664,-19.11458,30.109867
0.6286778,-9.619391,-3.057591
-10.438764,-20.536997,-13.210864
-10.435151,-2.6837888,-26.422422
-13.875094,-25.554457,-12.925237
-6.8811812,-37.26841,-9.875785
4.214138,-4.5761104,-11.474755
-10.495022,-6.2087574,-21.620821
1.8699011,-6.0203457,-30.049486
-4.169521,-30.808306,8.637342
-2.8384957,-0.22615379,-30.352299
8.677362,0.08699055,-24.785568
-6.500358,2.4000866,-16.126574
-4.594545,-25.5418,-20.278612
2.1371486,-11.418914,-5.074546
7.3559246,-5.381504,-26.867748
1.0693343,-8.956424,-5.526524
4.304692,-10.190977,-23.890104
-3.517538,-15.824401,19.743975
0.767348,2.853945,-24.595745
1.3112186,-16.382236,-11.7189045
1.9213533,-5.738752,-18.688253
-5.3778634,-4.2933645,12.9866295
-9.351322,-9.594123,23.07677
12.114345,-3.3752012,-14.886671
-5.732498,-28.328712,2.683316
0.0014987958,-15.771446,-14.927844
-4.363911,-23.083948,9.193546
-1.0720524,-0.3595151,-1.259228
-0.7221956,-33.052162,-13.54244
-9.3996725,-2.167225,3.0453408
9.3357115,-0.09699038,-4.3039026
-9.148644,-6.2236366,-8.784632
-1.7621925,-28.65283,-1.9157375
-17.76076,1.8265408,-13.6533165
-5.0320144,-25.979616,10.630146
0.22710353,-2.2136943,-15.66868
-5.0449815,-8.378181,19.381123
8.985584,-0.2622204,-27.751373
-11.704231,-6.708457,18.99265
-0.44279513,9.0568075,-6.5228524
-4.2681394,-33.328648,-16.404236
-0.864433,-36.06962,-3.5855484
-16.146082,-7.711276,0.44088042
-1.6279999,-14.321879,27.441837
-9.858132,-1.0260355,-16.059046
-10.06563,-2.7232952,9.919253
6.851354,-12.110857,-1.8338045
-4.221302,-38.68646,-10.454106
-3.162835,-4.5328383,3.2570531
7.72535,-1.0923116,-0.21897435
-13.983176,-4.3867807,-20.20386
-12.774924,-3.3931403,-22.651903
-5.452166,1.8672168,-4.4139934
-3.540517,-15.230092,33.143658
9.880302,-5.041854,-24.487658
3.8732395,-5.2014923,-35.884773
-6.1363354,-24.815521,-16.92303
-1.8736213,-8.297967,-23.989344
-12.467494,-34.22903,-10.031373
-0.29066536,-14.208716,6.791139
-5.306937,5.4224315,-13.2002325
-7.111839,-30.581118,-3.2517433
-5.179461,-18.195045,32.03627
4.686953,-9.2236395,-1.5853829
2.5354204,-4.5695715,-16.158268
-4.479403,-13.174654,25.029757
3.73585,-5.3598323,-36.144867
-9.821388,-17.45007,-17.873608
-2.1854265,-29.403048,-16.406382
-4.4441133,-5.872261,-18.927578
1.1716744,14.009999,2.7455497
-3.9547253,2.0177019,-5.817769
8.533418,4.261334,-6.7948
12.113306,1.2408906,-24.253798
9.123146,-6.9288564,0.96583205
1.5356126,5.97298,-16.80718
-0.51034176,-12.841969,-18.12207
-6.4181128,-18.514786,-9.590215
-2.9719555,-10.033678,12.572038
-4.179626,5.958356,-14.844716
-7.784529,-34.84375,2.7402036
-1.1124111,-4.4682107,-0.038484093
-2.9639814,-13.560732,-18.399805
0.6119354,3.6510243,-24.830175
-10.333951,1.8711861,4.681378
-1.0877177,9.207961,1.5278015
6.1443844,3.106924,-3.2387953
-13.317391,-9.886495,4.61983
3.1387084,-14.539014,28.817177
-8.011198,-14.839614,8.313489
-7.968525,-13.794495,-0.91276836
3.0869281,-14.651059,36.732567
-13.284795,-27.504488,-16.054071
-0.46991757,-2.1663651,16.844883
-7.446874,-36.728504,-4.8823485
11.90876,1.0720897,-23.646725
0.5757865,0.5216085,-20.248997
2.229408,-12.608956,39.064865
-4.5356607,-32.04299,10.987474
-3.1379554,-4.097903,-19.772102
-4.115167,-29.832079,-14.057791
-8.525679,-14.095492,25.826113
-2.2203572,-11.419618,-15.639906
-9.593675,8.628661,-7.192202
-3.7083302,5.5084653,-6.9106827
-12.4175,-0.18523376,4.3296
-2.1151469,-11.363266,29.935644
-6.46732,0.78751737,0.07470452
-0.4951583,-10.250063,12.904423
1.1095912,-14.841193,16.520256
-10.771642,-28.057178,-14.044588
2.2671962,-18.27109,33.10949
-4.35177,-22.013607,-23.479322
-11.129327,-38.22476,-1.1664802
-3.205894,-5.4723945,4.017279
-5.867888,-0.27234516,-19.320517
4.745962,-1.0260588,-6.6807117
0.7378059,-4.7392735,-8.60566
-4.452951,-29.23575,3.2658298
-13.223667,-7.7517333,11.396477
-13.066532,-11.839488,6.972129
-0.94541514,-3.4556494,-28.521719
-0.45135993,-34.941345,-14.763818
4.611396,1.7078134,-27.344563
-8.013412,-32.682415,5.4952416
-2.8523865,4.2949824,-7.805189
-3.2451599,-23.584864,4.4366965
-17.058777,-9.073779,-7.5169883
-15.113012,-1.5893315,-8.068563
7.0317054,1.3619584,-22.324284
-12.610689,-35.435707,-6.3303375
-2.8352826,-11.559611,33.243904
-8.511417,-20.952213,-3.10753
0.7431381,10.596877,4.051586
-7.190998,-2.0685244,-23.656536
3.7150328,-9.900837,8.250646
-8.006658,5.5063562,-7.532849
-13.69682,-10.527242,-1.9953681
-3.4507751,-24.041813,-19.693722
-5.300276,-12.379089,34.50315
-3.1651971,-24.123972,-26.290573
-10.500228,-28.561113,-16.633072
-11.488898,-4.36282,-20.48961
3.9138086,-12.045648,-9.711787
-1.0759033,-11.451334,32.2684
-1.8115994,-7.1876054,-21.261673
8.736725,-4.6899056,-20.351908
-5.1313477,-25.41264,7.5376797
0.3638937,4.9580226,6.250515
7.1180544,1.7037644,-22.343536
0.44143975,-12.51679,39.12874
-10.8993845,-13.242671,2.8351696
-15.663889,-29.654572,-10.345988
-3.3349822,-34.16731,-14.027599
-5.702421,-4.204409,-22.829483
-1.4990292,-34.800083,1.8231152
-9.911628,4.67964,-13.491264
-10.957992,-3.728308,-20.778452
9.657898,-2.5926394,-26.199709
-7.744968,-8.296701,-24.030659
-1.5218899,-9.3895035,27.001703
4.1895676,-14.21145,12.589738
7.75186,-3.3111062,-29.185335
6.908047,-11.257653,11.368693
-6.2977166,5.8712573,-16.602362
4.539042,-0.006652131,-28.23092
6.2246637,-3.45273,3.7096407
1.5221071,1.5503311,4.319895
-0.88564104,-2.1439037,-27.665564
-3.8094625,-4.402526,-9.864594
-6.5020895,-11.501244,31.974901
-8.763907,2.9450696,2.0587342
-8.660438,-4.5596247,-3.9511695
-3.3734746,8.557079,-9.885897
-1.8614316,-13.6079645,27.117449
-6.554225,-11.467693,31.931824
-10.002442,-8.43876,-12.634183
-12.195918,-1.1287104,-24.028471
-4.73877,-0.059386633,-14.916172
1.6332988,8.622173,4.463708
-7.215852,-1.024952,-17.336184
1.8774478,-7.2425103,-3.9580142
6.5932713,2.6952002,-10.118579
0.037288945,-9.998141,-0.8256285
-9.699396,-27.368101,-9.730989
-6.173161,-25.352686,-18.662489
-1.9664034,-10.44911,-2.9945204
-4.889092,-7.486202,7.3858104
3.922352,10.671654,-8.583308
-7.1418467,-21.827782,10.640312
-6.4216833,-14.926571,-12.727766
-5.5042567,9.349681,-4.0696554
3.833645,-16.890932,0.9120352
-10.798336,-6.8346562,10.019798
5.2863173,-0.982509,-23.835032
-12.06133,4.794687,-2.2583487
-1.2795343,-35.089172,-12.511546
-2.962802,-29.059372,-2.2719228
1.4516032,-12.276757,8.202123
4.0239177,-2.1686702,-32.95945
-7.129268,-34.48971,-19.257565
-6.36399,5.23142,7.052809
-4.991219,-2.92076,16.786629
-8.744662,7.6924734,-19.61404
0.80449075,-9.680035,-20.00435
-7.933673,-28.74292,-18.898104
-2.9087505,-17.371042,-8.404172
-2.8264377,-23.438654,-3.1679862
-2.534853,-13.794829,19.22078
-5.6529264,-17.998547,-6.6427517
-1.6630616,-28.942465,-0.05223086
-0.5740953,-11.235689,31.622307
-10.737476,-7.364232,1.2692835
-5.2381988,-3.6089628,-22.049875
-3.3748388,-20.034794,28.70372
-9.947453,-3.7891052,-5.668501
1.0641174,-13.382075,33.81325
-10.772006,-38.13128,-1.7300212
2.541575,-3.4664185,-33.842247
0.55487525,0.44761154,-20.264574
10.618312,-0.27059737,-24.636759
3.3496282,4.284884,-4.687259
-4.542295,-6.3315988,6.921671
-8.376461,-33.259968,-11.40658
-8.147719,-29.790224,2.9480486
-6.7366314,-28.435453,7.7437634
7.492668,5.245849,-7.539073
6.4280624,-4.8604345,-17.682217
3.6030488,-12.336111,-10.27048
-1.2611369,5.5779943,2.9545736
-1.9732311,4.673537,4.9276047
-0.7979844,-29.344303,-18.723692
-1.0516388,9.432459,1.5907931
-3.9578943,-5.0453305,7.4510455
-3.4544752,-17.726576,-5.6454206
8.468415,-7.795875,-20.49984
-5.5862365,-3.6187263,-7.8384914
6.333188,0.18587068,-18.33202
-4.1772766,-13.256188,-12.649289
-8.762724,-32.781067,0.4277345
3.7794123,-1.8351264,-35.931187
-1.0943781,-9.08029,5.5091143
-8.595374,-33.145554,-16.99495
-14.265486,1.6903569,-12.385992
0.71396315,-14.4262085,9.184342
-0.8011027,-27.18192,14.189841
3.605997,-3.3686783,-7.465101
0.06988731,0.42083925,-28.374882
-4.984272,-1.7594105,-9.924212
2.0988941,-15.345021,-14.661021
-2.3283248,-17.637875,19.862516
0.119830646,-10.014719,-31.507412
-8.181936,-18.41749,-5.9474645
-12.995263,-6.613963,-11.488685
5.284659,-9.466077,-9.917027
4.4365926,-5.023128,-28.883669
-8.818215,-5.682061,17.943718
-1.876773,10.693845,-13.084277
-3.198443,3.9525828,7.9011183
1.9062718,-6.3674116,-30.486805
-0.19230764,-12.470692,23.476164
5.5272856,6.4989924,-1.8072984
-11.0274725,-1.2210566,-9.483214
2.5981274,3.1269622,10.910522
-7.444513,-3.7748594,-15.018998
-1.5990014,-31.002066,-2.7795906
-4.3980026,2.1145,1.5692037
-2.5102382,-28.95841,-16.75499
-1.5926839,-21.465515,-9.925268
-4.4239955,-8.456513,-3.99304
-0.91267014,-1.6466341,6.622353
-4.5171003,-8.895459,2.0438263
5.2656164,-0.22701015,-26.129047
1.7836127,-4.4851136,-30.678362
-4.3439994,-23.456676,13.842958
-0.13554887,-27.27636,-14.091024
-3.0521276,5.9311247,2.9811974
1.0471747,-14.656475,39.049103
-6.461919,3.6085513,-15.227861
-4.36176,2.8790324,12.924257
9.666271,-6.107845,-13.554186
-3.0076516,-11.152902,10.036251
-9.048968,6.7232084,-3.12152
-10.892545,6.308675,-7.902831
-6.0778375,-26.952581,11.147937
-7.0149646,2.9938138,-0.37919757
-6.9228396,-9.858651,-8.473995
-1.857859,-10.955411,16.420744
8.810528,4.2429314,-14.799684
-8.941979,-34.78219,-5.943913
0.43041334,-29.757812,-4.672391
-6.4630694,-27.92069,-21.890465
-9.67382,-8.227224,-12.354864
-7.9454594,3.0998538,-5.9150963
-11.893934,8.423146,-7.351358
-3.4876244,-28.397963,-23.003855
4.5665455,6.0161576,1.1403321
11.460244,-8.885337,-14.047326
-1.5897181,-18.537209,2.3412523
-5.6958385,-15.4602995,-8.896991
-0.66508144,-19.277586,28.076736
-0.72643185,-12.696692,36.628963
-3.0523384,-14.091285,19.685593
3.298198,-8.300314,-29.085003
-7.594904,-6.1479783,-0.3290849
-9.158775,8.751779,-7.4355826
-8.574356,-28.449884,-2.3214908
-7.4615016,6.3354106,4.3289323
1.7479262,-10.472115,-13.88446
-4.734032,-10.604941,30.687862
2.015541,10.161691,-4.739678
-7.9809947,-37.922592,0.133916
-5.625741,-31.896788,-18.210878
-7.2190742,-30.920658,-0.1221656
-4.9985356,-30.512363,6.4629865
-1.5322086,9.904499,3.7153573
-6.5321975,-32.183285,-16.499825
-6.3076577,-27.178078,-20.388918
-6.890247,-11.286168,-24.173845
-2.911328,-17.17584,-23.317543
-6.0321,-33.14164,-18.623896
0.5501119,1.5333289,5.9844127
-6.0906606,-11.33541,19.0848
-5.642159,-27.471172,-16.613089
-6.3975883,2.8429832,-13.984514
-8.299048,-13.921705,-1.0637839
5.1980433,1.282827,-23.992203
-4.84538,-4.794578,19.857222
-5.7543464,-28.257467,2.6453164
6.636649,-1.6409198,-24.36665
0.5847374,5.6891856,-6.5263186
-3.42457,-7.2921643,14.4170265
-4.4279313,-6.5461397,11.365599
0.952503,-34.592636,-4.479585
-12.527856,-27.68722,-17.90028
-3.0359514,-38.674316,-14.425426
-6.488486,-34.513218,-4.081289
3.3861184,-13.914727,-26.184454
-14.9684925,-4.3757725,-19.60705
-5.980484,-29.24981,-6.587844
-15.687435,-29.313822,-11.009134
-6.7990966,-33.986435,6.4111724
-0.6148025,-30.050646,-5.432741
-7.8217397,-19.79326,-19.958393
3.658167,-0.57550514,-8.557463
-6.4269366,-4.539458,-17.416225
-14.901676,-23.652998,-19.399035
-2.2972732,2.4017625,-12.074857
-8.406002,-31.115881,4.4880137
-1.5582662,-14.224842,-11.678915
-8.761755,-32.826534,0.434652
9.226023,-5.473475,-28.912071
-3.9154685,-31.147709,0.31588766
-7.1376514,-30.258148,7.9057007
-6.7143936,-11.034219,-27.84249
1.5444628,-17.444302,36.244858
-1.12948,-19.344145,-0.9943855
-5.357012,-4.441614,12.6438875
-4.516763,-0.48895407,-15.195468
-10.835795,-6.980948,-23.671658
-10.333858,-9.406083,5.3499217
-2.0776403,-15.59114,22.61883
-0.41085693,-17.200575,23.359198
-11.393032,-29.84533,3.7748172
-4.142942,-38.79385,-10.538908
-7.380061,-28.816582,-14.721271
-4.414092,-9.947566,-12.220522
4.702836,-32.07371,-5.5614343
-2.2036827,-19.060053,-11.934551
-5.6190786,-31.462822,8.433584
0.5687212,-21.066864,-7.618795
-5.246026,9.841563,-4.136847
-9.724716,-7.427553,17.004696
-11.156825,-14.487606,-3.2318492
2.1099946,8.090164,1.1813593
5.1212854,14.046958,-0.39743772
-5.7391076,-27.711843,-4.536822
7.5193567,-1.6127108,0.1751987
1.1153915,8.089633,-5.3064833
1.2925972,-11.338756,6.9683046
-3.909451,-29.542591,-3.6054142
-5.803144,-34.435265,-14.517945
-3.1717494,-13.369488,37.445602
3.9798832,13.342772,-10.632004
-11.135435,-4.612192,-20.40902
-5.4445424,-28.881384,7.844962
-4.3927593,-10.233067,32.686516
3.055959,8.86844,-0.80023
2.7480185,-8.26471,-12.162417
-7.3191934,-27.42089,-25.142538
-6.818769,-11.771238,0.059147995
-0.71485204,-18.732386,30.529106
-5.4742813,1.3434519,-18.470718
-3.9499464,7.002008,4.902377
-8.23144,-24.316437,7.847339
8.674612,-11.360604,-16.651274
-6.037914,-12.331991,0.7777798
3.4590032,-9.736721,-19.188997
6.7279015,8.531624,-7.0539584
-6.8625565,9.155626,-2.7061946
-2.5545132,11.095644,-9.990127
-2.1996827,-16.87934,33.818874
-12.813496,-6.9404607,-5.1816106
-11.084903,-19.96902,-18.770485
-7.2827454,1.9688845,5.4907255
-4.5768204,-32.045036,-23.839098
7.4486904,-4.6301727,-17.196564
-5.445779,-32.269787,-16.590553
-10.290931,-1.574775,5.1971483
4.1040816,-9.248829,14.939353
-4.879761,-32.46885,-3.3989303
-14.288196,-32.579872,-1.4067801
-3.9475567,-30.888016,-10.395386
-3.842861,-1.4284096,-4.368177
-10.928198,-4.169396,12.106362
-12.330304,-1.2227422,-6.481314
-0.080154344,-1.9990728,-20.29814
-15.07978,-0.8026423,4.9586143
-4.46745,-0.6793049,-22.434002
-8.216442,-27.140577,7.465755
-2.09581,-10.465246,26.58217
0.93401855,-9.104183,26.382383
-7.3017616,-8.651092,-16.20067
-10.321746,-22.314125,-14.996814
-1.7918297,-29.221998,9.43962
-6.7455063,-11.451012,-26.032463
-12.487142,-4.434328,5.622569
-8.664245,5.5825257,-18.091236
-12.001471,-30.65308,-12.553107
-5.8998027,-14.224418,0.6401343
-0.07951426,-12.35167,25.144533
-3.745522,-14.6352215,-0.045328997
-1.5180805,-6.2558603,-6.9810824
1.1270849,-6.298759,-23.901524
-9.593134,-16.192945,1.8886113
-3.946563,-11.285911,24.318258
9.474495,-7.8629055,-7.045464
8.555858,-2.2605448,-21.742937
-2.5821733,-32.26632,-20.960045
-7.396294,-38.521236,-15.197626
4.5897326,9.322649,-5.723407
-12.48824,-10.281899,8.766269
-2.5650027,-36.518906,-15.311915
-6.65253,-7.823997,-24.30872
-6.353993,-8.497467,21.845806
-9.638471,3.2420607,-13.35581
6.008207,-3.277086,-25.99369
-3.3731904,-17.016317,14.168671
-1.868078,-30.751682,5.3667016
-9.414832,-16.489466,-2.1700556
-1.0703981,-0.29884306,-1.2839597
-1.313385,-16.62225,-10.356599
-3.3691878,-7.2419376,-12.503646
-8.69048,-33.16993,-20.864445
-1.2417028,-2.129941,17.016062
-10.415431,6.3854985,-7.0282354
1.95731,-12.737756,39.32555
-7.6364245,2.1943982,-20.706326
-2.2873604,-22.18223,5.4045095
3.1629617,-4.319985,-24.082012
-5.398272,7.3942647,2.1925118
0.29500422,-12.930286,27.67073
3.7678378,-0.27510378,-21.472122
-13.590651,5.118005,-14.176185
-6.174081,-0.235926,12.950746
-13.067591,-4.356009,-3.3689196
-0.19934021,-16.02799,-21.254427
3.1568413,-10.858967,-25.483435
-6.519377,-37.1865,-12.549887
-4.564575,-33.07013,5.2892785
-8.283561,-28.165438,-18.261955
-2.4646368,-6.5015035,12.935697
-16.786774,-6.1022024,-1.02535
-5.455604,-10.38947,17.73644
-3.702326,-7.269599,-5.493792
-5.383104,-3.4705703,-22.028563
-8.194343,-28.572906,-25.374615
-4.3464875,7.651246,-2.456391
6.917872,5.029389,-19.91707
-13.274946,-3.196651,2.5723414
-11.123456,7.974484,-4.529074
-12.328008,-3.29041,-25.675438
4.035527,-4.468535,-19.284176
-0.35167181,2.436308,-10.636907
-6.348225,-15.338337,3.244761
-0.57844025,-19.083681,33.68622
-4.0349274,10.257552,-18.71036
1.7442402,-4.594514,-30.611368
-3.7268078,-9.2205715,14.016003
3.9790196,13.378318,-10.770184
-10.388426,-8.89306,11.464549
-0.118836924,-0.021466674,9.075803
-14.018174,-32.645172,-1.0800065
-0.5252139,-11.00195,-30.494843
-2.9363022,-15.447616,31.273972
-3.147426,-18.92503,30.552078
2.0539563,3.0843756,-17.184807
-5.412735,-5.3314757,22.4064
1.6776224,-1.8291858,6.088826
-12.790613,-4.6528053,9.452129
-7.555607,-1.0744991,-23.50571
-3.4644558,-6.0850945,21.968107
-6.8760448,-38.540203,-19.631174
-3.090525,-18.520988,25.782425
-0.86972433,-9.0645485,-8.332423
-10.225243,-37.240467,-4.8331113
-3.753044,-10.919676,22.909346
-2.663708,3.4992416,-15.091306
10.114635,2.5307808,-19.074348
-12.803663,-4.4349203,5.3985267
3.3042705,-14.266862,7.851295
3.662457,-12.681345,13.82835
-10.774019,-7.434176,1.2592039
-1.6371518,-10.288291,3.9031634
0.24081703,-13.397417,38.214195
-3.5212398,-9.996615,-0.74458444
-13.564882,-29.178654,-1.3778461
-8.693666,1.0839803,-12.198691
-6.4584103,-30.308733,-23.94756
-7.6844535,-28.891724,4.398726
8.218076,0.29658926,-23.305063
0.49928233,-35.592213,-3.8527203
-4.4549193,-1.1213796,-26.81704
1.1203008,9.783012,6.4409256
2.2060351,8.880961,3.4043136
-0.31798977,-13.465108,30.576277
-4.3274198,-6.5487924,16.708576
-8.687329,-37.384735,-17.785599
-8.617405,-40.343628,-4.4216814
0.5238922,-4.6900406,19.1882
1.2001123,-11.258658,6.8891344
-7.5637136,-14.124379,29.532053
-0.01961159,7.110267,-23.052212
-9.858005,4.0415397,8.927454
-0.39901182,2.4771523,-10.607541
-6.579071,-28.939276,-16.303566
-3.4441898,-1.883459,0.5431214
-8.490647,-7.0854983,9.991502
0.5386823,7.037737,-7.3580894
7.1644864,-3.3217847,-33.726143
-1.43397,-15.578585,-6.696082
-0.31500185,-32.04244,-1.4119927
-3.5189545,3.8215718,-23.839891
4.179318,-4.364716,-34.570263
-8.432264,-10.616077,-19.470451
-3.4208143,11.066336,-1.6797053
2.1368475,-12.341843,38.524216
1.0815382,-25.807726,-8.295367
1.5029202,-12.923898,33.47574
4.310709,-4.9778733,-29.084923
-3.3453991,-19.040232,32.52819
-0.889801,-7.5190406,-27.42962
-2.249813,-3.3449588,12.93573
-5.125496,-23.346304,6.2277365
11.418876,-3.5857737,-14.509344
5.00294,-8.815837,9.2841835
-11.702577,2.2840047,-23.402311
-1.9588664,-9.114134,19.644697
-4.4212027,9.117721,5.6670876
-2.2966037,-20.958742,1.7711909
6.9737244,-6.8591375,-30.306124
0.1235756,-17.804153,-5.7393417
-1.2407283,-14.316202,9.532725
0.79092014,-9.409389,-3.7178283
-9.157693,-6.138647,-8.098271
4.9675193,-2.3906693,-0.69424736
-6.542045,-27.446165,-11.388195
-9.222515,-0.5882401,-3.6943326
-5.497009,-11.204163,2.8540494
-11.016904,1.3806419,-3.011515
2.9073007,-3.2238984,-18.062157
-6.8577867,-37.23234,-4.7624474
-14.314114,-12.872392,4.3803034
2.4713786,-9.871997,-28.462183
0.56659865,-13.647786,10.746239
-4.183131,-6.471837,11.107312
-0.61252517,-28.335545,6.01501
-12.388478,-0.31629828,4.391363
-1.1925713,-27.911873,14.238237
9.892146,0.4626177,-19.454758
-6.3085933,-20.606916,1.8943213
4.8113675,-12.102049,13.516287
-9.666342,8.609735,-7.1436996
-8.445979,-23.928019,-16.995367
9.50741,-3.0951192,-13.874453
4.886896,-0.2572049,-21.743763
1.143148,0.24954897,-1.2115036
-2.7261744,-12.879715,-7.7433825
-6.513664,-30.390104,5.6486425
-9.588408,-34.99176,-2.4597957
2.3708093,-7.4977903,-36.854378
-10.071048,-26.36336,-17.627005
-2.026776,-19.690308,24.269495
-1.720442,8.558537,-0.9701324
-4.939326,-14.834257,14.252517
0.13134816,0.62423086,-28.473307
-3.728958,-5.1578317,0.27428263
-0.0022075702,-7.5681944,-26.643318
1.3461752,-0.4588291,0.94206184
-3.8130403,-16.613802,-17.86077
-3.4079459,0.2111491,-12.260351
-1.8494719,-8.90825,26.076548
-2.567178,-32.610176,-4.278251
-12.14839,-31.159386,-3.531373
-6.5316706,-2.953158,-16.674606
3.0699282,5.421263,-7.130675
4.0402083,1.9650984,-20.86667
-3.4149864,-19.218483,27.5445
-0.69621617,-10.148449,38.59583
-9.571053,-0.5442474,2.2770185
-9.7019825,-11.414612,-3.3187382
-1.4284041,-8.163033,21.121561
-12.197052,-1.0766417,4.7074428
-4.464871,-22.21278,-22.332512
-3.1212149,-8.235544,1.6106967
-17.201027,-9.070517,-7.1230803
-14.351635,-26.470016,-17.362875
-13.79399,-17.166664,-14.838641
-3.153937,-18.586042,25.331728
-7.0685573,-9.655097,2.7042794
10.098645,1.3393812,-19.26555
-11.707373,-4.268222,-9.08864
1.1594787,-10.793706,16.646572
-1.3413607,-9.1629,-21.635992
-1.1929853,-16.528679,34.467728
0.3945276,-27.293995,-4.9868855
8.414266,-0.9159406,-20.232307
-2.5328803,-5.2919445,21.578743
-9.773972,-10.551676,2.2183375
7.0006633,-11.225294,11.277982
2.5104866,-7.213591,18.340187
0.58437884,-13.605534,10.879302
-3.7521691,-16.576593,-17.890465
-3.6851978,-36.44076,-1.0006961
-3.5471582,-35.560844,-8.535131
4.1124387,10.114154,-9.361864
-10.616344,-17.658468,-18.172523
-2.1128025,0.38939264,-4.840943
-1.6561683,-14.586158,23.460245
5.446396,-7.604794,-14.708865
-3.4302132,-31.406424,2.1142552
-1.9786927,-32.367214,-16.25962
-6.8673897,-34.00078,6.70683
-10.704567,-27.581856,-14.303992
-2.3784995,-4.8605094,-9.096495
-4.6721077,5.983849,-8.4313135
4.157205,1.9656311,-20.889252
-6.5609097,-17.267952,6.019
-5.388381,-4.4079146,12.732819
-4.972912,-15.585308,-4.6154194
-0.63784534,-7.9313235,11.07015
1.7015753,-9.18491,-11.745317
-11.223156,4.913914,5.268153
10.75036,-6.268012,-29.341347
-12.0995245,0.3916409,-11.039292
-13.616639,-30.185764,-13.845495
2.7367177,-11.955382,31.295069
-4.622891,-23.839678,-23.572474
3.6403186,-9.604419,-0.89368516
7.3608465,-13.96388,-12.260654
-15.797013,0.36099076,-17.880384
9.841633,1.0634997,-4.0178146
-9.145376,-10.378566,2.7759445
-2.761958,-31.499224,9.605184
-9.705893,1.2698884,-4.6595087
3.3038974,3.9080007,-1.456279
8.259454,-0.65454066,-18.735226
-8.189654,-24.593273,-7.5688148
-1.7698299,-28.5573,-0.3693853
0.52174115,-4.1634526,-20.397789
-7.7085023,-31.318262,1.8178093
-4.931433,-21.73973,11.23524
-11.586675,-26.50156,-17.08733
-8.355478,-17.791023,5.8279457
11.415757,-1.6067822,-16.883009
-6.915155,6.6281366,-11.927945
0.6590507,-11.615727,-18.981716
3.496748,-15.080474,-10.4726515
-12.101128,0.017712023,-0.9415736
-4.5138583,-34.188686,-11.163989
-6.720295,-31.409887,-8.949128
-0.42298663,1.481689,1.0787079
-12.613456,-28.33504,-18.345207
3.1786857,-14.541197,28.802876
-6.5029583,-8.256784,-13.293565
-6.265467,-29.793524,-21.237482
-3.908577,7.290404,4.7843137
-0.6049753,-15.005377,36.150463
-14.06258,-7.5877314,-4.580957
-3.5776496,-13.450934,26.003431
-8.214558,0.60531443,-9.8611145
1.6901672,-5.250359,-22.930504
0.7927081,-19.649887,-9.907297
-1.9848442,-2.1132576,-3.5843909
-4.9874725,-3.0733378,-26.156229
-1.7322705,-16.969072,35.82596
-11.082892,-1.7637364,13.077125
-7.6854486,-28.516043,4.923079
-4.1904726,-11.026328,24.161928
0.92228615,-5.309551,-26.287502
-12.736894,-11.107238,-17.491627
0.06359592,-12.2943125,23.48003
-11.454245,-22.787766,-12.600036
-11.731048,-28.98634,-10.994566
-16.867445,-6.028683,-1.0540284
9.108221,-8.349425,-13.757032
9.349919,2.2589276,-20.94608
-3.1586933,-28.369694,2.7563403
2.123036,-4.807201,-23.003805
1.3079954,-13.104961,40.10502
-11.286926,-21.30987,-18.336443
-3.1328042,-29.692883,7.137595
-15.537769,3.274774,-16.120827
0.4531484,-27.466011,-4.9587846
-3.3354983,-10.444636,-24.35947
-2.2266161,-15.76892,22.142197
3.708111,-5.445539,-0.43135363
2.6204464,-4.271819,-32.668293
-10.718263,4.563399,-5.0689316
-10.135569,4.0035987,-15.074942
6.4205246,-3.7256222,-33.240448
1.9250442,0.3326396,-7.6561604
-2.8347266,2.9006267,-15.397747
-4.7611055,-32.582516,-24.003246
8.484174,-0.9650916,-19.883781
-6.799165,-2.4446392,6.5637465
1.2792407,-13.119799,40.05023
-4.6940417,-3.0484004,-28.555542
-7.32925,-37.778503,-6.4575477
-14.591891,-10.270198,0.34241828
-3.3349226,0.07565419,-15.169651
-7.158639,-37.9228,-3.1290572
12.939817,-3.4219625,-14.709259
0.4377915,-2.1830301,16.589754
-0.6482153,-15.153036,37.392452
-2.5984273,-6.433233,-27.288176
-10.084113,4.771167,5.01153
-1.9066765,0.49854925,6.379825
0.85774153,-15.478679,32.846153
-8.325941,-21.154005,6.307201
-6.6176925,-11.18145,-15.208693
2.3476245,-0.15701571,-25.240955
-10.772195,-38.288177,-15.779161
-1.4443482,-7.5873184,-24.736029
-5.840303,-34.502586,-14.607999
7.925389,2.419042,-10.465292
-14.473658,-18.08028,-0.32524377
-0.0019285108,-18.272308,34.208076
-5.675616,-10.941622,7.0783725
3.950366,-12.514864,10.4000025
-5.777389,-29.832933,-2.2004666
6.860486,-8.131444,11.11804
-3.754752,-4.1681786,16.241192
-0.9440793,-15.663592,-6.7762556
7.642548,-5.829736,-2.715763
7.397622,9.158988,-7.6741853
-8.701101,-37.156544,-8.755108
1.5094784,-9.779577,-11.621842
4.905125,-2.8407688,-26.375292
3.9905202,-0.9157226,-25.847057
-15.158845,-2.6202,-10.476162
-7.0192785,-13.865896,1.3404866
5.4108453,0.634017,-12.239162
-4.4226494,-15.392538,32.351124
-6.087744,-19.35213,25.20928
-8.36807,6.8411174,-4.243949
-0.033398166,-18.576923,36.841118
0.05825073,9.620061,0.9982778
-7.8674283,-33.181984,-14.836933
-13.712495,-16.2088,-14.84381
3.7701662,-10.276603,15.138766
-9.767068,-1.0240521,-16.16109
-8.30396,-8.937563,-27.194193
-2.2554598,-9.662667,27.716703
-3.5864458,-19.580994,-10.053753
2.843566,-11.665364,-5.4151597
-0.058634527,-13.892321,-26.29738
-1.8397242,-24.963144,9.28672
-9.943211,-8.560287,-5.8374066
-4.2823334,-36.584866,-18.515644
1.2995398,6.6537156,-15.273931
-1.9047513,-3.6946218,2.7944233
-2.7918916,-9.687317,18.800983
-13.326636,-8.09343,-6.31716
-3.5611267,-8.517216,-8.099549
-1.4841319,6.913357,0.048174124
-9.782026,-38.532223,-11.380962
-1.3859625,-17.792448,-5.597039
-14.751009,-4.860997,4.1046824
1.9550014,4.9116087,6.9730554
-3.4694371,1.0450621,-9.364443
-6.5185986,-17.97314,12.182933
-5.3455105,1.7029305,2.6242359
0.07937116,-33.49749,-10.385779
-5.361617,-17.738659,28.828377
-8.597333,2.6331766,-17.439947
9.752693,-4.231736,-9.077583
-1.704585,-19.845913,-3.2495744
-7.9519796,-12.358611,-3.471675
-3.746688,1.3282976,-9.448066
-3.7342334,-22.21421,-0.3908057
-9.078181,-6.244349,-5.9464583
-4.034305,-30.220001,-23.011438
-0.39760077,-9.331805,3.9220777
-2.4102497,-29.056854,-16.673923
-2.140487,-1.096461,4.0181484
1.6938463,5.04025,-12.562656
-0.20965807,-27.326162,-10.843464
-1.1378108,-19.321339,-0.96564054
4.322466,-4.78254,-17.286524
-8.520763,-6.980977,9.916452
5.5068755,0.8630751,-12.241251
2.8628464,-1.300525,12.797426
1.084873,-8.896267,-20.32799
0.8726467,2.0997167,7.530593
7.67914,-2.5608234,-34.741688
5.8997035,5.020298,-9.538006
-5.5595975,-4.9333425,-22.35995
-11.846641,-26.069847,-22.46869
-2.3671076,3.983257,11.578457
-8.998323,2.8237092,2.1561594
6.1320086,-1.2810187,-14.880912
-5.9897814,-5.9937515,-12.712301
-1.3709407,-15.703719,-19.591822
-9.673294,9.230268,3.7154686
3.2031162,-16.936262,-15.7999935
-8.081167,4.8842807,-15.563869
-1.1978205,-8.837789,-19.875782
-6.78977,-8.69129,0.4569545
-3.266804,-18.273039,30.666283
6.9817333,-8.001447,10.95014
-2.031415,0.72823536,-2.5873492
-8.863369,-33.217945,-9.540611
-4.0988183,2.7045014,13.038981
6.61847,6.330207,-18.276741
-1.5468141,4.5305486,0.33267605
-0.32781684,-36.44538,-9.057607
-6.6320214,-29.602364,10.4454155
-10.729705,-11.245316,8.46096
-3.6363635,-26.956709,13.154367
-2.589602,-18.977463,24.051205
-9.2625065,2.4821134,-15.348435
-4.9310594,-31.533281,11.964979
3.6166964,10.069901,-4.8318863
1.8101392,1.490008,3.044675
-0.7674595,-5.4331856,-27.405079
-0.6787077,-18.232512,36.92176
-9.590581,-32.157898,0.9183695
0.511433,-9.695016,-24.986324
-11.130846,5.393244,-12.091539
-10.3445835,-34.441437,-0.122611314
-1.5063975,-26.8368,10.813952
7.7744308,2.5545175,-10.4816885
-4.6197176,-25.736965,11.086921
-4.5119586,-11.536737,-6.7009163
-11.073952,-14.644168,7.0071626
-13.541865,-8.198377,-20.702547
-7.884843,5.3973217,-10.438075
-2.830365,-10.813033,34.954834
-4.738917,-7.333864,-10.974143
-5.6250234,-32.211872,-2.5908403
-6.168015,-15.116951,19.090614
-1.9761951,-8.655249,18.448843
4.8271914,-5.440533,-19.95655
-4.6657333,6.7455077,-9.072421
-4.1075687,-22.540329,-19.259863
-0.6049552,-11.908987,-23.769178
-0.042623483,2.9656048,-13.362804
-4.5316906,-23.983337,3.6525178
-4.3049445,-7.3944135,24.889202
3.4999917,-15.204454,-10.401834
3.5245154,-15.744782,-10.051017
-1.7841684,-16.892742,36.02508
-4.1306777,-27.639225,2.7185097
-7.255944,-26.916925,6.0238338
-10.577118,-5.7897606,-2.8627436
9.028396,4.548726,-14.895389
-2.0292637,-32.768864,-2.8913813
-1.8565056,-17.47255,27.081785
1.7754903,9.422666,-8.491577
-13.808232,-7.239299,-1.7868425
-5.380449,1.7976618,2.6840134
-4.4851074,10.90349,-4.382415
-4.0929,-7.0877743,25.002808
-2.6787694,11.160375,-7.8119845
5.29896,-2.8989403,-21.423777
0.8568721,-2.656927,16.09927
-9.318511,-34.17987,-17.912317
-0.19812037,-7.153716,-31.19617
-1.8217489,-6.1718383,26.576088
-12.335958,1.9988915,10.372878
-8.410499,-32.224316,6.906716
-10.615774,7.1749053,2.2042086
-6.872663,-31.926334,-5.923371
-14.429383,-2.4797554,9.6605215
-0.72818315,-13.453463,34.41814
0.71843135,-7.8152285,20.88346
-11.234219,1.5151225,-2.732389
8.846072,-13.173289,-9.776017
0.16186649,-2.2315018,-15.826486
6.528298,-4.8638835,-17.639364
-2.7609556,5.9463267,10.035171
-14.024601,-1.5996252,-6.9663267
1.3379874,-8.20521,6.6326876
2.7039971,-4.592767,-32.480583
-6.556747,-4.2323384,-25.392246
-11.383204,-6.6666937,-25.37272
-6.3296876,-10.128559,-2.4949691
9.091543,2.0239875,-20.893696
-7.1599584,6.725423,1.7624397
-10.840217,0.044432033,-17.186773
7.500468,-5.638161,-31.721094
-3.4904475,-18.022345,23.323946
-1.7572415,2.4315507,-11.587683
-5.271645,2.155574,-15.846143
10.044099,0.83196205,-19.334345
-8.48331,-15.2572775,8.751027
-1.0627875,-7.710242,-3.3659182
-7.9796925,-33.36732,-14.642548
-11.741009,-4.623157,-9.087169
-15.804445,-4.0459785,-5.04399
5.2359815,9.033128,-20.02205
-6.574374,-10.513416,-9.309234
7.1360292,-1.9603711,-35.47836
-3.506455,-28.134146,0.36830953
-5.16279,-15.769278,23.143747
-5.0707264,-17.756405,-7.1120286
-8.674059,-17.417807,-25.105564
1.250389,6.678708,-15.2776165
0.18671604,7.0669074,4.001868
-5.2682657,-31.184141,-19.548437
-5.4512744,-17.63718,28.804182
-9.502612,-18.987186,6.9606466
-2.655042,-12.432701,24.15667
0.67255056,-16.957556,-11.017888
-2.5242152,-14.008097,-17.42094
6.038237,1.1407195,-21.425764
-0.9109781,-11.858911,34.36313
0.28210646,-4.187228,-17.810465
0.7813478,9.189201,-8.704339
-3.9800825,-22.585026,12.451656
-7.703165,-31.62447,2.2319744
-10.941108,-29.555325,-5.8431716
-13.997695,-11.608813,-6.215976
-1.5297995,-6.991064,-24.8245
-4.3707924,-8.052982,-2.9589567
-1.8877292,7.9618974,4.2500405
-5.702408,-26.637209,-8.818268
-1.7378856,-8.368791,-14.15202
1.2881335,-15.103759,22.7116
-7.3376584,-30.233627,-3.0440032
-12.518628,-10.196993,4.013488
-4.937828,-9.282124,-0.5455391
-0.11306317,-31.192383,-19.531382
-8.159548,-1.2223046,-4.4790044
11.6455965,1.6997553,-14.727799
4.613584,6.775444,-7.370274
-4.422755,-22.528927,-26.650122
14.245647,1.4766088,-18.460527
-6.7902126,12.019501,-7.115097
-2.1149955,1.7170942,-24.657736
0.10370872,-26.190563,-3.4818094
-2.428383,-15.728834,-18.460955
0.50472873,-6.9830403,-23.931883
1.8023053,6.092406,-17.667025
-6.813267,-14.061469,-4.213076
-6.09408,-11.866648,27.889275
-8.672846,-21.594866,-1.069331
5.429109,-9.773306,-27.071066
-4.8237576,-25.189219,8.881389
4.434486,-4.2165966,-11.947875
-7.05771,0.89311475,-15.6034355
-2.9785821,7.555955,-12.690831
-7.918524,-29.359179,3.783167
8.165029,-6.711734,-31.589285
-3.3562586,-17.257208,-8.29688
-1.8611543,-13.0353365,37.161148
-7.8184814,2.2469904,-2.061651
-1.0966167,5.0334244,8.9896965
3.7168214,4.6399865,-17.541138
3.2522593,-6.604197,8.300359
-5.3708043,-0.94807553,5.474796
-5.3631873,2.02571,-4.1722856
-8.025149,-23.95905,-24.641193
-3.3496323,-23.359028,-22.80048
3.7666612,5.9685965,-3.2889743
-4.197887,-37.94032,-4.949102
-6.7125125,-16.037622,-2.378939
-3.7886872,-13.523548,25.739857
-13.314772,-3.1752288,2.6756332
3.2748585,-0.46074364,0.7075953
-3.377334,-16.454538,-14.095195
-1.6034454,-6.3403106,-24.984762
-1.6273777,-10.23612,-11.736601
1.5874733,1.7158326,-4.212907
-1.9157058,-36.136364,-13.609813
-12.971872,-9.506598,6.8073463
-10.509816,-5.8700776,-8.370126
-0.55706036,-6.9355803,-30.660126
5.2264833,-12.069272,12.975746
-5.9263372,0.3581391,-1.9162899
3.5679302,0.07700183,-6.402277
-7.964957,5.555586,-7.526075
-1.030824,-16.467201,20.10092
-2.2136729,7.907348,4.172591
-14.486404,-18.06715,-0.25193584
2.4628906,-1.9934685,-8.731593
0.08663622,-2.2301612,16.702421
0.8455558,-9.272231,-4.215218
-5.331611,-6.3417816,-13.47366
7.576004,-2.8659663,-34.341553
-12.0446825,0.11199507,-0.9623621
-6.602908,-10.450461,24.925856
5.2578454,-0.2428898,-26.124147
-7.990689,3.485556,-6.5548286
4.558474,5.2672133,-14.66175
-6.8007083,-8.111441,15.193333
-2.5709815,-4.5691295,12.819153
-9.539499,-7.64482,12.080233
-6.78895,-9.054101,-28.077751
-6.706397,-21.512222,-25.622456
2.8312156,-26.655912,-16.179085
8.599066,-0.5044526,-9.516759
-10.947245,-5.6049232,-1.6559277
1.3284347,-22.078362,-11.950474
-1.7658771,2.572966,-5.8058267
-1.3913445,7.4799767,-13.686114
11.552143,-1.2405581,-19.490114
-5.343743,-25.623873,-13.205194
-6.2374105,-23.75423,-19.508478
-7.945706,-3.72006,11.769718
-9.84771,-21.001331,9.352013
-7.1210384,-12.862037,5.153992
-4.492846,-30.589779,-14.1969795
-13.743253,-14.123093,-1.1060721
-9.37793,-10.587367,7.701259
-9.81448,-16.496773,-0.62659025
2.632149,-10.830842,-31.294827
2.7365286,-2.1288571,7.9688044
-5.6837854,-12.72878,20.01931
-4.613949,-6.607954,11.688717
1.0336182,-14.843433,16.468178
-7.4423003,4.707907,-18.795395
-3.005522,-7.0763702,13.776671
-5.8886795,-27.4787,11.268529
7.5742617,-4.8303475,-31.682426
8.496229,3.7427607,-18.308186
-0.5836519,-11.455483,35.39341
-9.80041,2.5874221,-13.788678
-5.9667273,-35.103058,-8.20496
-7.2378035,2.0096083,5.4402413
-3.8233795,-14.861308,-9.846406
-8.882341,-29.33631,-23.679436
-8.153838,-2.0862832,19.222214
-6.603566,-26.033861,5.683822
0.5397311,-21.082306,-7.599699
-4.2284665,-30.761639,8.310159
-1.008643,-15.150246,10.101454
1.0380514,-2.9631226,15.532613
-2.8655407,-33.86477,-14.813584
0.40398154,10.624474,5.921219
-1.5814838,6.4575195,0.056141
1.7165197,7.964501,8.530876
-5.6106234,-4.3835063,14.591247
0.8988256,6.7154264,-7.0398135
-7.669438,-25.808372,-4.2025175
-4.252826,-14.093971,-27.457298
-2.7644033,-14.234477,-29.768911
-7.8889656,-12.354728,-3.482973
-5.053567,-0.52763283,-25.903614
5.322923,-10.364265,-22.91036
-12.870142,-13.306111,10.404257
1.2152092,-12.649915,8.857021
-2.0337143,-11.094831,13.587906
-1.3850424,-8.515745,-14.653802
3.3335059,0.21807705,0.70437545
-9.692964,-16.414871,0.039084516
0.7142792,-6.255535,-17.735384
-3.1522653,-9.008578,28.951506
2.0302284,9.464793,-7.76996
-4.1479616,-10.951413,16.771547
-9.01026,-25.646137,0.062009107
-11.93999,0.008994701,-10.386955
-1.1226314,-8.091811,11.800687
4.957913,-13.693437,-15.6762295
4.4937053,-4.088793,-7.3160634
-7.388898,-36.770393,-14.432107
-4.5409193,-0.51728445,-22.626637
-1.6253059,-21.45958,-9.895597
3.600469,-5.4014173,-0.52670723
-6.7425337,-33.237556,-1.1613228
-9.392337,-4.5627766,19.765623
-4.2298136,7.2326803,1.0802602
-2.5774817,-1.848775,0.6593844
-12.663219,-12.041002,7.965736
0.48923782,-13.778386,31.952757
-4.4673924,-22.05635,-22.35453
-1.973426,-17.07373,-11.08042
2.5524611,-0.27366605,-25.33177
1.397997,13.852037,-7.5776553
-11.76002,-29.118473,-11.09601
-4.875308,-22.245436,-26.638325
-10.523557,-25.245993,-3.6954942
-3.33477,-19.89331,4.5272126
-8.828088,-31.886583,3.8742962
-4.3559265,-12.899967,32.898697
2.6709194,-11.568885,-10.873491
-13.223232,-7.764937,11.406523
-8.779455,-13.969134,-19.25511
4.310836,-3.6757593,-28.27268
-4.6063538,-8.822464,1.9766887
-2.2824633,-5.539072,14.953658
1.1949481,-6.364949,-4.164415
-3.5410526,-36.48263,-0.77165246
-11.463556,-14.504495,-2.9662762
-3.0007195,2.4105215,-4.1759353
-6.8015,-17.957695,-5.9267607
-4.9350977,-15.450035,-0.18866397
-10.770622,-5.7398624,-2.1848404
-10.538096,-0.04081302,-11.578902
5.8272376,-2.1540318,-7.7884607
-10.336215,-36.38095,5.8826246
-7.7063622,-11.44724,11.096417
-4.6752973,-32.312725,-23.94075
-6.4830256,-33.200138,1.2395025
2.3877962,1.003558,-5.3101087
-8.59165,-17.42879,-25.110353
6.5995026,-11.430371,11.730514
-12.310695,-34.572697,4.7524395
-11.241419,-19.823036,-5.6423745
-2.9187398,-38.35406,-14.404673
-15.422953,-6.9869423,-0.9862928
-9.497842,-30.929285,-0.59516466
-1.7996544,-9.091891,26.361765
-5.914341,-35.318066,0.02942847
-2.8942792,-29.53981,8.158946
5.027691,-10.609961,-5.579183
-2.791464,-0.57046896,-14.595198
5.4329815,0.7119644,-12.261289
-8.91432,-33.772064,-16.2791
-6.5244308,-26.882214,-2.3368406
-4.8329916,-28.566446,8.803151
2.6021602,-6.7989492,-32.83207
5.2756877,-6.784045,-12.164126
-0.37083638,-5.8360586,-23.833778
3.7241251,4.2309947,-17.250433
-0.9928429,14.920921,-2.2677593
-13.332614,-7.169605,-6.3872156
4.384539,10.550202,-6.7765617
-8.1690855,-2.0707643,19.224812
10.8687,1.236088,-14.4053545
0.62840235,-7.6168437,20.738447
-5.956448,9.396816,-9.412264
-8.938986,-8.834086,22.287367
-0.25542545,-27.67556,-14.053644
6.2687826,-8.11996,3.4416614
-3.6349697,-10.480866,22.152998
-11.119375,-5.286316,0.6485031
5.456179,13.489961,-1.0295725
-7.9474564,-20.772566,10.461231
7.1260586,-4.8753605,-28.392109
-5.769608,-30.109667,-12.163042
-4.98047,-15.508332,-0.16183741
-8.537613,7.367277,-11.19691
-2.3508353,-11.185275,-9.665207
2.823932,-26.604164,-16.822308
1.9298894,-18.135366,32.602173
0.53197557,8.029157,5.403585
7.008617,-2.955191,-25.95034
-1.9413412,10.394279,-12.814971
-5.61857,-14.176118,33.784992
-6.537627,-18.89259,25.576006
-5.9654818,-31.139048,8.51419
5.5396585,1.5215623,-11.993887
-2.8460686,-25.544914,-6.6292486
-0.7908496,-30.576859,-21.717367
-5.8470163,-6.055177,-12.872089
6.2020507,-8.374259,-30.10069
-8.213962,-22.673435,-8.177274
-5.656352,-22.60239,-24.095963
11.884869,-1.4192649,-16.955233
-4.3466535,-26.49706,-25.880371
-3.4565785,-3.8148322,18.047161
-2.089001,-26.842646,-0.13833171
-1.1435137,11.003011,5.317596
6.055132,-3.6438391,3.0939662
6.6241984,-10.559781,-28.198854
-8.1008005,-12.876491,1.6831126
-0.5208491,-17.519464,-2.1914694
-9.654541,-2.8691888,-6.3041487
-8.597229,4.755694,-18.062767
-8.010933,-33.410988,-12.761334
-4.0997486,-15.301689,-24.84349
-11.731139,-26.094774,-22.455877
1.0384804,-13.356608,31.615896
-0.36906043,-12.407536,39.969364
-3.8197618,3.4470675,8.886655
0.14842321,-23.260695,-5.1261153
-7.293302,-30.951248,-0.11516483
-6.589653,-2.2560382,-26.413822
-7.0609,3.6355839,2.5771656
4.003299,-4.4903545,-30.98452
-8.614018,-26.292358,-25.811493
-8.179869,2.2255757,-2.12173
4.489645,8.36165,-10.465105
-1.4439347,-11.328704,18.886414
-9.188877,-8.197601,11.081887
-13.214242,-7.7640686,11.412595
0.73693156,-9.458481,18.69788
-2.1916008,-12.768938,10.494803
3.4097543,-0.015146444,-6.1966634
-8.234548,-22.776102,-5.697301
2.4584167,-28.944399,-4.860788
-11.376375,-5.457625,-13.353573
-15.037835,2.928898,-0.698035
0.5047421,-6.996405,13.653683
5.763133,12.835559,-1.7742982
-7.674252,-31.825323,2.354556
-9.467731,8.615442,-7.1952815
7.2119536,-2.6469123,0.90965724
-1.3311287,-4.545937,0.48789167
-3.3513706,-18.280642,-6.7756147
-3.1889176,-11.8782015,23.977654
-2.0499954,-17.026007,34.020004
-3.5166705,-19.394657,-15.549742
-3.3924382,-15.257346,-10.307667
-3.311247,-18.761358,30.766417
-10.882162,6.3176713,-7.768288
-7.9480114,6.0716534,4.3871083
8.824925,-12.001789,-9.805704
-0.105923645,-14.223697,26.130812
-6.4939046,-23.585873,-22.913208
-3.5729964,-16.452194,-17.99684
-18.118225,-5.1703467,-9.294781
1.0227442,-26.593885,-20.574697
-5.0888276,5.7237945,-20.384071
-4.926692,10.29871,-4.177129
9.94283,-7.6990905,-11.79672
-10.907105,-9.655661,-14.261318
-6.533841,3.987368,3.4813263
-7.451859,-22.82128,-5.312073
-10.234564,6.164707,-0.6470934
-13.8134575,1.2843646,-12.173371
-2.279874,-32.04097,-0.10622987
-10.466656,-22.779943,0.58351266
0.12403437,-10.68332,33.863304
-2.363793,-23.953835,-21.903082
-3.2221138,5.9264483,-21.172422
-4.1855335,-31.433266,-7.717987
-4.011114,-13.35531,-0.533014
0.30145845,-17.32306,39.95699
-11.236517,-14.781011,-2.1051493
-2.3561838,-16.098215,15.1912775
5.0835357,-8.854699,-30.743946
-0.38488635,-2.3126838,-25.69113
-12.590442,-23.20162,-18.948397
-11.50388,6.964424,-16.510878
-1.9694042,4.738718,-11.297162
-7.578416,-7.6477118,-24.89692
-7.0027533,-32.845146,-24.427715
-11.45945,-22.72699,-12.551242
-0.09336808,7.0819845,4.2522264
2.9093137,11.575797,-2.9606323
-5.9706173,-21.526554,-19.445393
3.0027418,0.8732361,-12.653602
-10.087793,-0.80416536,-6.4116797
2.41449,-11.917864,0.9829655
-2.320538,-9.163602,-6.480732
-4.230411,4.421729,-17.680569
-6.9493084,-23.751131,3.1734164
-17.209314,-0.11715663,-16.260738
-11.255773,-19.844097,-5.6728406
-5.038774,-15.495066,-4.8693576
2.909367,-10.157008,6.74528
-5.6921043,-19.666225,25.136553
-1.6270263,-14.133672,13.117513
-8.206217,-5.8667855,-18.969385
3.4680617,-5.651651,-26.592255
-0.9708574,-16.785055,0.13932939
2.2753878,-4.9217873,2.0596452
-11.3292055,-7.6590257,3.7431028
-16.3263,-7.67599,-14.840191
0.20032933,8.453019,-2.40385
-1.0120571,7.5486407,7.2337546
1.7868509,-9.65221,-25.428219
5.6329527,-13.010013,-18.512741
-6.243317,-24.062931,-19.35328
-0.05495808,-23.483541,-17.624985
-11.293719,-3.8255644,-16.571932
-2.7773736,-36.79184,-15.003007
0.3671341,3.0483024,-15.241606
-0.7890812,-23.334625,-4.3650823
-3.8954062,5.9498487,-5.966516
-13.320308,-33.565018,-3.1225295
-1.4250813,-16.794304,-10.553171
-3.6091888,1.3328087,-0.7683451
2.7188218,-16.701681,-18.39439
3.086001,-14.570728,39.48401
9.633123,4.637414,-13.064092
1.7745421,9.463157,-8.060634
-3.898333,8.748001,-6.0238137
-2.2432241,9.27103,-8.421224
-10.948651,-20.889566,-16.135569
-5.202404,-26.31543,-2.348477
-7.9758024,-23.201078,-14.154628
-7.5484276,-15.911024,-0.81156397
-4.589507,-26.158195,6.2351274
-6.288302,-16.8943,15.618709
-4.1749387,-9.463244,-15.916069
-6.769148,-27.553028,-27.611893
-10.258617,-6.1878924,3.0686734
-0.5850008,-11.117629,-24.091536
-14.548686,-26.376654,-17.447096
4.4094443,0.5642494,10.051315
-5.1529803,3.1681948,2.3691628
-8.563977,-11.046383,-6.335134
-4.173663,-2.841268,-1.1997935
-7.0967183,-17.403032,5.967009
-3.2444973,-7.755851,-30.995323
-8.338577,3.3242996,-16.176172
0.7770036,-9.425754,18.743008
-3.6234634,-29.127134,-7.6777344
-5.1370444,-33.182278,-0.44485497
-2.914858,-20.548925,1.6855818
4.47812,2.1315253,6.2556453
-7.271859,-21.646206,10.758874
-1.1292747,7.364329,6.5605407
-4.501752,-4.1952443,-10.811234
-4.508752,-8.31111,-19.270555
3.5984,-9.701092,-19.232975
-4.7161474,-17.26063,1.9653816
-4.4308014,-37.329235,-14.024163
-6.2750983,1.1259843,17.424192
1.6499151,5.878804,-8.451775
-16.320797,-8.100655,-15.613934
-8.22031,-11.448989,1.1850301
4.3327713,9.476071,-9.860951
-4.5336804,-29.56111,-20.823656
-3.2549963,-17.663355,-5.3308268
-1.8947232,-13.595839,21.439579
-3.9234085,-19.299763,1.7848724
0.29914477,-6.934791,-25.602558
-1.0971724,8.536114,1.3710309
-10.113317,-35.437366,-12.962689
1.0247391,-12.86231,9.353548
-4.327831,2.4924521,-7.612416
-7.827694,-20.931444,-21.859919
-1.4225916,-21.578707,-25.594677
3.598569,10.327652,-4.6646457
-3.2488625,-3.9675868,-19.719732
-4.937884,-33.107933,2.9829328
-9.589865,-31.014702,-0.58520824
-8.511218,-26.427385,-15.638666
1.505287,-17.335247,24.91315
0.90017426,4.025676,2.9177396
-4.941884,-33.496506,-6.623231
-5.142203,3.7732446,-1.4210953
-0.63127095,-13.948364,25.886272
-4.750952,3.019671,-10.85221
11.407845,-3.7142954,-4.1337075
-5.3289022,-6.04744,-10.584912
6.2062097,-7.0637302,-28.81495
-7.249323,-37.977814,-14.592605
-2.6541393,-15.172663,-6.351979
-1.7986128,-5.978925,-25.92133
0.42560932,3.007125,-15.249218
-9.596216,-1.876699,6.7642097
-6.6857657,0.30072007,-15.903051
3.6390498,-12.707494,-28.551067
-7.556018,-24.289982,-14.681352
2.1548684,1.512085,-11.486759
-11.250163,-31.823404,1.7482821
-0.29213265,-7.1684613,-31.374975
-1.0119274,-25.53027,1.3288031
0.009940562,-11.704624,21.143826
-2.8887293,-15.066753,-6.3052206
-7.0069776,-9.39558,-2.5149546
-8.265537,-28.088957,-13.167914
-12.366157,5.834395,-14.975892
2.718741,-8.279834,-12.140791
-5.0999866,-31.615017,-1.0243887
-0.8707284,-29.072138,-13.698434
-7.960837,-25.500237,-20.966843
-0.5526419,-5.7625394,-23.858263
-5.362577,-25.481833,-15.698266
0.89723116,-4.794795,-28.653572
-2.323166,-15.32037,-6.43266
-9.481299,-16.268227,-2.0910897
-7.3038077,-23.012465,-4.372919
-2.8391798,-16.846775,-14.875354
-8.478728,-26.62328,12.100474
-2.8098407,-17.943758,28.830807
-6.316136,5.4248295,-19.949913
-2.2166357,-7.2111835,-17.282326
-1.0545566,-23.971666,0.17820482
-13.250552,-3.1916163,2.4985375
6.1843987,1.1904352,-21.642166
6.155266,4.804132,-13.871506
1.2512025,-15.596121,-12.819833
-3.686954,-3.9440508,-21.42075
5.4994082,-9.08313,-10.15849
-1.7657534,-11.104775,13.470016
-4.8247733,-29.018698,-10.489319
1.1110598,-10.778124,16.63589
-10.442847,1.4661053,4.5653014
-6.3489933,-24.589924,-1.9521896
-14.735135,-3.3154817,8.651776
0.64343256,9.970922,-17.586933
3.109564,-17.073788,-15.359428
-12.132993,-33.015793,-13.620342
-8.437637,-32.255352,6.9175396
-9.713824,-14.684515,14.518754
-9.135655,-8.638464,16.495466
5.7628927,-6.8662305,-6.1810174
4.595879,-3.6737459,-29.428543
-1.8502868,-29.23652,9.622445
-8.629446,-0.8740128,10.951901
-7.6159954,-1.1935155,0.890795
6.9787717,-2.0167947,-25.066114
-8.517925,-0.8961578,2.620933
-3.5164306,-10.032014,-0.7821214
-15.052842,2.935679,-0.7318672
-2.8839965,-10.970792,35.117577
-8.825864,-29.572708,10.166814
-6.226909,-20.01467,-16.724699
-3.0969303,-17.270132,-23.273327
-11.574809,-2.6416366,-19.279926
-10.877872,-28.54562,-3.8130763
-3.5192237,-1.7539285,-13.333994
-12.634234,-28.269463,-18.212769
-10.113921,-31.587423,-19.100147
2.032771,6.1013465,-18.19322
-8.941921,-10.407155,2.8446164
-5.2304716,-9.722709,-12.237554
-11.580216,-31.119476,-19.384502
-4.5076375,-21.585945,-1.8854123
-9.601718,-33.727966,6.5560813
2.7078416,5.8145256,-18.843632
-5.33133,-27.97183,4.9167595
1.0836953,-3.2760491,14.80931
-9.965728,-29.308043,-11.126081
-10.837267,-8.352837,-7.275647
8.497442,-3.401395,-13.751633
1.777683,-7.537206,5.6003933
0.6048827,7.0951233,-23.420588
3.3872464,6.485873,-3.1582057
1.8314528,-8.347616,-31.918938
-11.038727,-8.7851305,-4.492889
-1.1366771,-33.8005,-20.674475
-1.2025731,4.440599,8.099027
3.9181929,-15.623949,-23.627901
-0.22987927,9.854943,-10.326275
2.0892918,0.57793653,-23.181187
-6.1650367,8.571567,-13.743021
0.06606494,-5.1441784,22.384607
-9.5033655,1.0693426,-14.286505
-4.8048286,-17.089678,1.6911944
-11.543168,-2.5924869,-19.332302
-13.421297,-6.9532557,-6.621178
-1.558736,7.155751,-22.203264
-9.595199,-5.066078,6.4648848
-8.92423,-30.447268,-13.584357
-2.6351354,-3.927784,-8.263138
2.844101,11.315671,-1.975674
-8.597329,-40.379154,-4.3221397
2.0753841,-4.373862,2.3894172
1.2916765,-15.757732,-12.618864
3.2061765,-16.896732,-16.03627
-1.7258437,-32.484257,-9.910778
-8.279908,5.943072,-12.748384
-6.9678216,9.620637,2.2434418
-4.8363314,-0.7952783,5.595834
2.3457415,-11.51238,-5.195107
11.327967,-1.1297446,-19.606604
-2.4698396,-37.964844,-13.673504
-5.4637337,8.951119,5.3253183
2.959638,-4.7992883,-30.012384
-2.2697408,-3.9233913,-29.585611
-4.3825755,-33.697285,-7.179681
6.217661,-8.606941,11.7895
-5.8557878,-35.32367,2.39749
2.8794343,9.753883,-11.766216
-10.472286,-5.9637346,12.599836
-1.4097991,-9.915779,-2.3436558
4.9821267,-6.097203,5.5163994
-11.768563,-22.530796,-11.923381
-2.817308,11.593885,7.103131
-3.7556615,-4.9840903,-6.0334125
-4.91922,-8.455854,19.401556
-9.301032,-0.81817466,11.632429
5.0353003,-17.620857,-4.248874
-6.3642893,-18.371538,-9.642893
5.2387047,-5.250109,-28.352
0.57598394,-4.224092,18.630484
-10.430892,-2.508893,-2.5450382
-1.6043296,-34.82898,1.8787565
-0.39275107,-15.005191,37.610077
-8.448504,-9.3816595,20.097244
3.4694002,-8.417191,-29.135931
-5.750179,-27.671238,-4.719489
9.808003,-4.604389,-17.781748
4.1907086,-14.122716,11.651318
-6.441871,-13.070545,16.862427
2.1595545,-26.291431,-11.362599
-3.3635733,-11.952163,17.710516
11.411169,-3.7062604,-4.1262445
-8.19214,-5.854698,18.43793
-9.254395,-4.715994,19.734764
-8.597703,-33.40803,-9.38398
-8.425753,9.284597,-9.4103365
1.8445491,-6.3240285,-30.404243
-3.9936447,9.064156,1.8563762
-6.5557585,-20.441307,5.83262
-9.080171,-8.657283,-22.202755
-4.1247544,-34.51237,-3.4611902
-15.407352,-15.552875,-10.705232
-7.9678802,-33.820515,-11.199756
-2.7655756,-28.2329,-8.211691
-2.195411,-17.90001,19.433138
-3.5306773,-27.999722,-5.468611
-10.676589,-3.740281,-16.542692
-3.045274,-11.9088,-6.5025325
1.3901788,-5.6925807,-8.431474
-3.9920812,6.04356,-5.794373
0.4460353,-7.08861,13.621294
-1.2231592,-4.823056,21.39484
-4.448051,-26.342772,-22.340082
-6.9759655,-11.184385,7.66002
-10.329305,-32.502796,-11.398944
-6.2409415,7.491539,-0.19896996
-7.481755,-7.5293517,-25.01998
-9.204464,-34.645344,-6.4655547
-7.6053176,-24.981436,0.31999552
10.110188,0.181647,-24.991995
-10.323082,-29.119715,-11.138142
-11.9879675,7.0939093,-15.800664
-13.673782,-3.706158,-11.864759
-3.9293518,5.529701,-6.6403494
2.8467255,10.883999,-1.195867
-5.9069796,-33.25519,-11.1025505
-0.55463374,-5.441139,5.0209637
-0.9212063,-6.62722,-21.553871
-5.870246,-33.49398,-9.232372
-4.493663,-28.916931,1.0479461
-3.0770838,-33.56288,4.5246973
3.2611127,-0.9661781,-15.191138
1.6171978,6.070414,-12.133072
-11.129038,-29.602505,-6.415893
-0.6475381,10.122186,1.9309609
-9.344892,-32.24893,-11.8137665
-11.192898,1.1560667,-5.191405
-8.014537,-7.9941354,21.953835
6.8095083,-3.1035662,-26.00685
-6.418957,4.1163406,-14.8169775
-2.7514577,-25.177662,6.665563
4.745838,-3.5532393,-29.223831
-7.2472963,-38.226143,-9.343274
9.700891,-2.2332063,-16.211273
-2.248849,5.476929,-16.136915
-6.4669404,-10.79206,-1.2347255
0.31500074,11.67943,0.44079763
-12.015965,-21.988125,-3.0530708
-8.988805,-14.796263,-18.800173
5.043043,-5.6871414,-20.205408
-6.723218,8.164347,-6.91292
-0.8583605,-7.0783405,-5.326904
0.5086883,-17.225027,39.95878
-12.033734,3.8993633,-11.598896
-8.152256,5.1504955,-1.659511
-1.4358522,-29.308634,0.32497382
-5.790825,-29.883894,-12.81139
-5.592246,-2.9894178,3.8957453
-1.5476476,-7.492633,27.236315
0.36262462,-12.436943,14.553058
-4.562903,-15.308837,32.29565
-11.163561,1.106285,-5.2272606
-14.594089,4.0318227,-6.653925
-3.1691318,1.3434227,-16.915306
-8.216128,-32.08495,-17.802912
-12.821345,-0.9919768,-0.46058318
-2.2256813,5.030498,-0.897568
-12.390322,-0.10232194,-7.020896
-6.9569435,-14.087924,29.159443
1.9635338,4.23145,3.6417308
-3.2476525,-1.3577622,11.704835
-6.9649334,-30.991749,-5.48841
-7.3832045,-18.324778,1.2127166
-11.836255,-27.135254,-25.459433
-3.3399296,-10.467665,-24.339567
1.3424419,-12.407275,8.491588
-0.586545,-21.033842,-13.484562
-2.4877768,-33.417923,-6.597912
7.636761,-3.4358428,-29.072113
7.023771,-3.4729176,-33.531677
-15.106942,-10.618965,-2.9903746
-2.795312,-12.642264,35.21635
7.1529403,-1.1585147,-4.207636
-5.8199897,-13.633733,31.637354
-5.4254813,1.1238042,-9.661517
-6.425384,-13.815035,24.332611
-8.897454,-24.92065,3.143674
-13.572499,-10.713814,-6.7794313
-6.7554793,-27.507147,-27.616293
5.884316,-3.6000183,-9.905823
-3.8879392,-19.018856,-0.71008843
2.0708756,2.5740318,-11.815516
-2.0805805,-20.628437,-4.017685
-11.896944,-27.169056,2.4277875
-4.6392236,-27.931932,-14.869168
-0.7885368,-12.631028,-17.849737
0.80711937,-13.1749735,27.406157
6.1337714,3.1190822,-3.2463326
-3.3978055,-14.647759,20.453657
-6.606476,-35.919357,-12.781862
-5.5661926,-3.225972,3.9396853
2.9272985,-7.2198596,8.17009
1.3452169,-5.393954,-3.11878
6.6083426,-12.24378,-1.540198
-4.4694886,-13.662008,-10.007466
-11.068964,-23.820942,-18.00239
-2.9493878,-8.315625,-28.677628
-3.6799815,-3.9946072,15.853716
-0.6478125,-32.48106,-7.121778
-6.329272,5.0676217,-2.6900008
11.96854,-0.15429564,-13.624395
-7.0119605,-37.62586,-9.428076
-12.443032,-25.461267,-19.730228
-0.5567599,-13.529382,16.05885
-10.357837,-22.488615,-20.18916
-6.948537,-33.380253,-0.8034463
-2.4670148,-11.399492,36.34664
-6.4829082,-0.28407827,-12.802705
5.098674,-8.413426,-27.941776
-6.786718,-35.354713,-2.375551
-9.508594,-8.675224,-1.6128246
-10.0661,6.416669,-6.6759768
-9.902507,-10.584149,2.2123988
-0.80212307,-10.154231,13.264651
-4.1136675,1.0661861,-18.593266
-5.046172,2.2148876,-4.0594563
-10.070358,-23.179422,-16.776148
-10.215377,-2.7025378,-23.078867
-0.21927916,-14.265744,-14.943397
-15.042285,-26.19516,-17.545277
-9.497385,-21.965466,-23.023048
4.0913234,-4.7465844,-11.208746
-14.538027,-12.600362,8.24676
-5.2736835,-17.835611,20.51751
-9.262232,-19.816048,-22.276218
-4.6466823,5.808461,-20.561613
-8.224912,9.438403,-9.385077
7.627467,3.9957278,-4.953351
0.049757008,-23.557278,-17.724955
-15.458125,-4.3477736,-19.31602
-5.050663,-17.62635,-7.1833453
9.791504,-4.459989,-32.80947
-11.194982,-26.047451,-22.25877
-13.999403,-14.394129,-0.98142445
-1.7432722,-13.512537,23.403105
-1.095212,-17.204483,-9.224395
-3.575954,-24.168142,-9.155986
9.283009,-4.1013365,-10.322098
1.3372726,-6.5522895,-4.059528
-5.946974,-0.41431424,-19.410204
-10.380873,-25.252714,-3.688622
-5.0687175,-0.21319719,3.1917362
6.786935,2.9674668,-25.138937
4.393862,1.2280599,-1.1056675
-0.43467772,-6.7741246,-4.9828506
7.5466394,0.05893359,-27.139334
-2.3808393,-8.599367,-8.180169
9.612635,-0.6034632,-28.598694
3.5258586,2.4489236,10.629498
-7.626195,-36.4342,-16.720179
-1.5972885,10.003155,-1.5060457
0.13546373,-0.03746538,1.0575668
-3.6500816,-21.471945,-17.463718
-9.0470915,0.5361126,-20.717905
4.3473306,-9.597101,-14.543745
3.1950848,-1.0865436,5.023376
-12.716494,-28.875677,-7.421234
-1.3401,-16.564507,14.650044
-1.9398836,-29.604378,11.9789715
1.7055806,7.734856,-5.4738536
-2.735402,-19.324419,30.095755
-12.718614,-1.4614847,-6.6014543
3.3255994,-8.276413,-14.750684
5.9944606,7.021425,-12.49895
-6.4976687,-4.949134,-28.28804
-14.012937,-11.658222,-6.1853943
-16.49106,-26.321106,-15.925964
4.0469804,7.6065574,-10.591637
-10.32337,-37.214165,-4.986372
-5.1976995,-15.031922,14.295036
-0.5717081,-10.324957,38.680088
7.121126,1.4426153,-15.2082205
-9.789648,-38.42581,-11.502585
-8.28868,-24.281324,-7.7281904
-4.557569,-0.36938763,-15.162424
-9.580432,-34.576195,-2.4044833
2.5583162,-24.934278,-8.715572
-0.39252344,-17.212048,23.409792
-2.694281,5.565229,-7.0801077
2.7735353,-8.029127,-27.138882
-5.1631227,-19.614214,-20.643354
-12.049694,-9.964071,7.0347304
12.001356,-3.3960426,-19.066092
-9.692118,-1.0975286,11.995239
-7.7403355,-10.910676,16.171598
0.9648223,-8.016762,4.5091987
-2.2550144,-29.711895,12.94607
1.2672672,-2.400893,-1.3401613
-7.545232,9.690522,-4.306841
-9.200551,-7.9846206,-12.165334
-3.0819943,7.79402,-3.0364308
-1.882805,-0.6742822,-17.514156
10.126772,-1.8007277,-26.335346
-9.837359,-12.961613,-8.489328
-2.4378438,-8.738777,14.546961
-5.389578,-21.393272,-2.176542
-11.908494,4.5172095,2.9271708
-10.57256,-7.0761156,13.106417
-7.2393417,-34.570477,3.9373567
8.527693,4.320513,-6.9096146
4.36325,-12.7433605,-18.720043
-13.392905,-33.50879,-3.138459
8.847404,-2.2188225,-21.742556
5.9262033,-4.763581,8.181785
-7.112844,-37.653217,-3.620703
1.754034,-7.299506,5.41321
-2.967938,-16.529423,30.898369
-1.4620064,-12.929023,37.172928
-8.233739,-9.511731,-19.140608
-3.4110312,10.561838,0.0018849492
1.0100505,-16.855387,-11.202258
-12.448301,4.840953,-15.01424
-2.704632,-26.667915,-6.1907053
-3.5345845,-17.881935,-6.0938
-1.6092149,0.48299783,-21.494312
6.3219743,-8.654878,-17.616041
-0.4700514,-33.84539,-0.43139973
-2.351219,-8.552405,14.841597
4.171516,11.068851,-6.9634123
-10.965633,2.3968766,-8.197123
-2.444456,-17.064842,3.5741432
4.542243,-2.8757465,-30.146595
-1.9047133,-2.8862681,12.650281
-10.30335,-29.457184,-4.799651
0.2590038,3.976293,3.1953058
-5.045915,-31.4671,-19.536081
-2.641534,-11.907827,22.98757
-4.276163,-26.098742,-25.726812
-4.168557,-37.952774,-4.9638896
-2.7747226,-31.5475,9.169527
-6.700665,-28.638655,-21.13804
-15.212894,-12.00438,7.7117176
-0.19751239,-11.658406,25.450336
-9.923053,-24.625513,-22.905159
1.8583395,3.1895285,-21.256035
-7.4148793,-2.7639847,11.302654
-7.891842,-33.682346,-7.0708833
4.96732,-8.709871,9.391096
1.0997595,0.97585875,-24.83044
-9.480076,4.2093105,-13.366683
-10.427089,-2.0210106,-11.956653
-7.515308,-5.9145045,6.597726
-4.760986,-12.336075,26.65784
-5.2410593,-30.243929,13.106539
-7.259491,-6.323184,-25.230387
7.8671584,-3.1416469,-17.93472
-7.6051307,-6.226315,14.763435
-3.5075626,-28.542519,15.165168
2.829226,-26.63348,-16.47114
-4.2949057,-25.847857,-25.463787
0.95225596,-16.306953,28.94431
-6.988628,-32.83999,-24.43002
-15.738669,-4.3485084,-19.155575
0.8228627,-12.609435,0.79570574
0.41569945,-4.0277243,13.997654
-11.981831,-26.219362,-5.1602697
0.897979,-15.428166,29.381283
-1.0867577,-12.845319,16.321947
-6.6039577,-23.616167,-0.2096901
-0.010138274,-4.5877204,13.901157
3.7670612,-1.5708941,-36.211105
-15.167295,-1.8784881,-8.498037
0.20813145,-9.9252205,-31.562376
-4.3754716,-8.345699,-3.809305
-12.741483,5.1913238,-18.678783
-4.967776,-0.81708276,5.574668
-6.0549617,-29.719,-16.220657
-0.97998357,-4.5476217,-5.37155
-11.327838,-8.08505,-7.6887226
-3.5846136,-15.736619,20.020638
-3.5656075,8.246939,-9.474634
-9.783167,-2.2769933,10.179726
-8.485919,-37.883175,4.680181
-0.07165943,-10.686104,39.165207
-10.749615,-23.940819,-14.057328
-1.350534,-16.459812,-10.285637
3.5268223,-8.671157,-5.739537
-3.1387153,-11.605186,24.021133
7.3898296,-9.101622,4.6595836
9.976599,-2.0916286,-16.271551
-0.5316885,-34.838203,-14.766877
-10.189211,-14.726745,14.338978
-4.0146403,-22.523882,12.42166
4.216072,-13.352849,-5.5148993
-10.466759,-6.034268,1.1199634
-1.1710205,-30.677437,-11.377901
-7.53713,-24.582933,10.520883
-4.805844,-14.145791,0.9161727
-1.5521176,-24.990936,-4.958463
-2.8146017,3.639991,-14.418603
-3.1172612,6.2742124,10.010136
3.323676,-14.528294,28.578415
-9.738989,4.3526373,-18.64285
0.18683319,-23.67805,-0.4791108
8.833457,-1.5217321,-30.220629
-8.0921545,-25.256655,-12.914208
-7.5547185,-16.029203,-0.9487213
-4.769121,-9.115944,-0.46192485
-7.0402293,3.9903433,-9.132712
-1.5627046,-25.146748,-5.099341
-6.313929,-31.823872,10.582781
2.4646113,-13.923739,-2.7804244
-1.879472,-19.885563,24.342342
-11.126005,5.791201,2.0096803
-8.64792,6.0140433,-0.9685177
7.748687,3.2724788,-14.492422
-11.072829,1.4111732,-2.9433506
-4.612967,-14.245353,28.372372
-13.017645,-11.328658,-17.125732
-5.4754395,-15.323418,-8.495288
-3.2108376,-7.5900517,1.9509448
-6.635577,-10.279716,9.897607
-12.648417,-9.857518,-8.678996
-10.061883,-22.027716,5.435213
2.8162763,-24.67549,-8.604414
-12.065584,-0.9222383,-23.987625
-2.541243,-0.9884693,-7.187901
4.6562505,8.722299,-10.338271
-9.066849,-9.081767,-22.51456
-14.076449,-10.213293,0.44266102
0.6760211,-4.5203633,-12.039082
-0.9415106,-14.505206,-13.797538
8.131287,3.8897953,-18.092737
5.178327,-12.095863,13.057813
-1.1680356,-6.3578863,-6.9723983
8.246438,-6.6836843,-20.244102
-3.3504326,-32.97517,0.0018693699
-2.9103868,8.159189,0.13659626
4.115823,5.3986826,-18.855307
5.987755,-11.747093,12.369845
-4.1425486,4.570015,-17.511093
-1.7557056,-5.958705,-25.585354
-5.944012,-29.777594,-13.395851
-2.4059064,-5.6190104,15.025726
-4.96334,-30.423946,12.965337
-3.464101,-28.989136,-10.061841
12.361065,-1.25821,-16.879938
0.022323065,-27.320059,-9.959353
-0.82373124,-13.541209,30.183594
-1.83355,-9.540012,27.07075
-1.8906748,6.141832,-5.6960096
0.72250056,-11.691512,40.417286
5.223003,-9.00927,-1.7987144
-10.808666,-38.140434,-1.6491083
-5.923982,-2.2330692,4.077517
-13.073948,-3.1544116,-22.938475
-8.267571,-5.821325,-18.680658
-12.444746,-27.260607,-17.404182
8.4061165,-3.1127853,-15.540197
-4.687241,-19.29767,4.30053
-7.410388,2.8212965,10.348882
1.659823,8.1227665,8.816738
0.41629353,11.93979,5.01888
-7.0852,-30.323187,7.833777
-4.4307284,-24.314756,-23.725332
5.96367,7.1279836,-12.312894
-6.8442874,3.7721639,2.894644
-0.67119914,-17.684643,-2.0396755
1.9660909,-1.9226847,-18.955782
2.40829,-8.37727,-33.273396
-10.898448,-0.44013384,-22.751957
3.1791265,-1.0145419,-15.063028
-6.256059,-31.138262,8.918459
-3.1271071,-11.718708,24.027023
-10.857495,-5.362894,-6.6241803
-0.4711518,-10.73651,30.086327
-0.33337316,1.7585968,-18.93766
4.3346004,-10.610896,-13.999279
-3.3852432,-3.873343,18.411577
2.2504632,-1.6349669,7.6230893
9.07736,-1.7140274,-29.662205
-6.2677703,1.1182648,17.437168
-5.8664637,-0.06770771,-19.139326
-5.4090157,-31.116707,-19.479582
-3.886539,-6.7983603,22.23035
-7.4622912,-5.5306582,3.1369321
-5.5498233,-37.242733,-8.288595
-7.280277,-7.0657587,-1.8897306
-1.2576005,9.373664,-5.915745
-11.048041,-35.6088,0.68580556
-0.8225812,-15.860308,10.591185
-1.9675213,-32.353573,-16.229687
3.0182254,4.0664506,-5.216898
-2.7844062,-24.843533,5.2089767
-6.1481857,-31.2584,8.682492
5.6997733,2.5640757,1.6473802
5.00082,-3.1040127,-31.108639
0.80854,-0.3979004,-10.652926
5.542259,-0.640815,-20.16478
-8.11523,-1.213685,10.589957
5.552158,-0.52074724,-20.066298
0.7169505,-12.24311,13.3525915
-4.766668,-18.964823,-12.44418
-4.216615,-2.9271212,-1.2265033
-7.2918262,-12.786659,-10.692747
9.987592,0.35657144,-19.483921
-6.154504,-7.5741053,-6.1131086
-7.8379297,-7.3365693,18.660357
5.3882756,-1.5355197,-27.549501
-14.91666,-23.667978,-19.350266
-5.812321,-7.281986,-27.243391
0.8809005,-17.18597,-8.629012
1.7556815,-9.039546,11.125781
-13.596652,-32.79648,-3.6784697
-6.5090156,-4.3171673,-25.422201
-5.5438895,-25.746164,-13.126384
-5.6907783,-15.4361925,-8.818687
1.0116343,10.216633,6.310873
-11.829113,-27.487984,-2.114962
3.8682535,-9.521191,-1.030946
-3.811998,-10.289651,28.770163
4.1342435,-8.27389,-32.41488
-8.790688,-11.166194,-2.2899933
4.3258576,2.6132886,-11.826488
-9.208756,-25.667196,0.08761726
-4.5102606,-14.476639,5.8970857
-0.79690784,-15.521616,27.471016
-15.286382,-11.956243,7.6589727
-12.904271,-22.545315,-9.957879
-1.2734079,-6.0866604,7.3463
1.3738968,0.57852805,-25.037298
-3.6171374,8.820966,2.4358895
-16.719904,-14.677379,-10.289291
-1.6362048,-4.9053483,21.289665
-6.5626183,-20.325455,11.188281
-17.86515,-5.680673,-9.16852
-2.0550923,-10.611831,16.437298
3.5067794,-7.826699,10.262242
-13.809541,2.2794962,-15.316076
-4.4945087,-18.682968,-24.11728
-10.85775,-26.183048,-14.841328
-1.4597343,1.5369037,9.683984
-8.7215605,-3.3071258,-19.366741
-1.8823946,-29.429518,14.343252
-7.7650404,-19.855137,-20.041098
7.2118535,-5.1119933,-27.68878
-6.4853954,-11.266397,-15.473059
-0.37785077,-5.645813,-14.934271
-3.4612465,-19.06239,32.738403
-3.8533878,-27.05732,-1.6762909
-1.3258544,-11.740094,33.69561
4.9888825,-5.5879846,-23.296322
0.77926785,-9.508967,-20.15677
-3.1869595,-5.9261727,-12.339289
-10.478436,-5.5367007,-21.69923
5.136205,-10.750174,-31.141592
-5.0615783,-7.7738276,7.5325127
-6.1303334,-29.915726,1.5251306
4.971147,-8.788852,-28.403706
-0.048345644,-2.3344011,-16.38964
4.3614926,-13.940681,13.441089
-2.8280547,-26.950785,-12.487141
2.4093142,-26.52718,-11.423155
-0.10570048,-18.413483,2.2908897
-10.416327,-13.12757,20.351105
-1.8493704,-6.1481104,26.508816
-10.714265,4.5642276,-5.06931
-5.5885587,-1.0383132,-7.7643166
7.2840137,-7.9448733,-25.769783
-13.605984,-25.573938,-12.857924
-5.225778,-18.317385,19.500376
1.0235109,-28.423548,1.6208754
-15.999751,0.42205992,-17.69202
-9.929309,-12.78696,-0.30966562
-0.18272336,-27.00513,-22.177963
-7.7380686,-7.0542936,-27.63417
-4.8919024,-22.607407,-22.043453
0.3316293,5.063088,-0.56155163
11.3719,0.27963385,-22.142946
-1.006162,-12.785902,1.3636103
5.326145,0.26836205,5.859673
3.7182758,-12.683017,-5.4994493
-8.192567,-30.53172,-12.57918
-2.1570563,-28.286772,15.698255
-8.1616125,4.385347,-7.759995
-9.191097,-20.880688,6.166197
-3.431821,3.8282943,4.2691126
-10.034643,-12.219932,23.867104
-3.2808065,-29.880053,14.421931
-7.7860336,0.4903872,-8.830379
-5.420219,-25.37478,-15.918694
1.2330062,-8.036769,-15.145257
-15.024429,2.923936,-0.6837835
1.6350023,-7.1090674,4.0461516
-0.18120123,-14.204703,-26.282404
-2.8305554,-8.240749,19.079708
-0.06691495,-14.164737,16.025873
-9.987786,-17.92411,4.883642
4.0945415,1.6211097,10.39795
-3.800442,9.480555,6.121384
-4.90871,-2.629573,9.736942
10.09443,-0.5261774,-20.453587
-12.265158,-22.95893,-21.644598
-8.675924,-11.098877,-6.3645225
-9.03293,-26.291697,-20.573576
-2.708263,2.3811855,-12.702101
4.600283,-0.16437241,-28.262178
8.282384,-3.2546818,-15.279105
-2.0016952,-32.659157,-9.9302
-4.137941,-9.559868,-15.948645
-1.9261491,-8.126982,-13.505365
-4.905039,-35.481785,1.3219072
-15.702267,-27.300646,-15.486267
-5.8483343,-20.179224,-9.040463
-5.9531345,-13.509735,31.777582
4.662459,4.030798,-22.7116
-2.374051,-3.0224507,14.492903
-9.08609,0.56514335,-20.62317
1.1099792,-11.798902,35.635975
-1.8624501,-36.395523,-15.783007
-1.4348538,-15.78754,18.561838
-5.1687083,9.678713,-13.256259
-3.2667403,-30.466284,-1.8971514
-11.82553,-17.189302,-9.782258
-1.0639758,-16.065714,29.113802
-7.1663537,-29.354885,-23.714428
-10.899424,-4.349069,8.84225
-11.895149,-27.417332,-25.46008
7.934416,7.435333,-14.4733715
-9.48732,-30.269375,7.2996593
-3.9039385,-21.145365,1.165448
4.7822347,-2.912728,-30.876009
-3.6292484,8.235768,5.5403886
-1.7735338,-11.039823,19.776403
-13.850547,2.3471797,-15.455327
7.804844,-9.470521,-31.846016
-2.6638455,-13.190458,19.25497
-1.3925858,-14.730201,27.514587
-3.265806,-10.517296,19.196499
-8.475667,-9.000085,4.490629
4.2215433,9.817345,-9.628505
-5.104723,-8.520455,21.79856
-7.8703856,-23.503942,-14.270168
-7.3893695,-11.587742,21.927717
-4.973067,-18.23178,19.278553
-8.434342,-28.581997,-25.2116
2.7362494,-15.075687,35.585976
-3.174665,-8.001097,-26.14548
-9.682836,-31.65308,-19.151632
5.536684,-3.2673142,-15.100896
-7.8001113,-11.529544,11.162924
4.3082633,-6.8177876,14.404074
-10.871754,-29.268421,-22.312248
0.30307028,-7.6774125,-26.15688
-14.89309,-23.651299,-19.38599
6.3557906,-12.328857,-1.2853209
-4.0123234,4.2466373,-25.705145
-14.197326,-28.779789,-20.700157
-0.95374155,-1.427775,13.822052
3.1664445,6.7459364,-3.1012352
-2.9204526,-9.870275,23.367891
3.3522224,-8.23756,-14.801552
-6.2532043,-13.167848,16.959316
-7.512116,-11.87144,-23.517054
-5.808638,-8.1852455,-13.262072
-3.1873534,-11.896388,-6.4828405
-11.262623,-36.60646,-9.805626
-5.4559717,-7.3431044,1.334972
-2.2221384,-11.573744,28.938025
1.6269698,11.862476,-8.318441
4.2972565,5.19228,-15.073286
-1.5760856,5.937367,0.349571
7.409632,1.2787566,-25.851326
-5.095422,-17.95825,-9.970943
4.3910465,-9.755216,-14.47909
-4.539118,-8.242268,-19.270334
-6.19377,6.636039,5.2163196
-0.22240707,-0.2404729,-17.006262
-2.8280246,-33.61905,-0.37174073
1.429997,4.896035,-4.3659363
0.9554573,13.872752,2.6833115
-9.658445,-18.379435,-11.415033
6.0546117,-12.020655,-27.472567
-0.3021642,-33.644207,-0.08748362
-2.2367022,-9.373387,11.222502
10.245988,-8.043922,-5.736621
-2.3765247,-9.912317,-31.663586
-7.284595,0.8063597,-15.752841
3.2084095,-3.8266234,-28.458178
-1.8670604,-17.612047,17.089485
-2.1135175,4.6281347,4.8561883
-2.1782682,3.375518,15.921553
-2.9278522,-16.0539,-18.273838
-16.291225,-7.5834255,0.8039457
-5.990851,-5.3914266,-28.709188
-0.88629603,-12.468371,-3.1260962
-3.1512196,-2.5190833,14.713708
-7.5557685,-1.3775814,-23.557993
-0.43992078,-12.737134,-18.149904
-9.360523,-5.344363,-25.298172
-6.493563,-10.48147,-4.665116
8.972114,-12.000172,-17.45609
-9.943835,-16.103098,9.5418
-6.7424064,-5.829584,-4.2958436
0.5913101,-7.4398103,20.64266
0.67525244,-6.969691,19.093002
-5.190831,-6.3587995,-13.693203
-0.30813804,-6.751552,0.6533802
-15.388477,-15.577028,-10.727557
-6.9027824,6.605269,-11.882026
-4.1718864,-7.269743,25.058033
6.3925586,11.898494,-3.223339
-1.5316341,-27.097164,13.148638
-7.8373404,-26.872679,-14.692916
-10.076381,-29.764723,-23.83353
-0.14685202,-9.158167,3.9009533
-2.883638,-1.829071,-4.01377
-3.7051582,-29.123657,-13.423661
-1.6673632,-29.47213,14.009558
-3.7688024,-24.732693,-0.063463844
0.5552315,-28.582354,-7.1561766
2.717257,7.097866,-3.7470937
1.643526,1.6266793,-4.423388
-6.594777,-36.84506,-12.58036
-0.30032292,-36.24503,-9.762846
-14.002476,-10.5391445,-2.3106806
2.567347,-14.837199,7.959677
0.44848263,-6.8973265,19.81664
1.3806261,-16.787489,37.167515
-6.4171195,-18.374651,-9.610828
-8.749684,-25.26521,-2.005037
-13.574966,-30.227793,-13.844421
-2.9658706,-29.12586,-2.879456
0.5526721,-10.363929,12.599612
-1.2660815,-9.171187,-25.095774
0.565991,-26.811464,-9.057979
-9.700764,-2.147854,10.237865
1.2399786,-15.420405,37.204056
-5.04958,1.033698,-6.3959084
-2.192242,-15.355982,19.598743
6.7314153,-2.028922,6.474218
6.741473,6.387888,-18.008997
-6.362511,-6.006253,21.834923
-15.432403,-0.6611672,-7.574962
-5.6556873,-22.587164,-21.248774
-4.1936445,6.194923,-5.513931
-5.272315,-27.758593,5.4927444
5.9376507,7.16282,-12.248731
-1.2810465,7.1247077,-22.351336
-3.6751368,-8.445413,-25.255508
-9.811354,1.2913,-16.167719
-5.1155305,-16.441507,12.423891
-9.744337,-15.740384,-11.452525
-1.1332566,-19.283407,-0.9052853
-2.6176624,6.818773,-8.603756
-2.3234537,-16.401909,14.600667
-7.3829246,-11.234886,-14.121342
-10.673027,4.3805346,-21.17012
10.308523,-8.05538,-5.609345
-4.578784,-27.740374,-14.466673
6.2925963,4.7703376,-9.762645
2.926876,3.4036083,-8.22072
12.221695,1.351304,-24.448547
-4.8307347,-2.1935725,-19.98399
-1.5214195,-13.931354,31.734953
-2.9477296,-12.853461,-4.045974
-0.5753441,2.4635215,10.9897175
-2.0162072,-9.930604,25.250513
-8.632724,7.5503335,-19.491646
1.017159,6.3900704,-6.965871
-2.522467,-15.148148,19.55293
1.0741212,13.950776,2.7172873
-7.305028,-8.760518,-27.535719
-5.414642,-9.552896,14.959104
-10.766351,-28.55543,-21.983036
-1.1019843,-1.3703365,-20.340105
-16.282236,0.30553073,-17.278791
-5.821871,-33.37328,-11.791106
-6.8732405,-11.160565,7.6267195
0.5429432,9.226544,-3.776966
-1.3784561,-35.727406,-13.128439
-6.548731,0.1773879,-21.916552
-2.4741297,-19.480759,35.499126
3.6792924,-7.8922367,10.189817
-15.982681,2.251295,-8.158357
-4.336603,-15.683517,2.4717536
-0.38731214,-6.0081487,-3.7109745
5.574193,8.227047,-15.303185
1.7983266,12.785895,-6.7948527
-3.8639066,3.2797735,-6.648767
-6.1962647,-31.820097,10.595416
-8.825112,-15.921512,-6.0428214
3.6339524,-14.416131,29.731548
-6.820894,-25.78404,-5.490161
4.0822215,-13.038217,10.641467
-12.604039,-2.0766838,-23.881226
-3.719341,-5.5631466,-24.723703
-9.462759,-22.054037,-22.982323
-5.5074053,-7.92451,-16.427557
-7.1354437,-4.664545,12.018711
-2.2300038,-7.3866496,-21.255056
-8.388448,-0.9268273,2.7116559
-10.319674,-34.450695,-0.099042565
3.6454542,-14.717587,-25.116999
8.724137,-4.045704,-11.690694
-4.935333,-17.883987,-10.030131
-1.500413,-7.1595106,17.329752
-4.5790277,6.1399426,5.7460732
-4.739335,-22.302414,-26.69247
-0.067068346,-30.064888,-5.2005444
-3.197012,-31.666292,3.1602426
-11.292926,-29.559072,-6.7004075
-3.1311958,-27.693981,-19.93613
-11.191764,-31.822372,1.7587594
-1.2069448,-23.494047,-4.1382246
-2.5207431,-16.91878,-23.306288
5.393316,-6.8309526,-34.829494
-2.787092,9.079815,2.6569872
2.0214472,-11.191775,-11.197771
2.8161588,-26.581059,-17.080278
-2.7780044,-32.00332,-12.605168
1.0772824,9.374248,6.403908
-5.049087,-16.390778,12.410042
-2.7673595,-22.852695,-15.0306425
-10.997429,-0.48594975,-16.805817
9.099405,-6.9610267,0.98014855
-5.5759134,0.32839444,-5.5826902
-3.4438105,-28.54319,15.21651
-5.86605,-10.972506,7.2006125
1.6854328,-7.87499,5.888795
-5.0989976,-11.501194,3.2301369
-4.786073,-29.12444,-18.261059
-7.154214,-14.163452,20.57749
-1.7173655,-15.659204,28.83773
4.890915,1.1611227,5.969574
-0.08925529,11.096079,-8.125373
5.7610464,9.099251,-4.346168
-13.37787,5.4533825,-14.346994
-1.4327466,9.391717,-5.734758
2.8857608,9.672492,-11.724352
3.4143052,-12.611812,13.666439
-9.38861,3.9244359,-7.587149
-11.910429,-1.0905659,-6.241557
-9.171756,2.5864964,9.537634
-5.1382613,-18.61969,4.867872
-0.3847662,-5.835378,-19.309198
-6.9255652,-12.666926,16.56553
-11.905865,-13.953499,1.063176
-2.5924437,-26.032131,16.156357
-18.060938,-5.272387,-9.264883
-0.070997015,-3.7952921,17.980478
2.4982805,3.1181607,10.937756
0.7398674,8.480223,5.5825233
-3.2982893,-22.001047,-22.617868
-3.5714147,-28.034637,-5.5378766
-9.091932,-8.837169,-22.323965
-5.257698,-11.83285,22.50955
-14.086052,-21.441357,-16.665277
6.7402143,1.5599316,-7.2628913
-9.21375,-9.395255,22.887535
-5.505285,-35.186844,-8.33032
0.8012658,-6.1923447,-25.844091
1.3200839,-11.593896,-7.979454
-4.6042385,-32.05941,-23.863113
-5.2347355,-8.011743,-16.22766
-1.6456454,-15.946446,-26.504322
-6.605816,-2.243304,3.5925086
6.965655,8.763506,-7.234416
-3.3613625,-9.461885,13.784065
-5.1199,3.153526,2.328811
-1.1133852,-6.3371716,6.0443864
-1.2231383,-30.662615,-11.444207
5.1206093,-9.051984,-1.7737708
-6.678399,-11.0849285,-1.0259372
6.8553815,-1.7221705,-18.44959
8.4313545,-2.10739,-27.744255
-9.704613,-5.142381,-13.150326
1.7408125,-7.105849,5.2120833
4.18591,-19.498455,-6.9478793
6.6597624,-12.22478,-1.5905541
-12.603778,-35.44582,-6.3210187
9.83297,1.0509611,-4.0064535
-3.2921202,-7.1968637,-28.59353
5.973548,5.000466,-9.5826235
-5.697342,-15.717482,29.446026
-5.57126,1.8756391,-3.7836695
-8.093569,-4.7336807,-26.990414
2.2524977,-3.71843,-33.23198
-6.6113353,-1.2302641,13.655526
7.204922,-2.4283106,0.7549413
-3.3368423,-18.952154,27.63314
-3.159947,-5.210167,-2.6588771
-7.895395,-29.204567,5.652384
1.8260424,-7.4287744,8.930645
-2.8583183,-25.960249,4.801594
-5.319432,9.27315,-13.397762
-8.946501,1.6862566,-18.397514
-3.6274014,-18.289066,24.208902
-7.19666,-2.6278632,-13.037102
1.760212,4.9191337,6.91866
-7.7394886,-32.23757,3.1802828
-0.39168522,-2.5696285,-9.2392235
-7.20178,-23.582224,6.6234593
-11.715594,-1.1798614,-6.067304
-6.3477116,-2.1065843,-26.449398
8.119923,-11.308931,-8.186955
4.031237,-3.3742063,-7.5546007
5.506136,6.4932814,-1.8323879
-9.328429,6.278852,-0.8292586
-2.6619947,-3.0934682,-17.580027
-17.304909,-9.070744,-6.6611214
-3.4583972,-19.876303,28.942076
-3.5328336,-1.5404078,-4.2699203
2.051621,-4.949395,-23.000566
-4.9544435,-3.043587,-26.039064
-4.1448584,-8.169606,-25.022917
-2.329109,-14.377677,19.238047
-7.988721,7.583226,-6.9773164
6.3514004,-4.1029058,8.067887
-9.437218,8.848491,-0.5483245
-2.8071964,11.577998,7.104098
-3.4538434,11.34144,-2.7257385
-5.730216,-12.795368,23.135687
0.87475514,-15.782904,29.144989
-8.78454,-8.513117,-4.855481
-4.716776,-33.015995,6.356666
-5.3586783,-29.57052,-2.5101154
-3.935888,-17.185038,-2.7523992
-7.690748,-1.1884694,-0.297783
-6.029605,-20.411892,-10.032694
-1.4894689,-9.29509,-5.897188
-7.233954,10.872748,-7.5209875
3.6198742,-2.012054,-20.744219
-5.10274,-4.8781304,19.588324
-5.3671503,-23.649847,2.1883378
7.687127,-7.8645773,-28.397402
-4.85282,-11.384873,-20.984625
-9.955336,6.4112296,-6.659366
8.258482,-0.7017388,-18.615211
4.4682646,5.679876,0.8038274
-12.367931,-29.047792,-7.2738075
-1.7997086,-9.352777,33.689327
7.9006977,3.431074,-16.926159
-0.49901217,-1.7486478,3.439706
-2.8808248,-25.139244,7.255609
5.111856,-6.9297132,-24.857594
-1.1986737,7.4549117,-13.83273
-9.913716,-26.027271,-22.606504
-4.517492,-7.85584,-2.40369
-1.124413,11.563104,4.0797296
0.7487356,13.194656,5.3251634
-10.872342,-28.93948,-22.114706
-6.811853,-8.8487215,0.49079418
1.0099751,6.5625925,2.4130871
-9.083048,-18.959354,-7.9894786
-3.138474,-13.1984005,-4.210601
-5.237301,-9.679129,-12.235894
8.798331,1.2446713,-21.288708
-5.749677,-16.197912,35.657402
-2.975133,-32.152546,-12.725319
-6.8551702,-2.0931156,-28.927038
-6.410558,-37.734295,-5.5705204
-3.2973392,-24.209883,-18.968416
1.028304,-31.383429,-3.8017168
-13.004209,-2.0731564,10.332677
1.4313694,-6.05671,-18.555801
-9.07692,0.5414844,-20.677067
-8.562589,-24.587833,-18.961458
-6.629179,-27.087238,-26.796177
3.9692857,2.1497085,-7.799777
-16.06555,0.8034997,-17.947817
9.772004,-4.469805,-32.795063
-7.132503,2.7386127,-18.44932
0.03791678,5.090995,-6.361244
-9.482878,-14.767181,-11.766
3.8799622,-14.410977,30.788055
9.880028,-4.6661234,-17.775888
-2.3697674,-24.61584,-8.538577
-12.443931,-0.06490365,4.2766247
5.5854774,-2.358881,-15.322034
-0.25381264,0.24775511,0.6945604
-6.998575,-27.817707,-21.856363
-8.9350815,-0.7586758,11.20348
-5.8288937,-34.213413,-0.6161653
-4.8309717,-6.615736,11.967185
0.8501156,-8.078568,21.003866
3.5609753,-8.7049465,-4.3546367
-16.321747,-7.761125,-14.998623
-10.863629,2.9151964,-8.695959
-6.593752,-28.70337,-11.013067
-10.526122,-8.909962,-13.458125
2.7862418,-9.395641,14.288806
-2.023743,-32.81106,-2.791594
-1.6230276,-26.751062,13.014067
-14.477011,2.0987425,-12.585603
-10.523028,5.879936,-12.036267
-9.720527,-25.87931,3.3964515
-9.909231,-12.240975,5.5934954
-3.9832509,2.9751422,5.3815694
5.943781,-1.5270407,-27.903864
5.301923,0.9649701,4.0210366
4.498013,6.806521,-7.318518
-4.612153,-12.799397,23.39452
-3.4092662,-18.780216,-15.2239895
3.2665935,-2.552056,8.344925
-5.671629,-11.43384,31.63404
-7.5758767,-5.534168,3.1222665
-4.789466,-28.985775,-18.242744
0.72917724,8.734554,-13.8833475
-5.198808,-31.964973,-1.1539336
-4.975539,-28.995033,3.0107808
-9.45202,-30.208618,7.329595
-9.29177,1.6896477,-4.846547
-7.7823243,-22.838123,-5.4161005
-0.00028516343,-15.794151,21.593143
-12.809175,3.9116385,2.6078327
-3.8219383,-22.682953,-11.524117
-6.168353,-34.47603,-4.3786597
2.4305463,-4.4648905,12.04228
0.49577832,-12.329643,14.161489
-5.8043885,-16.579556,29.070278
-3.0436902,-25.32899,15.165474
-4.6513486,4.2831106,-0.15061697
-1.6856239,-4.03523,-33.084747
-9.970576,-1.7332946,5.953343
10.445793,2.2925155,-7.7433896
0.4633122,-27.57191,-4.9286437
-6.8791885,-14.091408,20.361473
-0.07392685,-15.902169,21.547157
4.544174,2.5617268,-27.057293
-10.976229,-23.845457,-18.102303
-12.453838,-7.9415126,-1.8330939
-0.8557035,-2.6151657,-13.285631
-5.4082203,-23.7821,6.9719844
-12.75674,-6.7070966,-11.640875
6.293167,-6.40844,-34.960796
1.1847972,8.148674,-5.331666
-3.4606545,-24.293056,-9.078168
-11.415414,-26.390436,-17.191753
-14.303833,-25.561943,-12.829064
1.2230973,-15.535455,32.990353
-6.6826987,0.2668509,-15.891091
-7.654361,-22.254276,-18.501076
-12.128749,-9.912821,7.0375195
-11.859235,-32.76011,-16.671898
0.49342117,-15.992964,35.129436
-5.461495,1.4109905,-14.453485
1.01198,-15.563808,38.130486
-7.959875,5.5962167,-7.5873313
-5.5302486,-25.679947,-14.239568
-8.508665,-6.771866,-19.37104
-11.505702,6.647021,-8.016871
-8.3100815,-9.716912,-19.215862
-6.8016243,-11.034809,-27.965296
3.9070582,5.448032,-3.3039541
-4.608748,-13.502618,-10.03521
-2.7196367,-9.712149,-3.8678482
6.805937,-9.082499,-11.183915
-2.5221574,-10.372313,21.519192
8.922419,-8.641755,-13.370681
8.302567,0.31332192,-21.55833
-6.8324676,-38.333427,-19.491524
-0.86979485,-4.119673,-1.1115853
-8.672305,-5.94579,6.273316
5.9083185,-5.3529496,-22.964924
-1.1643547,-6.002513,7.469643
-3.429748,-10.024118,-32.338066
-12.634809,-25.776491,-22.369072
-5.1274858,-18.235174,32.060074
-4.244917,13.748958,4.281219
1.0785428,-15.01887,14.064847
-1.8976353,-10.358168,25.147379
-1.360042,12.588609,-0.004271875
-1.3453244,10.853466,-11.195421
-8.141819,-1.5676025,-13.058686
-14.105565,-4.4316134,-20.122139
-6.7642856,-28.938274,-10.957365
-13.337124,-25.636293,-12.632959
-5.7335105,-9.47013,-5.760941
-8.259186,-8.340678,4.5511436
-2.527221,-26.924557,9.276157
-2.152577,-15.136211,36.960934
-0.0439111,-25.54686,-7.282967
-7.4621277,-30.940035,-0.115041204
2.237233,7.0063205,3.0878067
0.19262666,-30.813463,1.798736
3.1598485,-10.746373,-25.359236
-2.2783642,-14.534996,25.858349
-8.166604,-20.45866,-2.0164971
-0.105381295,-14.513983,-15.143685
5.921208,5.2930837,-21.236269
-7.608125,4.3727083,-18.101507
-5.2555995,4.151854,-1.3110337
-1.8127737,4.590828,-20.920572
-0.81865674,1.1051539,1.4485121
-8.787256,-19.414232,-3.1633403
-5.495735,-29.891058,3.6988518
5.1738667,5.0717626,-21.527348
-4.956871,-17.182884,20.58866
8.555636,-0.39962775,-9.524756
-4.9701123,-15.660544,-4.4542236
-4.5087705,2.7603366,-0.28622988
-7.298792,-37.89406,-6.366899
2.6561782,-4.835472,12.068547
-6.4403124,-10.003362,13.576637
1.5025692,-8.146636,-31.361359
-6.4631143,1.9342839,6.875033
-3.5199366,-19.045015,32.679977
7.301682,9.08587,-7.5755844
7.1097255,-4.9775376,-28.19729
9.242546,-7.808713,-7.308748
2.6846201,-5.550253,11.983631
-4.118607,-25.622978,-23.611483
-6.584584,-37.272343,-12.720705
-7.388088,3.30722,-15.146588
-4.721843,-22.739994,-17.671717
-9.624717,-17.022747,-2.2141006
-11.835332,-27.355146,2.5231225
-5.2109194,-31.415192,11.439618
-8.319612,-36.84285,-17.931772
-1.9094815,-21.306932,1.9384812
-4.801881,-31.35472,-22.142353
7.058634,-1.8830917,-35.56927
-5.4804068,-7.9207845,-16.439638
-3.2907183,-28.821657,-7.9613795
4.4849477,-4.9123297,-19.638332
-2.881834,-6.1632304,15.03546
1.3686422,9.522994,4.4814887
3.5883043,-12.122967,-28.445726
-6.7633677,-32.311455,-20.640388
8.839587,5.101388,-11.063507
-1.0819134,-8.143042,11.7460785
-8.959918,-14.096401,-15.285161
-6.2241015,-8.609471,8.128779
8.093083,0.48146194,-22.838964
-7.1115375,-16.292225,-1.9358102
-1.2226555,3.3563597,-20.774618
1.4938164,-15.272348,39.40323
-17.139294,-9.073033,-7.314389
-2.840933,-34.67532,-16.711939
-3.334004,-5.820752,-23.259832
1.889481,-8.3510065,-22.791761
-11.700473,-6.6990533,18.989485
-12.361949,8.0787525,-15.313129
0.3384127,-12.030074,38.602753
-7.549417,-22.089458,3.6613216
6.4711995,-1.7301904,6.4262657
3.0849128,-14.536181,39.436363
1.4298195,-17.05321,36.859303
3.2222967,6.8438897,3.7591712
-11.160739,-14.948194,-1.7618821
-3.631984,7.111242,8.82417
-4.0816064,-10.916249,16.862503
4.1866236,-14.220852,12.086415
4.393576,-6.914977,-29.4534
-3.7722547,-4.156078,16.463257
8.331817,-3.6860998,-13.107172
-0.75129795,-8.805797,7.241078
-13.663138,-27.83796,-15.874513
-11.676535,-4.800933,7.2246323
-3.8949196,11.56731,2.073758
-2.1413374,-3.339482,-24.343084
-0.6691099,-11.766666,35.229588
-10.395777,-35.25772,-13.164489
-9.892406,-27.500963,4.461018
-2.5922413,-12.646797,26.477446
3.4970315,-10.294424,-29.855726
-2.9206321,-17.67453,-5.2211447
-1.534779,-34.799316,1.8508693
-10.764468,-21.891716,0.50735515
4.679287,-9.519138,12.758068
-3.6454759,-28.947205,-23.034592
-12.839859,-1.7412374,-13.599413
0.33722246,-14.700481,38.287987
-3.0553458,-28.698214,-9.761038
-10.322429,-24.047125,-16.778364
-5.37516,-33.595486,-10.808991
-3.9887102,-14.957698,-24.942533
-0.9900637,-12.831787,-3.6116004
-3.3637426,-34.529125,-20.32775
6.575252,-1.8004853,-12.418127
-5.6439967,0.90708274,-18.132368
4.7434797,-0.35568172,-10.631211
-4.486587,-33.164627,-2.0184028
0.5750003,8.76833,-6.8545523
-6.4875617,-25.415697,-23.25962
-0.08629308,-9.931697,26.124178
-12.906674,-2.0323904,6.3408413
-3.539515,-3.0314918,15.074397
-3.8881435,5.6731434,2.5132205
-4.018552,1.9253447,-20.979145
-5.798948,-3.8375428,-28.08094
-1.170274,10.788665,-10.659057
0.5310966,2.7474895,-8.005346
-2.1940703,5.0950985,-2.7249165
-0.7185457,13.771298,-2.653664
-14.324838,-4.4148293,-6.345032
1.3902146,-13.60897,36.528297
8.880772,-12.78518,-9.919413
-6.798356,-18.631807,25.799831
0.38011217,-14.033516,31.833134
-4.9822755,-4.9316463,22.653591
-3.4626536,10.354785,0.20861854
-2.0360835,-5.304125,24.59172
0.9890759,-13.653795,26.80023
-3.488763,-13.851115,-29.600243
-3.43989,-34.27256,-13.746617
1.5226887,0.29026508,-18.85418
0.9453123,6.6286187,-0.5274475
-9.053948,-33.271324,-22.908691
-13.7494335,-28.720127,-20.16784
-3.1771653,-14.183957,29.438423
-8.649031,-23.362394,8.322297
-3.6777437,-33.711323,-16.507542
-12.53123,-23.154339,-18.839863
-3.8300607,-11.737334,25.338749
11.455845,1.4535425,-11.0877075
-0.6136275,1.7311864,-18.538548
5.669026,-7.7050257,-15.095152
-6.36085,-11.159471,28.010832
-0.054947212,11.355788,-3.7577298
-7.308642,-31.059134,-18.923403
-7.679288,-1.146139,-15.377716
-6.4148774,-25.64332,-5.898966
-6.9125085,12.21019,-1.8904196
-7.745312,-32.333954,3.5137758
-12.476771,-4.6263447,12.8469715
-4.9318056,-2.6556187,9.706249
9.29527,-3.1399229,-27.884224
-4.9498553,-14.955791,17.602037
6.2253065,-12.688167,-27.310823
-11.857907,8.389107,-7.361587
1.1798334,-14.703125,29.764608
-7.247386,-5.7847066,-25.409689
0.9765994,-9.007089,-5.2547817
-3.0730846,-23.581614,-21.615448
-5.1696825,1.3610364,-13.39193
-4.769163,-18.136784,2.5577915
4.0438886,-0.8369782,-25.891457
4.244805,-7.59247,-3.8690813
5.52523,-10.351835,-11.831147
-12.336083,-10.801402,-17.980206
4.149214,11.815146,-6.5495667
-3.610624,-18.279774,23.830957
-6.339601,-8.842839,11.65184
-6.0806627,-18.228434,-9.693602
-4.082781,-15.114504,-24.870802
1.9312108,-1.5732517,-9.898549
1.8119762,-6.076177,-6.1760106
-10.636919,-36.330204,-15.428235
-1.0714402,-14.091637,39.189503
11.237897,-1.6933256,-16.741432
1.2623094,-5.5372195,-8.455777
-3.908605,1.0766389,-18.706266
4.8497267,-7.1809807,-11.957758
-3.422536,-0.37787005,7.480914
0.97176415,-16.427063,28.847527
-8.246662,-21.64769,-19.545973
-15.800042,-0.34916124,-7.5112877
2.3442132,0.5398433,-22.952927
-1.4872516,-2.1741521,17.049427
-10.282624,-36.31159,5.872795
-1.1687548,-12.832507,1.4014283
3.5285022,-9.665822,-0.8501571
-0.35768533,-17.603134,33.69798
0.8129873,-14.42446,9.093618
-8.208096,4.842669,-1.8002563
-8.089274,-0.037746057,-23.223564
-6.784469,1.3780775,-25.576172
-11.793299,-15.428679,2.2207832
-12.45642,-1.5768183,5.0649757
-3.6055126,-35.1231,-23.13594
9.317425,-4.2202396,-20.714624
-5.1733756,-25.373014,7.6729608
-6.762717,-33.261513,1.6542927
-10.398763,-8.883372,11.503267
-3.7842495,-29.449865,-1.1943846
-10.418289,-22.914148,0.59348947
-8.631797,-8.517191,-4.890245
11.189735,1.3774533,-14.484519
2.9426646,-9.924182,-18.931562
-3.2179651,-9.372636,-9.765385
4.2492123,-16.320843,-3.002826
-4.7742796,-32.76933,-24.259615
-1.6628215,7.175846,-22.149134
-6.344393,-16.956358,15.262455
0.94121397,4.741513,1.8794471
-2.5031385,3.5347435,0.910923
-9.576154,-0.46662408,2.251928
-9.481585,-13.082536,-9.20073
-2.0663142,-20.428793,-7.2033186
0.039185226,-18.405441,2.2987545
-6.4102173,-32.102592,-20.776106
-3.3094075,-10.061925,-28.670017
-5.400212,-6.691288,14.849593
-0.050097138,-17.77253,37.46004
-13.513073,5.9662175,-14.467281
-2.0006,10.034875,-12.628381
-4.1897984,-28.683092,0.4692434
-2.4435494,-22.693836,5.1873193
-9.148477,-3.9724185,3.569183
4.432255,-8.702204,-32.361706
-1.2368037,-35.427505,-12.916338
-10.611901,-35.196247,-13.25807
-8.878699,-37.360188,-8.171597
3.1160605,-16.819046,-16.980576
-8.804707,-37.31658,-8.29032
0.9646005,-10.405219,12.175945
2.6415043,-0.5350936,-2.7291253
-7.3124175,-21.595795,10.712176
-3.136457,-5.9355288,-23.046635
6.1790056,-8.593565,-10.897731
9.681529,-11.343966,-25.139452
3.8635442,-0.95353675,-17.07074
-2.1517072,-8.753215,33.21773
-9.700451,-32.547676,-11.728881
-9.181614,-1.5565766,-22.799818
-15.677403,-29.483105,-10.677013
-1.0431565,8.266796,1.3568215
1.5941658,-9.430402,-11.701563
0.71079844,-29.907852,-6.711851
-6.6281877,-18.844458,25.593245
-8.66158,-17.453924,-25.080248
0.15319265,-26.132801,3.9222355
3.7533844,-11.578347,15.163434
-10.932171,-14.451864,-3.4909055
-1.4350106,-34.75164,1.685261
-11.031105,-32.864372,-17.00528
6.958199,-7.8163915,-25.641565
-0.7331532,-14.777455,7.6777263
-3.779199,-15.75343,26.840672
-8.478018,-11.008162,-6.3498926
-12.778537,-0.7744474,-4.463442
-3.1940281,-19.182528,36.555378
-7.851816,3.1075666,-5.859885
-1.7895705,-4.6053877,1.7563568
-0.3228564,-31.482786,-20.197329
4.682573,9.74694,-6.1434307
-2.3191125,-1.9790509,-15.579347
8.763053,-13.822646,-9.266463
-6.4115243,-8.632376,-20.785053
-0.5672807,-23.102615,-25.475863
-2.668247,-10.322672,21.585857
13.596635,-3.6181736,-14.361029
-9.890916,-0.18621422,2.0799787
-8.020545,-32.79883,5.390513
-6.119792,-28.588724,-7.2286983
-3.6789482,-12.527064,31.761536
-8.958616,-5.403253,-15.741274
9.298138,-3.1075454,-27.749651
-7.191641,-38.044357,-2.9225109
-11.703135,-4.606334,0.37829754
-2.3685734,-29.744576,14.199826
-13.988703,-7.185232,-1.776957
0.10923895,3.5417938,-2.4513023
0.93095636,6.2112646,-6.840406
-1.7965516,-0.7590778,-7.3876944
-6.597436,-6.120462,-22.751116
-5.1806855,-10.046078,17.866665
-5.4947786,-22.621092,13.27461
-2.5316207,-26.058542,15.898175
-8.43054,-20.84245,10.398592
-12.228097,7.672194,-15.478342
-0.21653025,-23.579844,-0.27345145
0.9215434,-10.838315,33.334362
-11.384737,-31.850708,1.7141446
-1.247882,-5.3193274,-28.28388
-2.198837,-32.725376,-9.959141
-8.805829,-28.12159,-18.353357
-6.6207027,3.4793997,-13.191818
-10.70204,-13.3732395,5.1913614
-10.09365,-12.240131,19.929728
-1.7794408,6.226592,-5.563601
-6.5956783,-11.174823,-27.834251
-1.3242803,-1.9214466,6.548024
-8.118198,-33.62172,-11.213203
-6.433527,-24.644127,-1.9488074
-2.18198,-31.819359,-0.11290749
7.259723,0.39392295,-3.3855283
-4.6793222,-16.418627,18.479807
-2.8275418,0.6464112,-9.8060875
-2.7791994,-3.2521105,-7.8835235
0.64837617,10.6040325,-17.47923
-2.8419156,2.060007,14.190196
-5.3676744,1.3048317,9.642716
-7.280376,-24.795038,-15.451329
0.27451864,-10.873745,39.543983
5.1856737,-8.392869,-27.734177
-2.0413902,2.496903,1.9845812
-8.632129,-19.526533,-3.0704286
-1.2723143,-12.961154,37.31295
-0.20227875,-9.397479,17.102867
1.8220682,-0.1940738,-14.940636
-6.625184,-5.8883038,-20.659004
-8.506542,-10.784345,11.876435
1.4552925,-28.367226,1.2788908
-1.7097547,0.035367873,-10.581511
-7.1879144,-8.01597,15.412686
-4.1057153,-9.743608,26.45016
-14.375351,1.8106068,-12.45492
-4.585072,-29.242891,3.197499
-3.631739,-7.287888,-0.90098345
-7.7774644,-3.039684,11.66064
-5.3474727,4.434167,-7.5274873
6.260369,6.3732657,-14.012572
-0.9077868,0.29473987,-12.77339
-10.211878,-5.926088,-8.472977
-5.210051,-4.2143517,-20.362999
3.962731,-14.397184,30.985018
-2.2317574,-29.679836,10.380384
8.044398,7.8953986,-3.8215458
-3.713365,-31.236116,-9.610318
-12.395827,-14.386564,12.206992
-6.5949264,-7.207019,24.823019
-4.794916,4.2642207,-5.623335
0.3617851,-14.063341,31.654486
-7.812007,-14.021273,6.7011395
-4.0401607,-33.11155,9.563126
-9.320131,-24.01191,-18.593287
-11.84628,-10.050602,7.0403466
-2.2547483,5.505665,-16.106487
1.6669618,-17.380764,24.89302
8.490015,4.3736362,-6.986919
-1.6799487,-13.146786,-32.8261
4.6931114,-32.076363,-5.558293
-5.3581495,8.358855,-6.0999374
-5.84563,-29.359077,-6.6752477
-1.3322684,-7.690737,-10.482072
-5.118847,-33.437683,-6.4973836
6.610538,-8.455132,3.8571792
-4.274734,-24.442293,-2.2112014
7.2846146,3.9866498,-3.7920485
0.44504645,-12.27365,-25.187088
-7.4799085,-29.02006,-14.525941
-3.117336,-36.03081,-17.612093
-7.2779455,-8.608816,8.20043
9.317131,1.1545444,-24.901936
2.9679332,-3.872624,-28.50031
7.080863,-7.4716663,-11.272398
11.972581,-2.0810566,-18.852093
-1.3817209,-17.011198,39.910484
-1.4221556,-7.739054,-10.429267
8.450079,-1.0450592,-24.504108
7.0552063,-1.0538056,-18.941536
-4.153738,-9.667807,26.623869
-1.0326734,-6.6861677,19.612156
6.097272,5.2882304,-21.105307
-6.0734053,-21.882301,-21.268002
-5.6592073,-12.833137,20.196686
0.38331887,-24.453701,-12.430828
-11.370168,-14.512569,7.80495
-3.7022064,-28.249807,0.4484675
-1.5631429,-6.331647,23.461946
-6.423761,-11.2923355,-15.593925
-2.0549254,-32.38008,-16.217884
-7.0773425,-37.443268,-13.918894
5.4646435,0.38774395,-19.542427
4.4364514,3.4489074,-10.722769
-2.6338255,-16.510674,33.56243
0.713541,10.512291,0.996991
-13.352542,-24.870989,-14.56512
-3.6441503,1.2950739,-0.89836246
-5.16643,-15.287967,-7.143412
-10.5499735,-3.568839,3.8171318
-6.1181912,-0.09484558,-12.78267
-3.2593617,-24.273169,-24.013826
-7.027563,-30.955868,-5.479503
-8.074721,-7.0260344,-22.748365
-9.245491,3.732733,4.3484826
-4.9235597,-6.722963,-16.83369
-5.6679134,0.028217725,12.053393
-2.4872985,-18.836216,-26.936005
2.0153043,7.4975233,-6.1098075
0.19722974,-18.2865,34.18837
-2.378709,-1.0853255,4.0025373
-7.640581,-29.592735,-18.990112
5.059548,-4.815397,-17.417654
2.619508,-10.825016,-31.30371
7.1664324,-9.301496,-11.234886
7.3850236,-4.723402,-17.174496
-12.867807,-13.326784,10.448371
-0.8120408,-12.126431,26.461666
0.19395606,-13.135128,4.354787
-2.5663188,-31.998795,-20.88146
-7.6474147,-5.663831,18.9244
-5.1112523,11.964039,5.5950646
-12.49505,-9.891924,-8.556853
-5.060466,-17.986246,5.5544305
-3.6147141,3.741908,8.398185
-5.6285205,-1.1133401,-7.852474
-1.6166881,-10.082153,-25.587034
6.7445498,-5.3249726,-2.4203882
-4.1422772,8.934584,5.6710334
-15.542925,-9.724092,-9.457792
0.6478681,6.5898256,-2.9981506
-2.6473815,-37.866467,-14.405704
2.559751,-7.2983007,-10.511653
-1.144956,-12.976533,-5.815447
0.5720359,-10.463658,14.637603
-1.1398679,-17.229347,40.005245
-2.1699252,-9.567661,27.591795
-0.8159237,-3.7600365,-1.7136791
-4.0727744,-15.157882,-24.88631
-9.883813,-24.781279,-22.89181
-15.051599,-7.077971,6.7758913
-1.7050686,-5.5450435,-9.953664
-5.1529503,-5.8987412,1.4556984
-3.3068452,-14.2222805,29.28797
-4.6823173,5.9290752,5.952213
-2.6454608,-32.949005,-17.7247
-3.8259192,7.633293,5.0564847
-0.8591354,-15.26336,27.367077
-2.4383984,-15.707128,29.096994
-2.5649383,-29.305748,13.361925
-6.3015823,-32.384026,-16.571259
-7.7069182,4.83689,-16.202053
-1.7175605,-24.816914,9.148571
-6.8792295,-26.967226,-0.17841887
-2.1661067,-12.144746,30.606693
-0.53697914,-17.238615,-9.22741
3.5421083,-12.753804,-28.628315
-0.66646856,-17.2812,40.038197
-5.182844,-15.723029,23.265741
-4.751208,-11.81511,-2.110003
-9.75101,-10.6444845,5.5434446
-9.290055,-19.806173,-22.273853
-9.818429,9.045253,3.5878677
7.3836145,0.71140534,-15.3948765
-5.1985564,-31.090908,-0.9476551
-2.1162915,-26.253323,-24.794292
-9.714425,-14.928555,-2.5659208
-2.006579,-14.260754,35.600174
-4.8251,-7.215335,-10.89368
-5.9723215,-22.431604,9.743107
-7.839442,-38.027336,-0.0100197485
-6.6147094,-29.654453,10.49907
-7.501904,-25.044415,9.84133
-7.7675776,4.4564056,-23.159708
-4.99101,-5.6419353,1.4731822
2.940693,-16.74833,-17.910612
-2.3325036,-20.730614,27.404675
8.026307,0.29547003,-2.5158749
-9.017677,-27.703016,-2.1080928
-6.063845,-10.768969,27.443478
3.8180969,2.1188471,10.529633
-7.2403464,-27.25159,-1.0069716
-3.1333976,-5.221562,-2.6183624
-9.1612425,-11.293095,-2.7038577
-8.209989,-28.805199,-25.925219
-3.3986306,-36.46714,-0.5291092
-4.752741,-26.417912,-23.401981
-12.996616,-2.0355496,10.3419485
-2.4068034,10.883765,-7.5914364
-5.6050916,-12.8258295,20.427061
-8.040452,-17.72857,5.900993
0.5527255,-12.167417,-29.455917
-2.2761493,-26.64406,-4.1418104
-8.852927,-32.81458,-2.5163684
-4.8251104,-8.498821,21.814915
-6.003986,-29.822638,-16.143343
-4.0962825,-3.9107156,-16.203804
-1.4685535,-11.244971,18.961643
0.94166625,-15.011465,29.683634
-14.495508,-32.484203,-1.5344502
-3.7294502,-14.420672,-25.147345
7.8662524,-0.4439896,-0.9253629
-12.508698,-15.154315,4.84675
-14.521885,-15.818571,-10.472033
-1.4042621,10.307144,4.0549617
-0.12203161,-14.027461,-26.288254
7.8124757,-8.07449,-26.874456
1.007005,-9.709186,7.800311
-5.259782,-10.247172,17.801569
2.575309,-7.205349,18.28987
4.2068214,-11.802334,-9.2842455
-4.1237206,-8.457322,18.997156
-6.387012,-11.480312,20.524231
-5.8587685,3.832157,-18.202301
-7.9447455,-7.40264,-23.653522
-12.671424,-24.866938,-19.609797
-5.0455146,-12.565177,11.898495
1.0286359,-15.04936,14.090509
-3.0248399,-19.507631,1.9355819
0.94011605,0.24669723,-1.1514413
1.4721822,-13.76279,41.80938
-5.215514,-30.336723,12.924404
-2.2851465,-10.604142,21.480822
-5.176896,-12.511016,12.279052
-6.011661,-2.3843746,3.9205334
1.1964283,-15.027995,14.052422
-3.2623012,-21.781977,-22.9442
-3.8110774,-0.30841056,7.275001
-0.20524226,-21.085236,-7.8260736
-10.0178585,-24.37604,-9.189335
-0.950788,-33.579258,-20.742006
-10.523289,-13.240028,2.9305866
-8.17065,-23.23161,-21.510538
-6.2784414,-33.656902,8.837916
-6.0779943,-15.119621,-11.091269
-5.2239647,-17.772034,5.6419225
-8.509303,-14.0949335,25.85921
1.2023818,-14.505809,26.42723
-12.927017,-21.962496,-17.220316
-3.6584635,1.191034,-9.326178
4.5221806,0.43626177,-19.099636
0.12813559,-6.4647074,-34.352074
-0.0877403,-11.495088,25.281923
-5.319509,-0.43839794,-25.02753
-7.3973117,-2.3623817,10.845898
-4.161612,-13.105299,-12.717943
-14.667192,3.8213239,-14.0086775
-0.36401162,-13.8661585,34.283894
-1.8916719,-30.793062,-8.516469
5.726088,-6.9139824,-6.034726
-4.4386024,-33.107918,-1.8828002
0.33288988,0.20799142,-20.293703
1.748334,-7.375928,-28.876032
-1.1614845,10.954839,5.288823
-6.0609183,-4.131674,-2.3531187
-2.822972,-33.268898,-21.310549
-10.802634,2.7516334,-8.465328
7.172087,-10.301695,-15.364357
-2.872648,-15.828396,-3.258504
-8.521953,-11.159907,-2.0436378
-12.816615,0.8498226,-13.550021
4.7208505,5.326506,-13.917228
3.3002424,9.906086,2.9650779
3.4149394,3.7624185,-1.5704832
-6.2002544,-3.7409606,-20.485222
4.376034,-10.1619005,-14.265247
-1.0301807,4.9590926,8.878903
-6.6973577,-10.448438,24.925663
3.8949914,-12.286825,10.365236
9.075523,-11.10295,-15.016263
-1.7777618,-11.336745,-21.28921
-13.34599,3.0982146,-8.959404
-3.1528034,-14.294626,29.634222
-3.831746,-6.675719,-28.487997
-11.958716,-34.948227,4.461919
-1.5546453,11.13155,-5.072114
6.284854,3.6250894,0.0043780264
-9.633,-2.1812947,2.966307
4.036052,-13.079294,-5.5162582
-3.6710472,-12.43606,28.962572
-5.989921,-27.009712,-9.127814
-1.9594122,-23.671928,-22.214203
-8.976033,0.33071473,-12.887113
7.388042,4.1913543,-3.3323839
-7.4140496,-5.051849,16.824066
1.5986487,8.35574,9.127302
-4.4611497,-3.7017355,-21.663986
-11.5055275,-21.945318,-13.646317
-9.81623,-28.276659,4.3019986
-12.065841,-5.716335,3.1456597
-7.629514,-38.183247,-0.15344122
-4.980841,5.6126657,-0.8465564
4.280294,-4.931854,-29.254786
-3.2552183,-27.217253,-16.964025
4.2321763,2.5327632,-11.891905
-13.545774,-30.248934,-13.838813
-6.603686,-11.450277,-25.87208
4.612221,-12.979143,-16.034418
2.2597404,-17.014664,23.483797
-6.393652,-26.740103,-11.659447
-12.761339,-9.607039,6.9015684
-5.115383,-30.835173,-5.4490967
-5.2442446,-7.1432767,-22.911873
-7.6695747,-28.699598,4.4730344
6.268295,1.2123044,-20.18844
-3.8995552,11.566765,2.0751808
-5.5574236,-8.16771,-25.654137
-2.624528,-12.962629,19.272722
-14.745497,-10.583153,-2.7676196
-1.3426719,-26.090086,11.376257
-6.304367,2.468067,-14.228383
-4.2921076,4.2635293,-17.800999
2.6933403,-5.5721073,1.1463907
-8.095361,-24.075602,-24.620712
-5.5970345,-19.675749,2.0535579
-4.2467036,-34.311394,-11.25537
-3.1348622,-16.66635,-14.588543
4.371681,-2.2375627,-33.262905
9.238625,-7.2692213,-15.207761
-1.8684564,-10.135715,-22.82409
-2.7849002,-1.7180198,11.7177725
5.761512,-14.388201,-14.724468
-5.447071,-6.621235,-6.115238
3.9009202,-15.555431,-23.74315
-8.937575,-18.67119,8.968243
1.5928211,-11.918645,29.500751
-14.426468,-4.2285414,7.86617
3.577263,-1.9942003,-17.37718
-1.7864771,6.7914515,-10.511486
-5.836525,-16.876434,28.936743
-14.581464,-2.8544865,-10.924375
-3.4061558,-1.1597984,-26.808884
-2.8552098,-26.722143,-12.748488
-3.3146892,-35.045506,-19.616854
3.9486728,-4.7582912,-17.402145
-7.0206585,-33.529335,-0.7762786
-2.6194751,-22.340876,5.1677847
2.4514868,-18.319523,34.012276
-1.8213822,-2.1449502,-3.5247533
-8.05828,3.795363,-9.646572
-3.355951,10.6993685,-0.40455583
-4.686913,-8.2019005,-22.609411
-8.804979,4.9463415,-15.314587
1.4611804,-8.618398,-6.852519
-2.843841,4.425195,0.17610645
-0.9227855,-13.341198,22.64307
-6.5181355,-6.05305,-4.559079
-3.9363728,-27.041553,-1.6001048
-3.30557,-24.903614,1.4598463
-4.2747693,6.0472503,-14.771266
0.059707437,-12.9001665,-15.13155
-13.281858,-3.1903412,2.7331655
3.8541474,-6.0422063,-22.737406
0.7310787,-17.117193,-8.766207
-11.424971,-22.759523,-12.803041
5.939541,-7.3757854,-8.503944
-0.20376362,-13.115023,39.306
5.367397,4.4542246,-7.008448
-7.7552724,5.7759795,-10.830761
-8.815549,-6.1926956,-7.335902
-8.259462,-9.591395,19.861734
-10.891232,4.836103,5.1732373
1.3938037,-14.692308,26.559582
-3.4687061,-19.57198,27.95558
9.117418,-4.2895827,-20.523994
-1.9955126,-28.66214,15.483532
-7.11287,-5.0471716,17.124344
-9.294218,-35.643684,3.558116
6.1278486,-5.290779,-22.763588
-8.995234,-8.788788,22.070837
0.6427838,9.067561,-7.2462587
-6.763976,-1.9903213,-28.845728
-9.358452,-17.344389,-17.6026
2.0573554,-13.216871,-1.2006253
5.111812,-10.798957,-31.11635
-7.6940274,-22.221264,-18.622515
-14.756065,4.122796,-6.121887
4.5957427,1.3957134,-27.47929
-5.7882895,-26.721897,-8.883344
-2.8277671,-25.562302,15.840263
-0.26528862,-9.888438,26.075659
6.1278944,-6.9842443,-34.117687
6.0852723,-9.090217,-32.20381
-13.518054,-10.552427,-1.7540267
-1.6990169,-6.1175065,-25.942762
-0.5144502,-23.198284,-25.466366
-1.0126605,-10.095984,-11.244614
9.818541,-11.281952,-24.737381
-2.7794385,-31.587614,3.067199
1.1251873,-22.427334,-8.850818
1.4032027,14.068925,2.810765
3.7672737,-1.579864,-36.1988
-0.29887974,-0.5427326,-10.636394
-12.614415,-28.925629,-7.3800507
-1.5043608,-31.016636,-2.7286506
-11.450521,2.5231757,-16.789131
8.855515,-6.2487907,-28.728949
0.5518864,3.6949074,0.7115371
7.4142685,-13.856897,-12.260647
-2.7993665,-13.207405,2.0429404
-5.513473,-11.988304,29.199345
2.606734,-15.09838,-30.294416
-0.6521146,2.501343,3.346815
-8.695802,-30.013475,0.80682325
-9.095698,-14.964118,-18.656895
-0.8615936,-5.7168293,1.2339476
-4.1989517,-13.136721,33.599377
6.5768337,-1.4159201,-23.948856
-11.870148,-27.290543,-25.469322
-2.5061917,3.66881,-15.271238
-5.963595,-30.952799,-9.350904
-3.2350962,-29.105389,15.015878
-2.2536929,-14.54313,25.756065
-4.7334085,-14.64664,14.276275
0.82560647,-5.112538,-26.346317
-6.541692,-1.6670141,5.6746445
1.2075379,-0.30132514,9.988329
-6.8081527,-26.517065,-25.18908
-9.382775,-35.763607,-12.056292
-0.4792371,-9.841128,-27.185974
-3.2470634,-5.663257,-12.259334
-6.9220424,-6.8690796,24.733156
0.3912144,6.926031,-2.766637
-5.581261,8.308799,-6.187718
-3.9765701,13.271908,4.5690084
-4.321011,-22.603409,-26.62506
-0.576294,-17.39627,33.462173
0.6227036,-13.436561,10.708685
-8.234574,-7.1540394,20.57782
4.555647,1.9581034,6.2086816
2.4890652,-18.297007,34.180996
7.549446,-7.641068,-29.339218
5.219564,9.917476,-0.45281905
2.0923235,8.065785,1.1905714
-11.685681,-4.0953627,-9.092455
-11.51629,-26.081676,-22.390465
4.292819,-10.531226,-5.5985346
-1.5560081,-9.284322,-5.956538
0.040567007,3.8741233,-2.452403
-0.6420053,-17.058435,34.838097
-2.3878944,-28.450745,7.43529
-2.6989353,-17.742842,6.9927435
-0.08076581,0.08756665,0.88342756
-3.4029517,11.28558,-2.5936425
-6.5919614,-23.331755,-22.905422
-3.4564729,-30.09231,-17.362377
2.7700665,-9.616614,-28.454687
-0.31125075,-13.325224,37.286343
-2.9173722,-12.4179325,-23.593601
-1.3007454,-18.523588,2.3051789
-9.836294,-8.153563,-28.047499
-2.8384366,-0.2270559,-30.35429
-6.951939,-22.008125,10.494102
-6.3689833,-3.2852976,-16.902905
0.30857742,-12.416293,-15.044708
-3.7847607,-31.492477,-14.530206
-4.413051,-31.673166,-19.717396
-4.0693755,1.9172994,-20.957932
-7.4298286,11.664115,-3.790756
10.451845,2.2900372,-7.7363267
1.3350852,-2.5732014,-1.384455
-10.501285,-5.1290708,-13.561345
-5.030744,-31.90287,-7.612017
-1.4385284,-26.264017,11.42707
-7.9054346,-2.9821079,-20.442429
3.8746986,-2.4598129,-12.561554
-1.0829008,8.074201,1.4895681
-1.8453387,-3.1157837,-18.532112
-4.054723,-22.726166,-19.81732
-5.4247875,-7.0191326,1.3363162
-2.405249,3.9817455,11.571328
1.840158,-3.688189,2.6823773
-7.054779,-34.38186,-3.8353112
-5.9756875,0.48920813,-1.815674
1.8209256,1.6284215,3.3657513
0.98968565,-21.109718,-7.2364492
-12.460979,-34.640522,-10.044307
-8.136234,-33.56045,-13.959491
-4.0719247,-5.005329,0.7678385
1.1356335,-34.076843,-4.7847404
-2.0129442,-4.4110017,24.11394
11.595281,0.38005787,-22.232931
-10.750947,4.8097606,5.1272984
-5.187483,-7.2379456,-22.844727
2.0523138,-14.1948,-8.078535
-11.701451,-4.678565,-3.592436
-10.223944,-5.1708336,5.52561
-0.062235944,-30.464142,-5.2616134
-10.202019,4.5324054,-11.004537
-3.8341904,5.6608076,2.5340598
-2.8075178,-25.45232,5.128952
7.6861496,-8.051733,-26.531597
-2.2292209,9.3130245,-8.300369
3.7254658,-9.211231,-8.643369
0.13869892,-32.193684,4.7704897
-3.7775164,-4.7987914,7.7007594
-1.9476348,0.43495443,-4.7618213
-8.263328,-31.92998,-1.8886894
-2.381013,-12.944167,10.049477
-4.229947,-6.8207903,16.678043
-10.33394,-11.157125,8.5047655
9.114291,-11.126412,-14.917655
-12.515238,-16.574293,1.5904701
-13.64081,-14.017078,-1.1272068
-3.8293555,11.616285,2.0290534
-11.75022,-15.289571,1.8459789
-3.8933163,-33.66911,-16.429602
-14.972442,-3.9572806,-7.0129657
0.72139513,11.042661,-7.8589907
-6.074418,-13.598054,-4.8788958
-5.7249913,-29.31782,-2.7385986
-1.5814564,-7.525257,27.171114
9.791706,-11.293126,-24.81355
-4.8409348,-10.759534,-20.874735
-5.2826614,-12.431418,34.547283
-2.5373573,-29.952045,-5.0219126
-7.5281935,-5.9491267,-0.26023766
-7.839091,3.3921,1.7560819
-3.7760003,-29.325483,-23.038363
7.9978323,0.06082524,-15.115159
-1.8352529,-7.610939,24.827415
-1.4568256,-5.1947103,-26.096523
1.6218481,-14.374451,-9.29311
-10.385017,-35.179737,-19.555021
-4.8675513,-18.959538,-12.480177
-7.5051236,-28.448948,-26.5189
14.085761,1.2125294,-19.136597
-5.12234,-12.554772,12.03692
-12.68216,-4.6513414,12.919282
-8.42435,5.7372518,4.5182853
-10.735351,-8.546334,-4.9114037
-13.725774,-9.18972,5.3659763
-1.9793459,-12.704545,10.886122
-2.6318755,9.18516,2.7565358
-9.742021,9.126635,3.6506326
-11.029922,7.9715457,-4.5234323
-7.0432515,-31.475094,4.290944
-2.1185195,9.483734,3.0350118
3.5423636,2.119838,-2.0760846
4.8321047,-2.4111164,-0.73425937
1.3436509,-22.15557,-11.90708
-2.5297632,-17.154963,20.252169
-4.3420925,-30.466253,9.744526
-3.9147563,-5.3594284,-4.2981997
-5.2847896,9.8867655,3.9128153
-9.405188,-8.150579,16.759514
0.06345164,8.563007,-4.889225
2.2561512,11.172361,-7.1431236
-6.466597,-20.522196,-11.5431795
-5.864792,-19.154295,-24.548765
-5.648196,-14.363465,0.5323331
6.1419644,-7.0124936,-34.06789
-10.924066,-32.69852,-14.08367
-2.7152212,-9.687893,18.796322
-3.078856,-4.0689745,8.529789
14.383041,1.6322219,-18.080048
-14.694149,-3.047392,8.9864645
-8.494427,-32.82123,-17.257132
-2.7488592,-27.17267,1.9073129
-3.6953497,-3.3728492,15.335501
6.347883,-1.304661,-28.490568
0.15314803,-25.165865,-13.042008
-0.6816658,-26.808826,2.2216454
0.15079218,0.016349457,-5.635692
-13.179167,-11.809897,6.57553
-0.43706608,4.360287,3.074638
-5.8453393,-30.014174,-26.428368
-10.792114,-31.369736,-19.14427
-3.787123,1.2703977,4.473219
-6.978213,9.942016,2.4351053
-8.696934,-3.194034,-16.297464
-0.9816542,-7.6849546,-3.4937305
-6.249604,-32.053196,-20.855679
3.1341255,-9.804981,-16.196806
1.2756915,-15.098249,22.595398
-8.843843,-32.670536,0.48811957
-0.95894593,5.05224,2.7157872
-6.488716,-11.395458,20.451414
1.0274861,-17.24069,-8.650653
0.9291207,-6.1290364,-4.2530255
-5.484507,-10.916999,6.9164486
7.9220223,-0.07794397,-1.4652238
-2.211498,-12.196503,30.712566
2.5579476,-7.1537185,-10.364466
-5.210317,-2.6790247,16.903214
-10.786094,-6.757884,9.987516
11.291793,1.9972911,-11.217028
0.6277043,-12.25704,13.7258
4.010273,-14.354492,31.083605
-5.0439935,7.4063277,-2.0041077
1.5749196,-5.963316,-5.642679
4.779879,-2.77365,-20.932068
-10.695623,4.27759,-11.09591
-6.058973,-21.61607,-1.6950734
-3.8950973,-5.5052733,-20.847363
-0.14126244,-10.740869,24.115137
-13.534449,-29.115673,-1.3614585
1.9604552,9.201323,2.9854977
-2.9818542,-0.16011244,1.884551
4.869782,-19.043167,-5.9178557
-7.741597,4.1467648,-22.94353
-4.085172,-8.256506,-7.8327613
5.420715,-6.822825,-34.87784
7.5095,2.5282438,-21.672358
-6.06614,-7.2719398,-18.181692
5.4510627,-12.954208,-18.529877
7.259594,4.786675,-19.40178
-6.3420286,-30.840189,6.086545
-14.499525,-18.064392,-0.25112858
6.6479335,-10.539425,-28.24616
-3.053385,-18.44782,25.822226
0.79758155,-4.1536555,-20.771479
-8.760318,-33.470093,-16.65047
10.909448,-3.7349122,-14.235063
1.2962081,-11.723936,-27.189447
-3.3325422,3.9561365,0.9463049
3.8244786,-11.542322,15.065277
-6.725357,-33.25656,1.625914
-7.619977,-20.848822,-22.041462
6.7484903,1.7704395,-1.2496554
-11.96585,-36.63923,2.2559237
-2.0352292,-0.9464635,-23.833559
-4.5240207,-29.738264,-20.823692
-12.024477,-32.994602,-13.6605625
-1.9758202,-1.6121284,0.57956797
-5.5782113,-13.1253,-5.394038
-3.760881,-4.6125407,-11.846368
-4.2121453,-23.586296,13.910946
-15.046085,-0.8173816,4.9652586
-4.458592,-6.081442,6.9262986
-1.8426597,-10.207143,-22.906096
-6.171528,-22.746603,0.4132893
-4.180761,-11.596929,0.8756991
-5.4820104,-25.714748,-13.362194
3.5785615,9.945569,-4.8592463
-13.6122465,-9.036169,5.8551774
-3.0623496,-2.329911,14.059691
0.2602523,-23.685886,-17.886805
-1.0148774,-16.64073,14.630494
-14.876828,-11.015151,4.3793936
-0.9133703,-29.350344,-18.768528
4.955741,-0.69086194,-28.107655
-13.968176,-3.4139066,-11.594622
-7.973311,-3.07553,-8.978786
-3.422444,-28.616308,2.9976337
-10.8353405,0.7535669,-18.11018
10.142532,1.1235963,-16.86019
-8.208246,-8.044909,21.937975
-12.367877,-10.821093,-17.941776
-7.6769257,-26.633638,-23.204777
-9.47213,2.2478576,-13.587947
-3.1191928,-17.554949,30.833754
-8.914492,-14.489086,-18.980753
-3.7090209,-28.158123,9.09876
4.347201,-6.659475,-8.474874
-0.42218488,-2.5536957,-25.839544
-1.2716305,-16.360285,17.961859
4.3092504,-13.7492075,13.602567
-8.897593,5.1130004,-16.004654
-7.302059,-25.101109,-15.489741
-8.931795,-18.695309,8.906134
-0.11484816,-25.655983,-7.3193254
-4.216798,-3.8009677,-15.073687
2.0159338,-1.6471747,-9.716272
-9.364123,-5.3767996,-25.230946
-2.3116448,-9.660031,-19.52725
3.159872,-11.017664,-25.563244
0.3698199,-12.252144,-25.04471
-1.5372638,-25.875788,-1.9776955
-1.4498855,-14.0516815,13.237849
-2.9902642,-27.924541,-19.549911
-8.696081,-14.344391,0.99214524
-0.19022037,-1.6322174,13.09596
2.1205077,-8.391629,-23.0086
6.8920107,2.6278358,-25.346827
-4.3345447,-0.92590225,-22.132034
-8.404646,5.748881,-12.916277
4.0998535,-11.898316,-9.442454
-1.7656637,-7.623848,-17.570717
-9.8731785,3.0718164,9.333535
-4.1582465,-32.898277,0.15324761
-9.928011,-34.63939,0.3920339
-7.13659,-19.841345,-22.329895
2.2642045,-11.970158,0.8909879
-10.434923,-22.292435,5.068149
3.215436,-1.7835038,-5.776263
0.22695465,-16.00367,35.201054
-8.656464,-6.1924424,-6.842544
-4.7406588,-31.47597,11.969537
-1.9055827,-10.549115,3.8108108
3.5022008,-5.6393046,-26.6533
8.673832,-14.383076,-8.629498
4.5065384,3.2451334,-10.947811
2.9223397,-10.126002,6.768165
-10.208879,-5.220741,5.696858
-14.115869,-12.889748,4.2924747
0.51508856,-27.585886,-1.3328117
-6.740205,6.7342243,-0.9644866
-5.107791,-7.2460256,-23.832048
6.2534695,3.5806818,-19.249786
-1.5429487,0.5815636,-21.78714
-2.8711042,-15.542833,31.289543
-6.001222,-21.688965,3.9193602
-3.5220997,-13.781805,-29.436256
-9.428433,-1.2622411,-24.508076
-8.2186365,4.6734204,-17.980322
-5.5569673,-31.779806,-17.95938
8.634821,-0.929198,-9.863211
-2.9680903,8.135006,6.4960504
-3.2997978,-4.38457,8.313944
-6.202374,-40.73989,-9.118613
5.1273627,-0.86600393,-23.804752
-5.0702796,-0.01029245,-3.241211
5.551663,-8.514474,-1.9283946
2.1417987,-12.41116,38.717876
-5.0608344,-6.444459,-20.759762
-5.8277783,-30.02698,-26.441576
-2.916529,-3.9224234,-21.757614
9.692543,-3.8163931,-25.429932
-0.308421,-11.753599,34.361588
4.897191,-8.656138,9.429176
0.6408871,10.729271,-17.450155
-3.3147566,-17.81789,22.885765
-5.870273,8.302312,-13.863029
1.2626538,0.3997577,-15.254265
-9.386263,-18.914032,-3.563368
-6.513017,3.8319788,3.7374718
-2.1650176,-15.394358,37.065365
3.510402,-8.7577,-28.993223
-1.9045182,-2.2702339,-11.588143
-6.491745,-13.817895,24.410728
-13.845383,-7.499276,-4.676025
-10.922001,-29.406391,-22.48953
-12.629673,4.026735,2.6768951
-7.53016,-3.8434415,-22.665628
-0.040292107,11.654298,4.891598
-3.257589,2.1355298,13.593488
-1.3797888,-17.221743,-9.156967
6.9669204,-3.3130267,1.6151623
9.5602045,-4.009682,-29.409012
-7.011031,-8.017218,15.314585
-9.392874,1.8684162,-13.927039
1.6899798,12.418495,-5.990992
-4.7410674,7.3822494,-2.1251783
0.012765812,-14.195762,-15.657575
1.1159409,-10.284145,-19.218287
-5.80826,-24.12554,-21.79125
-4.9769855,4.344278,-5.496517
-7.846119,-22.830141,-5.435892
0.01905468,-10.530817,28.771072
-0.71358514,-17.94284,-5.4454694
-8.433893,-30.41063,-14.167626
-4.6384954,-7.508871,-11.100417
-9.928192,-25.80122,0.18366696
-8.339796,-9.489512,19.933662
-6.7433114,-2.2074265,6.258186
-8.702034,4.2850084,-11.213895
-8.982567,-34.03645,-15.94457
-3.8912292,-34.493965,-11.514671
-2.1903174,-23.932507,-21.9912
-1.211302,-25.686295,11.219566
-7.0319266,-28.64275,-15.693225
-7.8280945,-18.651728,-0.92972016
-4.852885,-15.177107,17.650597
-2.2374249,-7.9833174,15.489965
-0.53617424,-5.37098,4.949043
-6.361822,0.37515557,-0.7094307
-4.2402925,-27.169079,6.2307625
-3.167103,-10.38064,12.658838
-3.4336584,3.802251,4.3129563
-7.42833,9.631195,-4.2291474
2.3576071,-1.2673426,-28.252892
-3.7789924,-12.371426,29.039347
-4.226235,-5.5355496,7.1223392
-1.0915842,-15.51965,-12.119628
7.786174,2.8123922,1.1396985
3.5264034,-8.838586,-4.7240114
-11.391621,-4.6615896,7.9349914
-3.8912172,9.016651,2.0452428
-6.8237643,-10.4321,9.890469
-6.6718783,-5.8567543,-20.68963
-11.41617,-7.790432,3.6019232
-6.3421736,-25.220345,-21.412418
-6.14707,-8.209177,19.104578
9.211009,-7.346552,-15.20977
0.46503857,-6.7665877,13.789697
-12.634625,-8.489686,-1.2450984
-4.8054876,5.133531,-10.821996
-3.2765121,-19.889858,4.462798
-7.749183,-10.74156,16.180258
-10.872634,-28.350172,-13.943548
0.28944823,-5.6909394,13.84002
-9.21105,-30.318497,-1.8268473
-6.4810658,-29.945126,1.8360178
-7.1888075,-37.979218,-3.029496
-2.2547452,-18.130365,-11.73028
-13.294949,-7.9233027,-6.317791
-7.7397842,-34.791115,2.8740005
-3.6039917,3.7067726,8.398056
-7.7503614,3.795951,-22.582335
-2.9679787,-17.821356,23.259289
-13.303475,-8.14769,-21.026234
-5.850249,-22.334023,9.667191
-2.2848494,-8.217227,15.19638
9.751292,1.5879245,-13.962316
-3.4447227,-29.74634,5.506057
-10.916756,-20.937056,-16.506144
-5.1255774,-33.331554,-23.175623
-6.6127696,-4.6780896,8.403761
-4.456386,-10.561903,20.10971
-2.8437335,-5.200503,3.0505366
-6.7421055,-10.167569,-8.850902
2.6961608,11.531775,5.544716
-6.885925,-2.3801463,-16.413303
-0.40366253,2.3883677,-10.467652
6.3078885,3.478305,2.9391868
1.5558561,-11.843488,29.679472
-8.119201,-26.18482,12.454167
-2.056348,-26.584627,-8.938809
-6.845299,-27.358902,-17.199614
-0.83721924,4.8462043,2.895534
-3.4839709,-13.272591,-0.49724087
-9.984149,-12.258988,-6.91696
-3.8478577,-5.2439733,-3.8889542
-9.674702,-1.9855676,10.183003
-0.49510708,-30.4387,-9.863378
-3.4095917,-11.988411,9.607091
-3.7908773,-13.514662,25.809746
-2.6297395,-5.792304,15.137555
-5.4353538,1.2029989,9.661525
-0.9341392,-0.13901274,-14.11107
-6.265501,-25.138376,-19.03351
-5.5179553,-8.840555,11.540716
-4.519036,-3.4515684,16.937855
-6.895051,11.798862,-7.2072334
0.2934984,-35.667816,-3.8108003
-0.89274615,0.6922578,-4.7802386
-1.353974,-6.9514413,-21.420465
-0.73487264,-19.133951,28.311527
-9.742506,-1.8225896,6.455061
-15.041511,4.201965,-5.3238044
-1.8105385,6.260806,-5.4554253
0.5895511,9.08111,-3.587649
-12.673843,-12.068614,7.944884
-10.35316,-6.113076,1.4936699
-5.4320283,-10.648285,29.999275
-6.190354,1.2812128,-6.7153835
-5.5158906,7.4615345,2.2637475
-8.377207,-33.495537,-9.196556
-7.428245,-11.3809595,-26.548624
0.8092108,-19.626501,-9.954886
1.2515634,0.37719882,-15.355764
-5.58227,-25.004803,11.448593
-6.3843613,-12.034277,0.5885214
-3.3086987,-32.422913,-12.980222
-4.7095184,-21.535885,-1.9582912
1.5636362,5.291198,-16.462223
-6.933935,-27.593472,9.867078
-4.346915,-0.8600771,-15.589408
-7.441964,-20.64479,-22.16919
-12.717703,-28.841967,-7.417507
-5.8295426,-15.360538,29.297289
-3.3034773,-15.638347,16.500187
0.71286386,-12.620131,40.114315
4.067138,-9.45249,-28.21858
-13.552445,-29.138384,-1.3623261
-8.954982,-31.142796,-21.226397
-3.749944,-31.530766,12.63005
7.305097,-9.02612,4.5565157
-4.2886786,-14.006023,22.945173
-11.550072,-3.0664032,-25.89858
-8.252205,-27.878853,-13.151396
2.2059941,-13.456339,-1.5552844
-1.8390967,8.524237,-0.6461092
-5.179681,11.407436,4.4177866
-11.468966,-14.5185795,8.148939
-3.9138944,-28.475595,0.4566859
6.2419605,-6.4127045,-35.014465
-9.520864,-5.1569,-13.016071
3.4485068,-6.447836,-33.003708
-2.3805213,-4.044245,2.0839517
3.2581565,0.5698524,0.8039567
-2.4204578,-25.13829,7.2076693
-6.2717834,-20.201424,11.380081
3.0049312,-6.1267786,7.8505764
-7.1599703,-34.579926,-19.144331
-11.20871,-4.5734997,8.239011
-0.6600411,-26.919294,3.1800077
-10.417044,-12.859673,5.5266814
-4.858532,-9.226392,-0.5161557
-9.612418,-34.56453,-18.189396
9.91967,-8.182872,-11.641153
-1.368013,-25.49294,-2.3189337
2.5814528,-8.397954,-12.091496
1.1282597,4.903807,-4.283446
1.4540797,-7.794732,-31.110435
-2.569479,-19.155478,-7.3807044
-9.6806345,-10.966467,5.6555266
-3.7089295,-36.492455,-1.0562248
9.307471,-12.748665,-18.274168
-1.6483095,-23.602558,-22.217043
-4.0537176,7.820406,-2.7122877
-1.5600663,-13.934248,31.82925
-2.3537962,-6.2835126,12.761326
3.724502,-2.040991,-20.710539
-6.222623,-21.72647,-21.216612
4.043538,-7.094537,12.428741
-6.692949,-12.200769,13.424897
-8.612798,1.876068,-18.86026
-0.15624866,-18.751656,36.73856
-2.7315865,-31.538622,9.479434
0.10427737,-34.493046,-10.884085
-6.569519,-27.85065,-21.988586
-5.812698,4.5538487,-4.8033433
-1.3047913,-34.014732,-20.59078
-3.7279525,-36.079697,3.2751243
-11.100567,-28.084219,-10.350099
0.36177155,-5.0791483,19.547554
-1.781648,-14.7996025,-11.778682
0.12786588,-12.122879,20.90565
-14.279884,2.753083,0.94192004
-6.4251328,-26.011639,5.5276747
-6.622761,-19.233704,0.40302578
-6.7138853,9.05443,-2.0018911
-4.0422745,-23.8071,13.983672
-0.38120577,-2.5758183,-9.263525
-3.2500713,-7.5845475,-21.682842
-8.070746,-2.9167206,-8.770445
-0.82287127,-13.309599,22.456303
-8.194054,-23.523722,5.4740067
-7.707212,-18.655012,-0.8343584
-4.6950045,-3.005584,-28.394812
-8.518639,-32.844482,-11.608113
-1.1750515,-16.136166,-10.074687
1.8906069,-3.8724983,11.845657
2.389404,-16.623129,-18.844614
-7.671045,-22.251474,-18.530058
-8.693812,-32.949738,-2.8127463
1.0195124,-3.123798,-33.793552
-4.5016055,-30.126177,-20.94502
0.30138212,-29.359276,-9.34685
-9.456611,-15.959503,1.6719944
-4.460052,-6.862818,17.478592
-6.9124346,-23.600946,6.554724
-2.0118492,0.16298063,-10.471792
-3.7794049,-4.9934936,-6.0003524
-3.8746939,-10.635238,31.195116
2.6537523,-1.3969136,-13.580971
-2.1938982,-11.939035,-6.7682214
-2.4633389,-11.597981,14.018452
4.5342517,-5.1870174,-28.589529
2.073427,-8.351851,-22.925493
-5.1570134,-37.314518,-16.13635
5.276583,-18.008402,-4.641659
-5.1302147,-7.039593,-23.439789
10.975409,-6.2489376,-29.376081
-8.451038,-29.601702,-24.128666
-4.736702,-6.9590845,12.695037
-10.14748,4.037558,-18.677385
0.43916452,-11.99154,41.10474
-1.5738916,-7.665967,-24.645927
4.7885714,-11.955751,13.846619
2.052222,8.134623,1.3355426
-3.3578696,-15.652378,16.45331
-0.26175246,-9.954412,-1.0758059
3.5911226,4.39126,-7.632671
-2.7953258,-1.8606458,-3.971636
-7.051404,12.229497,-2.2747712
-11.806409,-31.032288,-19.517696
-5.4578404,-12.963985,-5.5275598
-9.555034,-30.675024,-16.48504
1.3908482,-2.26621,-11.399871
0.3317115,-8.943272,3.6570978
-6.302743,-25.60937,-5.96493
-0.5905333,-5.596849,7.756387
-10.4768095,-6.518468,12.6575575
-7.250537,-2.9394827,-26.172787
-1.4745624,-6.4916263,19.992353
0.44175535,-27.628824,-1.2234818
8.398304,-0.30033275,-31.172428
-11.056032,-1.2383063,-9.488532
-2.7946417,-25.009386,5.394062
-14.698655,-2.7675714,-10.780216
-9.516758,-31.269636,0.5679405
-9.927121,-34.746323,-18.47127
0.38489616,-28.409761,2.1308177
11.872143,-1.7479702,-19.019096
-7.031024,-11.543658,21.308075
-8.118958,-28.480234,-18.802242
3.124794,11.738677,5.0245914
-15.644982,-29.778816,-10.070457
-0.00080091547,-4.4382324,-17.058977
-9.152966,-15.771875,-7.2127414
1.6501977,-14.892445,24.785042
-0.46923134,4.1366787,-6.8064084
-2.0573602,-17.724747,-5.3889256
-5.369621,-29.049675,-3.334946
-6.827746,-5.6873646,-4.2101965
-3.6443875,-19.938335,-9.784496
-0.010550823,-10.260092,-16.654308
-8.455282,-5.374457,-3.707776
-11.894297,-16.217436,-7.991319
0.8078048,-2.9882882,-3.8327115
0.26615623,-15.125057,20.956814
-6.118245,-21.859018,-21.271303
-0.78696233,-13.272699,16.214563
-1.2272813,-15.17587,24.84706
2.3364842,-8.706423,1.026471
-11.500748,-8.988402,-2.4647408
-1.8023841,4.8424873,5.201593
-1.1008928,-10.108827,-11.321966
-1.8854998,-19.236803,29.979939
-10.811088,-7.0712204,-24.061382
-3.1233861,-13.016346,25.063171
7.0993733,-2.2441332,-4.0756493
-6.1985188,-15.562642,19.0098
1.3938053,-8.111142,-27.111452
-7.795596,-25.157846,10.836838
-5.583836,-11.384578,31.800325
7.809219,-9.46861,-31.845219
-1.665153,-26.142344,-1.6351984
-13.41831,-6.6060576,-6.661728
-0.6768464,-18.457952,2.2707274
-8.101411,-7.012588,-22.81057
-16.627344,-6.243733,-0.9680898
-0.22104669,-7.429523,-32.358746
-0.13520521,7.1207457,-6.105602
-7.1260934,-9.014489,-2.4794815
6.3353558,8.139282,-6.8645697
5.854643,-9.7308,-15.854944
-4.367671,-21.819202,4.390781
-11.11253,2.55878,-11.029376
3.8172174,2.258305,-18.453512
-11.508422,-7.96991,-7.8063297
5.571466,-2.1073315,-15.385202
-1.3111833,11.318464,-4.7270346
-11.272215,-29.833454,3.7955713
-0.81013024,-3.6933174,-1.8724092
-11.251569,-9.760961,-0.64156824
-8.73749,-13.780307,-19.331728
-5.29805,-0.31741872,-6.9869184
3.3921754,-16.882984,36.640938
0.8092672,-2.983041,-3.836318
-10.652694,4.79383,5.109823
-5.075271,10.606902,3.5539303
-4.935482,-0.21350321,-10.912466
-11.008504,-14.697303,6.9348674
-4.5458117,-0.5644342,-22.70117
-9.489827,-28.331432,0.71955097
-10.195348,5.8347664,-0.9915653
-5.263589,-15.270874,-7.639927
-9.7361355,-31.606363,-6.3856587
-0.004140624,8.848786,-6.7509804
-9.391699,-20.651146,6.1562138
-8.107496,-8.76567,-27.256945
-2.0153306,-29.67133,-16.178513
-6.22153,-32.988556,0.56078684
0.58173877,8.670081,-3.13959
9.864045,-4.313205,-8.74454
-3.762317,-24.729637,-0.034896743
-4.8092413,-28.548777,8.7328005
-10.961216,5.918461,-8.590659
-9.057082,-25.103935,-13.238251
-2.4160132,-15.117915,-11.303259
-3.631698,1.2961221,-0.91005445
-2.0498059,5.243719,-11.719522
1.8449984,-15.920855,35.319897
-6.293838,-5.128757,-28.570711
-3.7242103,3.242863,5.0721817
-10.741318,-38.186058,-15.768612
-7.344569,3.0564709,-15.391669
2.87268,-6.6949883,-33.010635
-1.8788794,6.7453203,-10.175755
-3.6473792,-10.302056,-12.60272
-5.8632827,-33.523335,-12.5056715
-13.047193,-12.992824,1.5291351
-3.7397783,-22.345293,-0.40025643
-3.228227,-19.156881,36.628933
-6.1443796,-25.386986,-18.54056
1.3163532,-8.003816,-15.172694
1.3213145,-13.283056,33.91057
-9.791349,-14.680831,14.483342
-5.230643,-11.937264,31.251547
-12.784671,-24.033478,-16.508497
-7.0407877,-34.391125,-19.572647
-7.3248873,-12.838289,-10.796058
-11.149667,2.6991475,9.73068
-11.776398,4.63142,2.88862
-10.8805685,-3.7972262,-16.593536
-3.6817358,-35.08103,-23.224798
-5.516092,-35.084778,-20.871479
-2.409948,-7.5688305,16.067385
-8.049413,5.5031705,-9.641352
0.71512425,-9.54425,-3.259293
4.382677,-2.6671164,-20.48205
-12.122474,-5.492271,3.2285588
-4.289965,-14.208793,22.940742
-10.849769,-35.877193,-15.604438
-1.3636663,-17.187479,17.33632
-5.5705194,-36.884487,-8.981612
-4.399022,1.2003554,-7.314997
0.67174846,-27.87214,-1.6678251
-0.28263864,1.7380011,0.86050785
-1.5145899,-31.057016,-2.7641068
-9.099848,-24.072622,-18.649227
-2.8007782,-31.583347,8.920485
-0.3192016,-36.3152,-9.564587
-1.3672826,-12.510632,-26.344358
-0.08687572,9.544118,-10.329502
3.7076275,-0.48767725,-8.615924
1.8602754,-6.065088,-29.8557
-9.002647,-10.649557,0.59582883
-2.5517707,-12.412084,34.553215
-4.7073865,-3.1250377,16.36064
2.3254418,-1.2537878,-28.250767
-9.60169,-1.1795033,-24.299433
4.3676543,6.8807254,-7.169121
-16.706165,0.14055485,-16.838003
-0.46975303,-23.288603,-4.6017156
-4.5914946,-21.82601,11.141902
3.6030436,6.2392716,-10.904471
1.1402465,8.682496,4.727859
-7.937859,-3.1642106,-20.604658
11.043653,-3.6948245,-14.320248
-11.776479,-5.058571,-13.7083235
-10.406453,-12.999016,20.318169
-8.053178,-30.18741,-2.6499896
-1.9324392,-13.368611,23.736221
-10.375615,-17.694613,4.5324526
-1.3677375,-16.323418,33.993553
-7.510838,-4.2464375,-10.152206
0.2047712,-18.216106,34.187893
3.1129313,1.3445997,1.2163762
-9.555139,-30.559017,-16.347107
0.14619562,-2.0154178,-20.244781
-3.2658603,-9.886444,-3.772817
4.956404,-5.970836,-30.181732
-11.57032,-9.263839,-4.5091753
-8.302402,-29.665688,-24.678246
-3.5687091,-3.9032745,17.615849
-2.907846,6.055405,10.044369
-3.9489849,9.237126,1.60995
0.6676876,-9.751698,-25.090393
8.266624,0.5342075,-31.350124
3.3089714,6.8286257,3.8195074
-5.4610715,-7.08689,-26.679327
2.042546,-26.127066,-11.309057
-4.900125,-1.7646352,-9.911634
-1.7618164,-7.6665983,9.554679
-4.663467,-24.432583,-24.574957
-4.1811204,-11.597745,0.89193344
-13.588004,-5.3097086,-6.2994123
-5.1092916,-14.575862,21.736002
-2.0165808,-26.170496,-24.74078
0.11229947,-14.184031,19.436296
5.989442,-4.865378,-17.614792
-4.2139416,-4.048275,-15.806616
-7.011038,-34.81912,4.5695066
2.4169388,-13.838716,-2.5321057
6.8112564,6.0942397,-16.8035
2.4299288,-18.314232,33.886288
6.58074,3.95092,-12.970575
-2.810099,-6.3645663,-27.091421
-13.581277,-1.8036422,0.104234
-8.426731,-31.523697,4.7124453
0.9937297,7.0751605,-23.651999
1.574688,0.71267205,-18.394384
-1.2069534,6.1335464,-14.892343
4.554829,5.21893,-13.02471
-0.48044935,-6.504123,-6.9460645
-8.199972,-0.06861847,-23.218353
-4.840537,-37.28193,-16.32833
1.5989797,-13.8914795,-11.553749
-4.871762,-16.338316,18.470839
2.0585003,-15.385362,33.136684
9.262156,0.9229563,-24.982437
-5.687603,-3.8123477,-20.40569
2.3245099,-14.969086,40.552315
7.2487483,0.399146,-3.3555477
-4.1032977,-21.86429,1.7012988
-3.07966,-26.52202,14.77442
7.2968225,-7.475345,-30.056774
-0.8764143,0.9461016,-7.893455
14.057675,1.1088864,-19.439587
-8.612137,-33.594376,4.224225
-1.0203124,-16.801672,0.17838131
-6.092683,-4.558173,-2.1366591
4.7557483,-4.8237143,-6.7533536
-0.6212515,-28.212069,5.694133
-1.7457874,-16.503149,-23.220469
-6.9822965,12.274821,-2.0124354
-7.1094704,-20.758934,5.9641414
-5.295704,-18.928072,-12.548385
-9.239835,-15.616047,1.5266819
-7.625224,-4.2361565,-14.505565
-4.3447146,-13.074788,24.982151
-6.1601257,-25.002024,-24.776163
9.556474,0.5942995,-25.043982
-2.0788476,4.7948923,-11.36331
-5.3285475,-6.5115,1.3661301
-0.9734384,-8.589573,-15.235184
-11.725854,-10.102195,-8.504824
-5.8959646,-35.32111,0.17207207
-12.18315,-9.882754,-8.493401
-1.8954089,-0.76218325,-24.045155
-5.3013096,-16.253891,18.440825
-9.113844,4.68156,-13.609947
3.6855395,-8.444671,-4.136978
-9.519746,-8.282687,-27.90636
-6.6919065,-37.75367,-19.21847
-10.46649,-13.216411,20.390312
-4.935061,0.33986193,-14.60942
-2.2838204,-11.403274,-15.663971
11.908917,-3.9567692,-18.812105
-1.9416958,-17.960848,-11.83932
-2.8578012,-3.1814735,-17.666868
0.5523851,6.879672,4.1325617
-0.95215267,7.1086903,-22.526579
-1.1596578,-1.2636751,-20.355064
-0.28114998,-6.813311,0.621542
-0.28420654,-6.120784,-3.7036526
-3.415053,-10.639063,33.653267
-2.7373807,-22.773539,-14.983628
-5.845444,-8.418926,7.919419
-0.7482168,-4.1375675,-34.061794
-7.8872266,-29.119648,5.4964275
-12.553158,0.72663045,8.80847
-5.816686,0.30290738,-2.0835865
-8.403882,-9.972432,-19.298588
-10.168995,-2.9462726,3.4705071
-4.4723525,-14.450985,5.887049
-6.1675634,-34.824585,-21.063263
5.4670353,-12.003019,12.789181
-3.9269295,-27.171553,-17.374365
-2.1508627,-17.168085,-15.090589
9.528733,-0.5652181,-28.507788
-6.319284,-20.632578,-16.444262
6.3185906,-14.421909,-14.021887
-2.5225074,-26.155884,16.245903
-7.0754375,-19.434345,-22.277172
7.5032115,1.921346,-15.65985
-10.31963,-8.69325,-13.055764
-5.8241086,-32.498707,-13.773165
-6.1372614,6.5550885,5.29033
-0.97766036,-33.63104,-20.730268
-10.000927,-35.086216,-19.880793
-1.9359498,-9.02034,20.201794
-9.927897,-29.665031,-23.756186
-9.805719,-31.152864,-21.709974
-12.434308,-25.21219,-19.501795
-6.1677055,-26.67796,11.048637
9.813382,-3.9899397,-28.871586
4.5924926,-12.934645,-16.002417
-3.8571622,-19.038645,-0.69286823
7.600644,-7.6481504,-30.772717
-1.1861535,-12.900542,-6.0015373
-0.9354267,-0.030263908,-13.733882
12.431764,-3.3329403,-14.915737
0.4149382,9.299475,-13.970359
-5.1071544,-12.546799,12.042453
-8.02395,-31.552176,-22.543629
-4.8295765,-14.598544,31.53384
-3.8823097,2.6705198,-6.7885156
6.6245656,-8.341834,11.39979
1.684533,-20.825321,-2.943124
-2.1523678,-8.823839,11.238576
-4.74639,-10.229169,-27.292578
-6.200955,5.1014943,-2.7373116
3.9817545,13.413065,-10.866218
-2.7046642,-26.70689,9.170622
6.004544,-10.739292,-5.3597374
-5.868558,-32.525017,-13.81337
-14.836642,2.6457515,-8.2295065
7.080878,-14.804757,-12.210462
3.0031772,8.775037,-0.73025227
-5.751142,-33.239117,-9.195177
-5.5714135,-36.791668,-9.119126
-5.327674,-18.57228,-21.779963
-1.173012,5.086067,9.057196
-5.7844863,-9.109992,-5.8594813
0.10323182,-34.329266,-10.80949
-0.585931,-15.479928,17.493484
0.19757272,-14.656353,38.14111
2.8879783,-4.6220717,-29.85809
-9.354889,-2.3712354,-20.717714
-8.5928755,-35.96366,-11.699407
-12.767917,-4.6428814,9.400788
1.5298705,0.1781992,-18.932919
6.1569014,-14.460344,-14.233323
-8.886373,-39.784954,-5.8107543
-4.4998593,-29.478128,-0.43345237
-6.3498607,-25.16991,-21.437456
-5.7788944,-33.472256,-10.958715
0.2306654,2.925251,-2.435607
0.4038944,-23.756657,-17.96127
-3.8388,-27.633307,6.0146694
7.052592,1.5476022,-22.369299
9.648651,-2.7542076,-26.094439
-10.233325,-22.531519,-20.041723
-9.242896,-9.052858,-8.931143
8.036056,7.8942914,-3.8331304
0.20450985,0.91076404,-28.609669
-2.1505642,-11.823263,30.352207
-4.4795036,1.2319921,-7.3083296
2.1329427,10.1093,-4.794488
-2.5511563,-4.2915854,12.826895
3.7566016,-12.172808,-9.95913
-7.54005,-30.326097,-2.9706745
-4.6455364,1.9122659,1.7185757
1.4382902,-11.538622,35.739876
-5.2050805,-18.418407,4.719892
2.0734286,1.1808746,-11.355137
5.765305,-7.924541,-17.428652
-6.6089964,-26.397276,0.51154494
1.7099241,-18.024935,32.308548
-10.59427,-2.311718,-12.722925
3.4735255,-2.3606327,-1.5528401
-3.2583144,-9.732452,-28.675232
-12.772644,-4.62646,9.436438
10.17868,-2.69014,-21.597406
-3.4278479,-1.1974132,11.676138
-6.5355196,-8.689101,8.191396
1.2179164,-23.724957,-10.6479
3.3662426,-12.220231,-5.481314
-11.491447,-3.1987586,-2.6184385
-3.5477347,-15.1828575,33.16682
-14.587008,-25.56435,-12.75536
-0.20440812,-13.889261,15.8015
-1.492344,-6.8032503,18.264902
5.536728,-6.960993,-5.3995967
-3.6322994,-8.15508,17.374472
-5.6691847,-7.219781,19.46109
-6.5572767,2.5321116,-23.25551
-10.103661,-12.687128,-7.590509
-5.9617577,5.9579105,6.093691
-8.359645,-25.468693,-21.254572
-1.4716725,5.01684,1.4842421
2.6744115,-5.773884,11.949671
-3.7926767,-18.489239,-11.8574505
-3.4690692,-32.513622,4.4404287
0.5582745,-23.8929,-0.6522077
-5.6690364,9.775069,-0.26560664
-5.6992292,-21.462755,-1.9879074
-6.705827,3.8205857,3.0742679
-2.4144027,-9.960945,11.114633
-11.26711,-33.02582,-5.1312833
7.0995526,-2.13494,-4.088057
-4.4078364,-0.06114031,6.9521017
-0.37403473,-10.787849,30.061728
-6.9140315,-11.058042,18.871399
-2.1956143,-20.594105,-3.7431152
-4.6282096,3.2996466,-2.687304
-8.099184,-10.761847,-26.682472
-1.4924399,-16.34881,-23.202385
-6.1089544,-6.797685,-8.224087
-0.65435547,-30.10687,-5.7153387
-7.4981413,-11.664641,22.25507
-5.3760343,-15.302417,-8.215884
-4.901362,-6.682732,12.1497555
-5.5124116,-24.307775,-4.2937746
1.407938,-15.460653,33.03267
1.9513781,-11.101348,-11.233606
8.378055,-0.13921688,-26.11556
-2.207194,-17.866627,19.592539
0.86590964,-16.52199,28.75555
-13.213885,1.0090495,10.083482
-9.939972,-24.705618,-22.8707
-0.12677595,-8.013913,13.498891
4.312169,-7.0791464,-29.323689
1.7586579,-2.3191476,-4.851654
-3.5211282,-29.101686,3.7084877
-7.834498,-5.444722,15.75816
-0.9622156,-16.77274,0.11086412
-8.023032,-11.3317795,11.516968
-5.247786,-11.418474,22.107635
1.4969546,-9.654196,-25.395744
4.9873996,5.7883935,-22.372162
-6.8247004,11.948448,-7.1498003
-11.880484,-3.1562786,-25.801704
-3.4886384,-17.658682,-5.4741015
-8.869946,-15.899993,-6.1278253
-9.599283,-34.840466,-2.427854
-8.583995,-9.010813,-23.845646
-15.363671,2.433979,-8.149467
6.4318624,1.4139539,-14.57699
-9.828529,-34.228382,6.7005577
2.2422745,-8.0398035,-28.74028
-10.548467,-23.71228,-23.043158
5.2322817,0.37254682,-19.458933
-5.316668,-25.95854,3.3955212
-1.568589,-7.7602425,-17.734613
-4.650029,-25.628756,-20.33291
4.0684547,-5.9410906,-22.885313
-3.0823824,2.211091,-3.9659224
0.77207536,-14.015691,35.7845
3.9707878,-7.4847817,-31.29467
3.1684878,-13.616713,34.62929
-6.649994,-13.960464,-4.397655
-8.267208,-22.436983,-8.288408
-5.36298,-30.761623,-1.0105215
-7.3826857,-1.6874121,-12.129978
6.239439,7.0324306,2.0366178
-3.8332884,-3.1266088,20.248592
-0.05829175,-1.8827934,12.875763
1.7051294,-8.444369,14.34252
-10.530384,-17.581745,4.402759
-11.712501,-3.8381307,-16.4919
5.2526903,-2.5369432,-7.776103
-1.2629523,-30.581978,-11.49656
-6.2035294,-10.304224,2.6221473
-5.417646,-7.4987273,19.211935
-0.6847558,-28.646442,-13.805575
-6.498089,-11.434365,27.777485
-7.278255,-21.430592,-9.01332
5.6514964,-5.4113245,-23.10349
0.18537125,-30.075315,-18.496717
-7.4927263,-5.472625,0.0045963977
5.485614,-10.38751,-22.757406
-3.0332592,0.97880775,0.21450569
-4.5147204,-27.168911,-26.039873
4.6556077,-14.5130205,3.7563322
-2.455247,-14.225013,33.406315
-7.376697,-4.3508854,11.977867
-6.829833,-8.524206,0.42903614
-2.6285238,-8.177819,33.135967
3.164589,9.038711,-0.9615472
-8.118533,-14.93449,8.4014845
-1.8190633,-1.0565954,-17.583216
0.7618562,13.414957,5.4302993
-7.009609,10.423187,2.6569963
4.7074895,-0.38106936,-10.558093
2.2094913,-4.7238765,2.1719935
-8.259617,1.2520915,-14.039973
-0.8396082,0.81445134,-7.948763
-3.356621,-12.0081,17.751057
1.8687402,-18.089895,32.528133
6.5063825,-1.5306373,-28.272673
3.6609447,7.97987,6.3241735
-4.8589478,-32.36306,-3.7601209
-13.196902,-23.159807,-14.345741
-0.28070518,-25.757835,-7.296742
-1.0488108,-11.373762,7.9617343
-6.56341,-4.971792,-24.09936
0.12971987,7.7870994,-10.27606
-6.3396544,-31.864843,-12.350417
2.8964396,-16.737505,-18.111929
-8.091079,7.4576535,-6.907818
-0.7819034,-30.263754,-21.946014
-6.199483,11.001464,-0.61622566
-4.3366995,-36.610558,-18.513681
-1.834785,-10.492421,-30.635498
-4.2320895,10.829437,-18.702557
8.554361,-8.191909,-20.59586
-3.94197,-18.618673,-12.011634
-6.272363,-24.725254,-10.369582
-0.7851349,-16.17508,10.824826
-6.71787,-22.005621,-16.940872
1.656675,-6.7488627,-29.068344
-5.002351,-14.127301,0.90605783
-7.8718367,-7.2987757,18.644861
-6.0398407,-33.161716,-18.643547
2.6594753,-5.5070815,1.2431214
-2.7034466,-13.071186,9.784059
5.2896733,-8.17087,-27.415241
3.552849,8.069582,6.128439
-12.17193,-10.153781,3.1572387
4.041487,-9.251331,14.662669
3.1883802,-16.962101,-15.716177
9.632503,-3.4514558,-25.725534
1.4554695,-11.941879,7.8558
-5.000381,-29.013784,-10.558184
-2.0807724,-26.96868,-0.018966023
8.822174,5.1103973,-10.919137
-5.249575,-7.477242,-22.406128
-4.8274484,-14.572377,31.40863
-4.3767185,-29.20468,12.099089
7.9248333,3.4378033,-16.9892
3.0271757,2.8352249,-14.880633
-11.5963125,-6.334484,-25.490501
-10.011466,-4.9353466,0.46328014
3.249473,-13.675461,-12.658028
-10.29669,-12.262748,-0.95296204
2.939266,4.7239895,4.266184
-7.5395546,9.247592,-15.808369
9.654226,-4.1847086,-9.349395
-5.415301,0.6036185,-17.409586
-5.536745,-12.328106,27.54641
-0.54563016,0.32530257,8.891675
-5.209915,-6.4346695,17.555223
0.33283734,11.32352,-3.4246614
2.118766,-30.97869,-12.978101
3.4478567,-3.7208295,-18.98284
-1.5297084,-15.656082,-19.355913
-3.7199724,-5.5536814,-20.643026
12.396394,-2.0929952,-21.609964
-4.1111484,-13.897817,-27.797964
-7.8839016,-5.9323535,6.470724
-11.584622,0.20254485,-13.870152
7.411667,-5.7188554,-2.6208572
13.389947,5.170225,-12.146284
-4.244428,-36.468685,-18.398916
-11.488677,-35.404774,4.051018
-1.01148,-11.660946,-27.005285
-12.039364,-27.482174,-9.977171
-5.1978664,-14.6865,21.527075
5.426449,-8.717718,-30.551386
-3.761259,11.701249,-8.441498
9.142175,-2.2757864,-21.785185
-8.011635,-26.95498,-23.097067
-2.4073062,-26.904062,-3.9758086
-3.4675934,-7.6213603,-21.637838
-2.7490137,-23.450106,-3.2520792
5.847854,-2.1192932,-7.804656
9.137848,-6.9140153,0.9555373
1.7578305,-8.101611,-20.26437
-1.2399672,-9.895044,-2.1445343
4.002964,2.3052776,-18.392029
-2.124233,4.9182105,-1.6550249
-5.8774695,-33.367306,-12.21448
-6.5839543,-1.8233447,5.801394
-4.32613,2.177218,1.6217103
-5.8434863,-6.0418477,14.6300535
-4.2571797,-22.31242,1.8787988
-15.2275915,-2.9832852,-15.001782
2.2856276,-9.775524,-28.40283
-12.721174,-24.193604,-16.3166
0.8781968,9.806054,2.2673573
-5.76084,-0.4709133,-28.67035
-11.874921,-22.023066,-14.152846
-2.0016916,-8.381038,23.575603
0.57727623,-10.626163,14.752993
-1.5504338,4.839709,0.9247724
1.4019501,-13.136812,33.73756
0.34382445,5.151454,-0.5000167
0.5022478,-6.951927,19.975348
-7.181887,-4.9300346,-27.06832
-3.5774682,-37.935303,-17.254827
-2.2610228,-13.739355,33.41181
-15.559792,2.3824806,-8.143869
-4.091617,2.2538593,-7.146563
1.538072,-28.33996,1.0348358
9.264305,2.1728065,-20.938364
4.7732596,-0.280531,-10.782817
-2.645051,-11.778854,14.172105
-10.531098,-2.7011504,-26.328085
-2.5184746,-10.950579,-29.677221
8.736412,-11.56489,-9.602621
-0.6815256,-1.9248562,-6.390304
-2.2756991,7.518712,-3.268839
-10.0695715,-2.1549408,-2.9492068
0.42251486,-23.803957,-0.5857912
-7.898812,3.949177,-8.622427
-8.909845,-30.479977,-5.3724756
-10.328899,-1.0269985,-15.197947
5.9134374,8.314966,-15.228276
1.8676248,-2.5004795,-22.123314
-10.94938,-9.720786,-14.329831
4.745081,-4.774122,-17.374538
-10.523187,-4.1272497,11.779677
-9.894227,-17.93813,4.976926
-10.7939625,-13.269486,3.1771898
-0.10506384,-1.7148714,-25.453672
-1.1786216,2.2109501,-7.559708
4.5070205,3.0165684,-11.281074
-3.5005555,-21.838818,-23.219751
4.561529,-3.0128148,-29.940306
-10.753733,-32.63893,-14.162355
-4.3913198,-1.4382968,-15.656703
3.6808772,-11.052566,10.030937
-1.3962793,-7.0857835,9.544978
-0.8685475,-32.59392,-6.958412
-8.717607,-28.23045,-2.1828666
-6.3315115,-20.74731,-16.474245
-4.143897,-34.427868,-3.4803832
-6.3157706,-33.702747,-9.375468
-0.49206668,-27.380766,4.6189404
-1.5338207,4.7456264,-8.88858
2.2211113,-12.037673,0.7701632
-0.35045165,-14.665666,36.91988
-7.897726,-10.707855,26.962097
2.364576,-8.332953,-33.326267
-14.846794,4.1526384,-5.8789167
-13.181826,-2.0981112,10.274298
-9.500356,9.533803,-9.452783
-15.256922,-7.044216,-1.0444757
-2.8837545,-26.151926,2.6918492
-6.513156,-28.591484,8.422642
2.8494296,-9.614665,14.170413
-0.05093063,-13.680273,40.227997
1.844739,7.1670284,-12.078038
-8.711101,-3.3242214,11.395629
2.3827975,-7.4845686,-36.83462
-3.731324,-31.482227,0.4016399
-3.8867767,-18.350489,-23.819563
-0.60308325,0.4052765,8.915662
-8.523753,-12.427852,-19.598711
6.7757764,1.659346,-7.63363
-4.5512557,-29.956959,5.9178905
4.1378217,7.5717425,6.9671364
-2.5633147,-5.3656344,18.194658
-7.059454,6.934727,1.7029241
-1.2635881,-15.257084,25.037434
-10.366465,-12.852607,20.297821
-15.69053,-10.570932,0.176569
-7.463512,9.649412,-4.2894893
-3.123811,1.8555653,-16.505978
-7.892358,-7.804034,4.508708
-1.216218,11.334771,5.7362814
-5.1005206,9.838984,-13.224987
-8.734495,-32.97474,-20.99097
-1.6684971,-7.2672563,19.430918
-5.2582226,5.417254,-13.272092
-3.9121556,-9.321311,25.551924
-10.538933,-13.10069,5.3413444
-1.6173415,-7.056533,9.884561
-4.1617455,-17.916641,18.432844
-10.696185,2.8440166,9.260501
-1.94207,-15.817032,38.157402
-11.365752,-26.265644,-17.343355
-1.6778709,-6.0726414,-25.090605
-2.8580914,0.14642885,-5.625772
-6.469714,-34.73833,-21.100027
-10.154838,-12.467886,-0.70953417
-9.754022,-25.999529,3.4617534
0.5983877,8.982418,-13.940355
4.3689866,0.2873743,5.3676505
-0.700948,-32.514168,-7.079856
0.4305388,-4.997511,19.498724
6.4236264,-4.49514,-31.40001
8.366026,-3.688026,-17.768442
-1.2091819,0.71840745,6.589714
8.326786,-3.7449746,-12.97308
-7.7547703,3.9411094,-22.775248
-5.946738,-34.06442,-5.308118
-8.673797,-4.736946,-3.879168
3.1438632,-17.373652,-14.757048
-17.776325,1.9561234,-13.717999
-12.074611,-4.5649114,5.9006433
-4.875609,-30.439644,-5.3344254
-8.044585,-29.574617,3.3725579
5.912997,-8.408818,-30.165663
-8.513934,-33.034863,-17.111126
0.4299533,3.4595258,0.6758071
-1.6651706,-3.1342924,-17.986046
-7.402358,-8.441306,-2.27743
-6.41867,5.8473425,-5.368149
-6.8934813,-6.9081016,24.720675
-2.4602833,-36.43952,-15.457347
0.021429058,-10.933343,9.772122
1.5647117,-12.337121,5.3476124
11.783701,1.7714708,-14.760507
-8.36176,-24.300825,-21.784826
-3.641916,7.2839456,8.340313
-3.429824,-19.052258,32.84537
-6.2472644,-24.712889,-10.300643
5.2332587,9.918498,-0.44522855
-7.268142,-25.408207,6.7117977
3.828601,11.564169,3.9598472
-12.164792,-9.905552,-8.456075
-7.8892584,-13.954209,28.909233
4.9158945,-6.8795524,-24.938768
-12.644118,-22.23095,-22.21114
0.6730405,-8.854367,3.3184576
0.098087795,-29.087706,-6.9230146
-2.6778657,-22.45974,5.1555214
-9.862426,-31.961056,1.0522271
4.643156,2.6108975,-15.561272
-1.085783,2.0212727,-7.6495523
5.7786584,-7.2763433,-25.53891
-3.6408205,-9.395581,-9.696603
7.623836,3.3790948,-14.3316145
-5.755755,-22.265488,7.0584574
-6.204631,2.9676135,0.092759155
-7.7613754,-30.528517,0.20580167
5.1907334,0.8738511,4.233101
-7.191235,-38.107677,-9.355987
-9.997143,-25.230242,-3.5973816
-7.623689,-5.060734,16.382607
-6.200042,-40.74432,-9.123578
-2.0506334,7.4284377,-3.3589892
1.5016167,5.4683824,-8.438949
-4.73825,-6.9562407,15.38851
-5.086021,11.98204,5.574976
-0.66003215,-13.928831,-9.577292
-3.8589277,-13.605707,-28.320738
3.9794717,-5.276817,15.7115965
-8.452723,-32.185287,6.8600783
-6.866089,-32.376595,-16.636204
-2.2893012,-15.166086,-3.0223393
7.1124187,-9.506302,-32.081112
-5.5075397,-18.054771,-17.18851
-5.2318134,-12.411862,22.75752
5.7937803,-3.6575446,-3.1006048
-6.9932437,3.514583,-12.125402
-5.944535,-7.3613153,-6.0484834
-13.070865,-27.356436,-16.182379
7.659869,-1.2691298,-0.07007443
-10.978554,-16.187458,9.541867
1.1373826,7.0650206,-23.73975
-13.809259,-1.4974686,-6.968042
-12.777094,-0.7555492,-4.450282
-6.2571406,-16.880903,15.646264
-0.867517,-26.204165,1.5999365
0.84998864,-13.951597,25.935465
1.6947765,6.6407785,-12.042333
-14.48636,-12.655358,8.291818
4.1638527,5.3875747,-18.875546
-3.2131226,-7.714205,-31.04902
-6.4118567,7.50679,-4.2604384
-10.732167,-6.962749,10.098449
0.081376426,-32.94815,-9.968129
-7.627523,2.3206146,-2.1084816
2.4820101,4.4958687,3.9696348
0.6500777,-11.926724,40.95455
4.1239657,-5.6650853,5.0814366
-7.5398564,-24.608055,10.285959
-10.631993,-32.409973,-1.723974
1.5825353,13.573035,-7.353846
1.3034418,-3.2135592,-17.983046
-8.592686,-21.289701,-3.2921598
0.63352495,-26.66238,-21.28959
-0.28054926,-9.328296,-16.428873
-3.1013656,-24.537102,-8.820382
9.917142,-0.4618428,-19.928417
-10.122307,-17.872711,4.7744184
-0.49940223,-14.0876255,-17.165768
-1.3799462,-2.4492464,-12.657531
-2.537856,-13.133853,1.8626856
-7.630279,-24.067015,-14.512032
-7.4591303,-1.260467,0.56772256
-5.0354123,8.412991,-6.089129
2.7371504,-1.4182532,12.7784395
-10.0182,-24.580702,-9.165792
0.92179775,-18.482023,33.984245
-0.14978094,-29.39508,-6.6157904
-9.370508,-8.58993,-1.3563906
-1.8880094,-36.381287,-15.786223
-5.8462696,-10.380204,-4.593922
13.083728,-3.4599202,-14.634815
-7.148944,-32.09791,4.91652
-9.7009945,-3.967632,19.898373
-4.7186513,-7.188038,12.979221
0.30216745,-5.439493,10.207344
-2.717098,-21.846104,-25.382648
3.5801468,-16.033583,-9.775992
-3.8956077,3.3065808,9.065948
-4.1995807,-36.093563,-12.456352
-1.9896841,-17.176931,-11.18884
-5.577157,-11.464121,32.056126
1.5589651,-17.512817,36.261894
-6.194145,-40.7342,-9.123485
-3.668406,-13.367124,-0.4696678
-1.638655,-15.507924,-6.7013264
-10.260734,-34.990788,-18.909653
-11.317342,-4.319085,12.415576
-6.143418,-4.9206266,-1.9851344
7.6983743,2.8412743,1.2106037
-7.9706883,-32.893974,5.2089233
-3.1809099,-30.4072,14.153202
-2.670578,-8.670648,-8.168061
-9.454674,-2.235718,-20.86794
-1.844046,-10.172518,-31.024603
2.122244,-12.62016,39.05714
-5.7803674,-20.415985,-10.358948
1.1344128,-16.677994,-11.34503
-10.093547,-37.64043,1.0596825
-8.933565,8.737232,-7.7055044
-0.12314358,-11.680378,-7.3845167
-3.9712367,-30.057652,-23.061703
0.21990521,-26.12146,3.9615169
5.172046,-1.8405495,-27.25914
-2.4423118,-14.319789,-29.75134
-4.6858773,-22.012932,11.410004
-15.048606,-10.347617,0.3099012
-2.6400418,-18.27291,4.065037
-7.668623,9.52186,-4.7197685
-9.745718,-29.62058,-23.738384
-3.0173578,-15.894417,27.010952
1.8309021,-12.75825,-0.521585
-14.552042,-7.1775813,-1.5547497
-0.90744114,-22.778563,-8.335103
-5.9224787,-28.844282,-0.50277114
-4.604452,-27.821955,-14.57066
-2.9072547,-12.758761,-4.0227876
-8.062606,-10.582277,26.905605
-3.7912376,-23.23717,-0.7551329
4.6690516,-0.803388,-6.5497622
0.023108289,8.491062,-9.262955
-2.6831582,-12.839746,-7.815083
-4.809539,-32.426453,-3.6588511
3.78186,1.9270637,-2.1139338
-3.6696064,8.747994,-5.9694285
-6.0140467,-20.33766,-9.075845
-11.812877,-16.922241,-9.27943
-0.2991464,-29.38646,-6.6452155
-9.505758,-1.4518087,-3.348637
-9.738548,-11.74746,5.6253314
-6.2289324,-32.081963,-2.2556407
-8.6713295,-33.07682,-20.973766
-5.905377,-34.669624,-14.749507
-6.288961,1.8948882,7.27974
-5.814546,-35.239437,1.9125853
-1.0370375,-12.940435,27.947826
10.405841,3.5611613,-20.457304
-8.086362,-33.574722,-13.343805
-8.391465,-29.849566,10.206723
-8.084808,-28.513271,-5.02397
-6.6081967,-10.161986,14.029368
5.3858814,-6.329533,-30.639317
-11.348732,-2.4643853,-19.573538
8.489314,-0.62010306,-31.014803
-2.3461282,-14.760606,35.648514
-1.5642829,0.48677915,-21.59757
-6.437169,-17.985025,-21.983624
-3.0573838,1.6004982,-16.814323
-9.2646265,-31.291534,-21.211414
3.5617568,-5.504804,5.05095
-3.4989648,-27.161726,-17.110168
-2.2522616,2.981936,15.634792
0.38716936,-4.0792794,18.404799
-0.5621357,-16.17885,36.466866
0.72526896,-15.243545,-12.990851
-9.675938,9.558366,-9.138873
-1.264756,7.507239,0.23948857
-0.68955153,-10.46287,0.6313295
-6.607514,-6.2362185,21.466148
-8.806888,0.3148523,-16.16878
-0.47381747,8.870611,4.2370963
-6.493341,-5.759288,-1.8658649
1.2808106,-16.19554,38.17288
-4.5319915,-10.927732,-2.2415109
-9.381112,-1.1809375,-3.460781
-13.002409,-13.0165415,1.5375533
1.9362804,-5.0792294,-22.976948
-5.7101436,-10.294009,-5.458901
-0.6849712,-8.770726,-15.6710615
-1.3536775,-1.1545882,0.40624443
-6.1873837,-29.481617,-16.441523
-3.0678551,-19.926311,1.8513943
5.934212,2.2787824,-23.612482
6.2811384,-3.662105,2.8280292
-9.896934,-10.02977,5.3523693
-3.054125,4.096258,-13.629988
-12.045247,-36.676373,2.3308985
0.5146426,-4.71539,11.373767
-6.489621,-18.016294,-6.087074
-1.5391349,-8.780839,31.724384
-10.831962,-13.322667,3.687534
0.093514696,-11.697591,21.183104
4.0836663,-7.1086946,12.682393
-14.112913,-28.16508,-15.579702
-9.509367,-30.03301,-15.901142
-10.933465,-20.877716,-16.39197
0.7636869,13.339673,5.3780437
-8.631453,-24.827875,2.9637375
2.397701,-5.1970677,1.7824658
-4.0920944,-7.5156446,22.278782
-6.724977,8.275921,-5.0736675
-8.258589,-28.150974,-13.227633
-4.3505425,-6.4594607,16.60915
-8.902095,-37.35429,-8.20665
7.1410265,3.6604483,3.5017889
-6.3230195,-32.444553,0.035827637
2.536963,7.1792293,2.5406096
-0.8684497,-26.187162,1.6006525
-5.832181,-35.289967,2.2315688
-2.3616254,-19.36063,29.982132
-4.463416,-35.121372,-11.510333
-12.261319,-9.715633,-4.562051
-1.528495,-16.382555,-23.220476
-2.1250322,-8.498653,-8.307386
-6.6523175,-20.440979,-4.423818
-6.4566946,-6.1834583,-4.6837406
-12.67454,-13.100672,-0.50591445
-0.60352284,2.551721,3.3953433
5.093519,-7.0154,-4.5732284
-4.8341846,-21.889791,-20.617228
1.9445887,0.3139665,-7.6447062
0.6703657,1.6351459,-5.856142
2.464801,-15.4612665,35.09472
3.1093807,1.6984857,1.4190999
-12.004433,-21.866827,-3.3338144
-3.0852742,7.848948,0.348223
3.531529,-10.908465,10.01384
3.160709,4.149909,-4.9919353
0.5159274,-13.758217,10.499711
0.9490507,-10.409716,12.189267
8.215854,-3.3224373,-15.225441
-8.864115,-32.378384,-4.8940372
5.052217,4.4575915,-6.9994516
-0.50231934,-30.398188,-9.746296
-8.170167,-31.35721,-22.052948
-8.730309,-37.531334,0.9031826
4.996933,-5.7836003,-32.623203
-7.008928,-32.56515,-4.394124
9.532126,5.6705227,-15.175074
3.140429,-13.581078,34.84712
-13.217446,0.8957815,-11.937741
-10.037477,4.158321,-18.731518
0.8063444,4.702029,1.772957
-5.8510337,-25.644995,-6.054115
0.82802206,-15.073841,14.162689
-11.135533,6.331003,1.971787
-3.7960465,-31.332525,-14.501493
4.1772304,7.535979,7.0172462
-4.7384796,-31.740017,11.438684
-5.0415444,-8.447972,19.411842
0.10907573,-4.4205914,13.890295
-2.420589,-1.4641773,-23.414154
-2.1200726,-26.37086,-0.3114672
4.9776278,5.9008107,-0.16888654
-1.4921956,-2.1739213,17.017351
1.2294544,1.498636,4.9098387
-9.800709,-27.031862,4.3504233
-5.9637036,-35.36736,0.045496836
-10.333172,9.403064,-11.415705
-6.605213,-4.8674746,-28.056082
-0.82759506,-29.79535,13.024784
6.162208,6.9900703,1.9861153
2.9847524,2.470172,2.1575363
-6.6263175,5.1638007,0.42347714
-8.027043,-8.086556,-16.545565
3.8436017,1.8239193,-2.0231187
-2.623922,6.80081,-8.527675
-12.441181,-34.88146,-10.045743
-10.952196,-31.403236,-0.98351884
-10.041235,-12.233592,23.882944
-8.051583,-23.940254,-24.64912
0.36252952,5.3905687,-6.4234467
-8.115588,-8.045273,-16.562983
-6.6410913,-5.408958,-6.5564313
-10.294806,-37.859425,0.9134456
-1.138213,-23.672358,3.5049763
-6.005476,-8.926766,-2.7636452
4.4803205,-3.685904,-29.667809
-3.28843,-11.716641,9.762842
-0.23242788,-13.993194,16.006865
2.848782,3.2941148,-8.247075
3.915794,-15.603209,-23.663479
-8.05397,-22.816317,-5.518352
1.3221568,-26.197805,-1.9365185
-2.9975374,-25.210325,15.416051
-9.697738,-7.4131823,17.018621
-7.4126234,-33.259792,-1.4799483
0.61147755,-4.747095,4.3181386
3.6613698,9.399064,-1.9658791
-7.3043647,-21.52741,10.709202
-10.863997,5.503919,-12.142064
10.319741,-6.2679324,-13.434392
3.300766,-9.792056,-19.117079
-2.7746809,-9.842249,-3.6337318
0.07182796,3.985706,3.2114105
-6.275713,-27.099472,-20.355165
0.51743495,-8.6537485,4.176556
-12.771041,-24.743101,-15.386424
-5.11634,11.75125,5.0409675
-12.349637,0.54753304,-11.328484
-3.2749078,-30.524538,14.1317425
-12.164971,-31.21731,-3.6547563
-9.319978,-28.791075,10.379545
-2.0484843,-5.447601,24.756426
-4.75393,-7.435093,-1.6948402
-8.302013,-35.284985,0.22572902
1.7697948,-9.068109,11.041546
-5.065589,-25.821714,-6.0227365
2.8339012,11.633869,5.312437
-7.563312,-15.107604,21.753397
0.06895302,-14.139884,19.322874
-8.526354,7.383493,-19.498472
-9.707334,-18.353771,-15.907819
-1.1766334,-28.099312,13.290294
1.2826167,-2.8455458,-11.393001
7.219726,-10.31128,-15.3269615
-12.808348,2.0639844,-19.394293
3.3146226,-2.9827409,-3.186987
-8.865763,-16.211262,-18.105528
10.769912,-6.2770987,-29.343796
-1.4662716,-16.86722,39.850323
0.3292672,1.5696301,-28.897934
11.827703,1.7608441,-14.756432
1.4464294,-0.2509071,10.234457
11.597731,2.861994,-17.200415
-13.823258,-17.635748,-14.828475
-7.9367914,-36.334026,4.5404487
0.7527294,-14.712046,16.38305
1.6380494,0.23645225,-11.036309
5.69133,-3.0487914,-21.522001
4.969468,-6.8758316,-24.831005
0.8965155,-4.7773795,-28.629108
-2.6630108,-27.04287,-3.649182
-3.3446603,-4.5586405,-27.000137
-4.7040296,-27.710941,-1.0458946
-8.972353,-30.494623,-13.452814
-1.1736773,-16.139355,-10.096842
7.688555,3.9998531,3.6492257
-11.5033655,0.8497568,-23.210175
-10.9140415,-5.0632315,-20.358978
-3.3024654,6.4713907,9.914274
-1.0021092,-36.12414,-3.5718067
-10.942881,-20.876347,-16.201796
-6.6434445,-8.754466,11.629659
-0.91012,-14.341098,-13.870699
-3.8659673,4.630855,-9.258519
9.718438,-4.0574994,-29.330221
-11.618531,-4.669173,-3.616016
-1.5951098,-24.416595,8.320442
3.1476882,0.28575066,-5.9884553
10.2912855,-0.15059885,-21.385681
-1.9916058,-4.379116,1.8589506
7.0383162,2.084912,-25.560762
1.0466081,-6.2875733,-18.191193
-6.322171,-29.916636,1.6856425
-11.581279,-7.9844503,-7.7911596
3.5066094,11.765394,4.550009
-7.569759,8.883652,-13.349394
-1.4061582,-19.893797,-12.303552
-17.756737,1.6733106,-13.55859
-10.742715,-13.385577,4.8727803
-4.9169645,-17.910994,2.5874088
-7.3424153,-38.480095,-15.14217
-2.944206,-23.539629,-25.403563
-5.919357,-10.343314,24.072914
9.313122,-7.099674,-14.840858
-2.7216024,-28.870039,13.13742
-2.5558596,-11.053187,-9.400097
-11.050067,-35.779045,0.90942585
-10.27989,-27.990383,5.198723
-7.0653267,-21.17212,-9.085443
-0.02386956,-12.559637,1.2457532
-6.6593413,-26.240658,11.81878
-4.152025,-25.848356,6.0198474
-7.3001094,-11.57811,-29.10425
-1.1485409,7.2738028,-13.981884
-10.550519,-36.641018,-15.420528
-9.986828,-3.1906822,-18.223387
1.6236506,5.7942348,-8.46719
-3.9174745,9.894681,-18.695747
-7.1014323,-31.84951,4.6596556
-2.606381,2.3993897,-12.478753
-6.1473336,-15.142337,-11.062207
-10.569907,-5.569194,-21.40266
-9.407048,2.7174737,9.494277
2.6967847,-4.5928006,-16.261677
-12.883858,-22.810251,-10.019884
-2.2628741,-17.337727,-8.738424
-0.38893896,7.032181,1.2529197
-6.3282857,-24.435822,-16.636997
3.7625074,10.449802,3.0847476
9.739191,-4.483909,-32.787205
0.45633623,-4.849987,11.296117
-8.498903,-7.2823815,10.177578
-11.601063,-6.796256,-16.11725
-6.530584,-37.233932,-12.574565
-12.515618,-28.056875,-18.390366
-1.9366862,-29.287474,14.489593
2.082843,-17.1393,23.645664
-8.980063,-8.925282,22.396969
-4.941149,-7.6244254,7.457628
-7.9250236,-31.714796,-22.881744
4.4749904,-6.412717,15.279444
8.615037,-9.218072,-12.530109
-9.505258,-34.15086,-2.3475196
-2.73298,-33.75399,-0.45524895
-1.3770286,-19.9763,-11.679078
-8.656285,4.2575803,-11.238471
-0.48498392,-9.35607,17.102228
1.4641174,-8.123499,6.3070126
2.5688326,-4.6450443,12.066562
-10.098267,-4.309568,11.301002
-9.584866,-1.8491383,2.780503
-1.5559758,-12.948464,1.4926817
-4.6114717,-25.532986,-20.30626
2.421214,-8.713442,0.9040707
-9.48994,-32.369972,-11.811245
-2.7625136,-33.065628,-21.23108
-5.820427,-10.550264,-17.614445
-10.355034,-22.352535,-14.865317
-15.271782,-2.9907937,-14.990766
-4.478027,-8.389646,19.002537
5.3535447,3.538641,-17.603395
-6.868539,-28.788149,-16.257425
-10.427471,-29.400976,3.9643137
-2.8159108,-11.183137,35.573997
-7.0845604,-16.973179,12.498658
6.276668,1.256247,-16.408007
7.9745145,7.4646935,-14.491646
-3.976138,-12.427362,29.139303
0.06101389,-12.509768,-28.149181
1.2749809,-29.95916,-7.263662
4.7492313,14.52547,0.19272436
-12.724598,-8.22297,-1.4153544
3.0890212,-11.679084,-5.5091085
4.0399876,-4.478866,-31.07859
6.322962,-8.661396,-17.50928
-13.907083,-32.6933,-0.88633543
5.69823,-6.131676,-33.421253
-3.2927384,-33.08111,4.4781938
6.562608,11.652261,-3.6753383
6.441876,11.843665,-3.3273816
5.1946425,9.018776,-20.04894
-5.679709,-1.3202285,-14.99686
3.2569554,-16.621319,36.648457
-7.928862,-29.089983,-10.544361
-0.9213171,12.293046,0.13038719
-7.419511,-0.04711804,-5.889773
-2.8662736,-24.426569,-17.99565
-8.478058,-37.087288,-17.880861
-9.75125,5.8158665,-10.256981
0.19850105,11.34664,-3.5375009
-2.2880936,-5.8849554,17.682426
-9.944666,-37.323467,-4.2913065
-7.3984604,-7.356138,-1.9363282
-7.0854597,-17.997425,-5.842153
-5.1365466,0.7829918,-14.503736
3.5149314,-15.867829,-9.946552
-3.4902804,-18.242596,-11.640248
-4.005071,2.6210024,-6.8935037
-0.78305185,-33.691166,-0.79639584
-10.751493,-6.5234733,3.689973
-10.694536,-5.796067,-2.3814366
-11.635876,-6.6833935,18.974167
7.5101438,-4.675908,-31.641478
-0.02332157,0.07672873,-5.6194444
2.409037,7.5002646,-13.52283
2.607386,-15.096312,-30.294067
-15.267051,-2.9815922,-14.992037
-6.3117156,-3.7273574,-30.088778
-0.9241216,-1.5551432,3.5745213
-8.610112,-30.398718,-13.985346
-2.9832454,-7.2072034,-31.92242
-14.208178,-14.637883,-0.7831566
-8.805921,-10.833151,0.5112711
-0.32563004,2.5435042,10.521065
-6.98766,-34.97279,4.7229257
6.5642104,-1.0946515,-23.491066
3.1712854,-4.300239,-24.10821
1.6574323,-0.65933615,-1.8315421
-6.827367,-27.253557,10.013242
-8.0608015,-32.55099,5.692271
-8.245227,-36.57744,-17.947157
0.80574757,-9.341355,-20.24382
-4.227873,8.446922,-17.170156
8.096915,3.6714456,-17.742815
-15.707311,-29.7438,-4.77108
-2.7362275,-16.111727,28.781406
-3.5482337,-8.4562235,-25.342422
-1.9504403,-30.700932,-8.529239
-5.1918344,-31.660759,3.240436
-5.4698067,-26.091,-8.407044
-6.338856,-25.361153,-23.117199
-15.636619,-29.821133,-9.9823885
-6.327515,4.247035,-9.073405
-7.0544834,2.7031264,-18.425018
5.5542126,-2.8542264,-15.19362
8.6443615,-14.536068,-8.41444
-2.448627,-12.213267,21.926188
0.28557473,-17.76576,-5.7784224
-1.0638354,7.45451,6.913923
3.3411882,-8.2626095,-14.82577
-5.932995,-5.818613,22.068167
3.4423535,-2.1483893,-17.379934
-6.666688,-10.303056,9.872448
6.7401705,-1.2819774,-28.793337
-2.9341052,-15.603777,31.048695
0.19797318,-26.228092,-4.955786
0.3646796,-13.297281,4.3601575
-5.674112,-24.89552,11.369372
9.630085,4.6519566,-13.009503
-0.60298806,-16.108099,36.029957
-4.605265,-21.533619,10.342395
-3.6400535,-25.301405,11.491902
-8.800875,-33.368946,-20.87258
-9.139455,-27.189463,-5.926933
-0.5331275,-4.2911553,-34.2427
9.256819,-7.2214494,-15.111494
-5.3851056,-16.238558,35.797176
-5.298177,-0.387874,-25.329525
-11.135657,-19.988937,-18.770166
-11.095716,-29.884417,0.21867196
-0.45198244,-17.136305,-15.037971
-17.028744,-0.019149039,-16.460798
-14.104406,-10.218372,0.45399135
-6.3018675,-19.37461,11.590278
-6.2666,1.1292977,17.45313
-7.3316274,-19.745079,-0.5447574
11.897859,-0.033883933,-13.701533
-4.205374,4.6588225,-17.335642
6.658421,11.523071,-3.91539
6.4592166,-8.8661,-17.277042
-4.386134,-8.07822,22.131172
2.807977,-26.560925,-17.307535
-0.43260542,-17.173792,23.319448
-0.8188268,6.912155,-14.404301
-1.9340382,-13.352254,38.47577
-8.31346,-33.67179,-4.3299975
5.1566324,0.8429911,6.034209
-11.244551,-32.97793,-5.1154203
5.324318,-6.7421637,-12.163693
-2.1908092,-3.4212277,-24.343903
-5.8670835,-10.767965,-17.571342
-2.2798412,-10.671022,3.4540389
-4.9700503,-30.47782,12.663938
-3.5042286,-25.579311,15.5013275
-0.1991022,11.69116,0.34852326
5.5852838,8.922204,-19.468418
-10.980494,-31.821478,1.6560218
1.7755907,-10.407878,-13.861914
-1.408125,10.231904,3.908225
-6.722012,6.472519,-5.713263
-9.841999,-1.2508587,12.1514225
2.4694498,-16.64801,-18.748877
-1.4009857,-9.442669,32.256664
0.66120493,-17.175097,39.960136
-10.089985,-26.26778,-17.283632
-6.2722483,-9.564848,12.67811
1.0424958,-13.409488,41.259136
-5.1467834,-2.442879,-24.674791
-5.3717103,7.455383,-9.464451
2.9034276,-2.1180253,-32.494816
-2.089537,-20.60043,27.415369
1.2570124,-24.002897,-10.815352
-2.6271353,-11.899471,7.5262384
-4.297049,11.931692,-8.572987
-6.7991495,-34.044968,6.2365756
6.8482294,6.4250793,-17.471258
4.6159325,-3.9893205,-12.262249
7.864983,0.016952883,-8.97908
8.642246,-4.0159025,-11.93446
-12.136997,-10.131967,2.8931248
-4.455811,2.4335506,-10.417709
2.0382426,3.053166,-17.21005
4.570316,2.4512112,-27.073193
-11.327997,-19.971998,-9.390382
2.3250988,-7.4852433,-19.962385
2.2607617,-3.5702007,-33.492733
1.651416,1.5907507,4.0209126
-8.115865,-4.126764,-22.937973
-7.651375,-26.777287,-8.816598
-1.9953077,-2.1998827,-11.391434
-1.8458977,4.6292467,-20.933538
3.1976264,-9.173112,-28.702713
0.6919201,-10.592281,14.650857
-4.7190924,-30.254293,7.440467
-7.4182224,-14.345053,20.7339
-4.510119,-8.680604,4.386725
0.20586637,-32.22402,4.3627644
0.97028327,-9.196483,9.42009
0.5285686,-12.9478,27.592064
-2.548248,-9.345267,13.005584
5.8423266,-7.417365,2.2681262
-10.74393,-32.929356,-17.073154
-4.7752714,-24.432869,-24.640862
2.9119887,11.622773,-3.0850604
-0.49959126,-8.367634,-25.3316
-3.8164082,-13.472656,37.105732
0.47874716,-3.1431227,-33.904095
-5.6573067,-25.82465,-12.9530945
-7.979898,-5.857913,18.605896
-10.326969,-32.0593,3.3810418
-6.973048,10.346533,2.6477475
-4.006244,-13.408552,34.438305
-2.0218124,10.406013,-7.259702
-3.646186,-10.6594515,25.780523
0.2612075,1.5349017,6.3063126
1.4331905,-12.726256,34.088093
3.030516,-16.774096,-17.55966
-3.0848353,-3.183984,-17.712261
-3.0442336,-4.013379,8.558303
-9.807214,-37.8678,-3.0297432
0.87870336,-6.3173766,-13.373229
-4.580098,-6.7113323,17.68809
-1.014069,2.3576772,-0.56008726
-0.32113636,-36.488213,-8.896174
-8.960877,-25.77945,-20.170073
7.695217,-0.7328322,-15.155407
-4.6231537,-32.835022,-16.482397
8.1407175,2.1364741,-10.454879
-7.748659,-1.4137666,10.535784
7.496307,-3.594474,-28.943008
0.46830335,-0.55665416,-10.626322
-4.620285,-32.41253,-11.035167
2.23903,-13.505646,-1.6621878
-3.157996,-34.057938,-14.386744
-10.774105,6.9164214,2.0949042
-12.19872,-35.41329,-9.9702425
-2.4402013,0.7395879,1.9506476
-3.8106105,-24.567839,-0.13309623
-11.061963,-28.214773,-3.4874086
-3.1003382,-29.74344,-1.989141
-5.7436104,-8.832821,11.404616
-1.1961658,-2.1730914,-17.169056
-1.7880903,-4.9436474,21.265377
6.0383434,-8.966381,-32.279495
-3.225581,-28.984264,3.9106388
-9.093746,-1.5578786,-25.161865
-9.260817,-8.016499,-12.179279
0.08454558,-30.683315,1.8552758
0.57804257,-7.0135164,15.729613
-10.53311,-14.734947,14.060848
-5.322825,-18.232536,4.5520325
6.9890285,-1.9305663,-18.365408
-14.665762,-14.221178,-3.7927508
5.5375786,-3.1717548,-15.106852
-2.7867079,-3.084139,-7.783003
-6.147537,-14.828497,3.221286
-2.0013516,-15.420061,22.709816
0.3282047,37.05443,-5.1492767
4.9648,24.836206,-3.7155755
-14.87499,12.7089205,9.232121
-6.3082023,31.715782,2.485973
-5.4821696,13.905397,17.303104
-23.217184,7.7045074,4.0814066
-5.587603,31.806534,-6.3474393
-3.550608,28.03971,1.2516727
-28.010305,-4.668765,3.1861486
-14.658558,25.107782,-12.969858
-4.1995325,13.613364,16.100311
-0.17028414,23.94252,-7.614248
-18.504402,18.44099,-11.118395
-19.185307,32.224182,-3.195775
-15.42521,13.236258,15.212986
-28.104128,-5.7428308,2.0543938
-28.64889,-5.5027637,4.4193215
-10.300243,21.973436,9.985842
-11.4988575,17.842087,0.88112223
-12.752676,17.986065,3.197816
-1.4096307,37.69108,-5.299531
-3.7177625,27.266256,3.923204
-2.6434658,22.744093,5.120307
-2.173026,28.004126,3.1723254
-2.8802185,25.945934,-4.1975427
-1.1571591,27.838875,3.7238488
-20.08568,8.940461,5.9979296
-6.5255666,31.951471,-6.296241
-10.156905,25.926476,10.306789
-19.803957,6.7813973,6.9506106
-15.02005,12.581003,14.315088
-28.333992,-6.6353207,1.6637375
-20.986961,8.768653,0.39259216
-7.35684,32.69126,-7.7101502
2.8237028,35.759544,-5.6127243
-2.6620424,23.14696,-7.8939104
4.669739,31.661062,-5.1178074
-8.52608,33.3446,3.5223653
-2.9780803,23.383524,1.0980895
-29.597662,-2.447563,4.8232217
-20.222385,12.213564,-8.501528
-4.1844926,28.059103,-2.7196527
-22.53416,9.917368,-5.319612
-26.727188,-7.4000797,2.531202
-4.5045786,28.049406,0.29617995
-2.4416535,25.907614,2.0329072
-11.256338,23.353268,10.684046
-7.9851737,32.981644,3.0842373
-20.146393,12.065822,-5.327783
-6.5722423,31.226274,-7.4956646
4.488079,22.628551,-4.3306823
-7.2489257,29.07741,-11.165916
-19.70914,12.967127,5.7602534
-14.409591,24.392616,-13.4399805
-25.971914,7.1565194,3.7814677
-19.667196,14.888896,-9.505659
-5.3548594,26.631792,2.9961352
4.3490944,25.903772,-2.7412364
-5.6973424,26.540916,6.08719
2.713006,32.30637,-5.2828918
0.84199804,24.578442,-7.753775
-9.868375,32.009666,3.0323856
-5.4996414,26.75428,5.986817
-20.75466,11.93095,-5.773949
5.5843635,21.802206,-1.8650943
-10.270016,31.381435,-7.893997
-12.062948,17.601534,10.257258
-30.344372,-6.2137704,3.9092414
4.8725176,22.711393,-1.8502834
-24.554163,8.158389,3.5243814
-31.287294,-1.9694369,4.002979
-2.473788,26.95218,-4.549465
-30.602112,-3.4987805,1.5059843
-28.957226,-1.3253601,6.7911053
-4.337398,24.708393,6.1664906
-8.331288,27.499336,-11.270135
-28.042198,-6.04169,2.6305902
-24.773737,3.7344515,-1.755392
-1.9222558,36.21902,-5.1282024
-7.3254266,28.816978,-11.524074
4.580422,31.513042,-4.823522
-21.113281,6.345614,1.8947731
-8.57339,12.689065,16.62075
-32.77747,-2.7603786,2.6762886
-29.49293,-5.3705063,5.2633944
-1.1123042,28.422352,1.7641215
-11.840234,25.344805,-15.8356905
-10.882326,26.180134,6.9540515
3.0351605,32.58842,-5.8367944
2.1413765,30.954622,-2.5070977
-28.178923,-6.038861,3.0478065
-6.6598997,31.666885,-6.799384
-0.59011686,25.46651,0.9111832
-2.877145,23.17109,4.1706815
-3.1879253,26.470314,0.14291352
-13.158275,24.520462,-13.71715
-8.68077,32.513462,6.107569
3.468088,24.411661,-3.2451966
-12.831294,17.633106,-2.671648
6.223982,22.161602,-1.7001956
-9.566113,27.469269,-10.696062
-15.135539,18.988775,2.3763633
-0.8901311,23.437872,4.3451147
-17.493492,15.382589,13.904647
-7.366884,30.019793,4.7950816
-31.11379,-0.30035996,1.9257803
-10.269046,24.979115,10.649715
-11.025979,17.274595,1.0764526
3.5817664,33.020782,-4.3559036
-4.071327,27.411589,8.696706
-3.661909,22.83042,6.0371566
-6.927541,28.730545,-10.619842
-12.380364,20.37838,-8.528183
-20.739428,12.970942,-9.741769
-11.827002,32.79214,-7.637087
-1.3804281,23.476706,2.7993855
-9.213929,32.458076,5.4469776
-27.024134,-7.522018,4.4246597
-7.825233,31.178125,5.7263765
-17.776604,21.201942,-11.860848
-9.7874775,28.736172,-7.850884
-1.0931879,28.583458,2.384887
-16.28668,13.893241,6.828338
-13.881977,20.225384,-11.493347
-14.350898,19.519552,-11.025234
-20.223885,11.916012,-8.47138
-17.265642,17.48564,-11.450932
-20.356438,9.42566,5.8313303
-29.398617,-3.737389,0.052104697
-9.458447,28.77207,6.784134
-19.54341,11.635036,6.450401
-6.187076,32.567802,3.6566947
-9.418131,24.044548,10.970377
-10.8014345,18.724022,9.6736355
-28.4556,-2.1278517,5.413269
-4.9738374,12.975994,18.124
-29.763412,-0.8887684,4.4367223
0.070377305,30.147326,-0.9125329
-14.316,12.512641,16.377914
-11.350711,32.92309,-7.058539
-5.986937,28.213837,-4.8806853
-28.777994,-2.9358242,2.2436728
-11.636895,16.925144,2.0051053
-16.06333,12.162213,13.739994
-22.74036,13.47419,-6.152622
-8.089582,31.599142,-7.678041
3.8693266,23.413609,-1.6187155
-9.620896,32.249817,-6.7127843
-2.3909879,37.766235,-4.463262
-26.121317,-1.9243357,-3.2257102
-22.384266,11.1252575,-6.928018
-5.633651,21.02171,-6.091163
-21.000666,4.776702,3.9903154
-29.609957,-1.7758293,2.0837831
-21.119217,13.875023,2.2945263
-27.537836,-3.9446788,5.117028
-11.309971,33.342575,-6.51389
-9.557827,18.604597,-4.1746907
-4.5332236,22.091059,5.1924114
-9.140182,32.82962,4.2698855
0.16901723,36.444508,-5.6238084
-30.8473,-2.8312767,2.0022488
-10.245342,19.06928,8.331829
-13.420488,19.660467,-10.152896
6.7922444,25.164856,-4.6973853
-30.010736,-3.0480409,1.6769568
-8.284119,12.596131,16.217869
-8.704163,26.27066,-13.061412
-8.802835,17.884226,-3.201076
-10.878232,19.04577,7.5143723
-22.429346,11.0865965,-6.9086347
0.113259554,36.665802,-5.9655776
-20.135565,11.85109,-8.491662
-16.604847,13.540708,5.843808
2.2508774,31.59322,-4.631258
-3.77226,26.746758,1.3009974
-3.2159579,26.84554,2.6472678
-8.739663,30.840914,-7.79612
5.8837323,21.67625,-2.2826304
-2.536483,27.692244,-0.83010733
-6.2461567,31.742977,-8.850129
-3.0562637,23.489962,3.8808942
-7.5770774,31.07583,3.0484648
1.589046,37.039948,-6.547347
-8.093975,32.797142,6.0925856
-21.047361,13.193187,-7.5597043
5.9211745,24.07403,-5.1138244
-26.682041,-4.7184834,0.90358096
-0.9978613,22.789072,2.1232722
-29.727207,-6.3542476,2.7448251
-12.695771,16.87462,8.559438
-12.062317,17.581148,2.856509
-8.04267,29.03897,-13.601489
-22.242071,12.326663,-8.297891
-20.695446,13.14568,-6.4003735
1.6523218,24.107191,-8.920533
6.37138,33.82062,-6.683779
5.3030343,23.65341,-2.4972777
-19.992212,13.037335,5.724807
-3.3576934,25.016247,3.2786348
-16.838264,18.009686,14.752085
-3.7541482,32.316437,-9.728914
-24.119774,-4.4259543,4.2863626
-5.6567597,31.591114,-6.225587
-2.4351144,27.90799,-0.8195474
-1.2645204,28.318722,3.063242
-10.862228,13.663157,17.006008
-20.331282,14.739938,-8.91971
-9.245029,27.983137,-13.807339
-29.501438,-7.9224267,5.1795616
-17.43422,12.252886,6.694623
5.3630805,24.915943,-2.574528
-18.795927,15.343821,-9.979877
-15.450759,20.946114,-12.565771
5.642309,22.541706,-2.3453157
5.5529633,22.376242,-1.9772755
-5.031559,20.136045,-5.8267417
-19.500566,29.661451,-3.4780147
0.4652993,36.561745,-4.6701417
-6.3463397,13.458148,16.940685
-23.394817,17.191954,-7.723607
-31.042715,0.20199709,-3.3038235
-21.756538,13.410347,-8.6215725
-31.634602,-2.5187552,-3.2017038
-0.21661822,37.744083,-5.072769
-19.530037,6.200859,9.411225
-8.34948,25.680742,-11.423363
-28.553358,-5.721618,4.924874
-20.898712,11.143114,1.2264516
4.984175,22.571594,-0.81779027
-19.91311,6.490949,6.3853602
-29.266073,-1.9230716,5.726203
-9.96157,27.797867,7.03784
-29.650612,-2.9584925,-1.53239
1.9575706,23.58901,-1.4531444
-3.2680464,37.607727,-4.3159513
-3.754684,25.34885,5.042983
-26.106438,-2.1255226,-1.7456853
4.892875,25.987661,-3.484774
-25.801157,-4.30438,3.0061736
-7.8298616,33.282875,-8.111986
-1.288584,23.598825,-6.686748
-21.513878,29.577435,-2.751589
-12.374946,17.745169,3.8780253
-20.505232,6.18038,5.6253853
-21.930672,11.971674,1.8301584
-8.492674,25.857836,-13.101156
-8.546989,28.357141,-13.49776
-17.924135,8.087365,7.9535966
-19.00894,19.947886,-12.774762
-12.359309,19.624975,-8.062539
-20.222254,12.736332,3.2258718
-11.677448,23.402767,10.192594
-6.1613345,28.416565,-0.3847122
-19.310705,30.038671,-3.0427186
-28.783092,-9.015133,2.012341
-29.185667,-6.1298122,1.5389645
-1.3215133,23.269014,2.1346128
-10.208133,18.090218,-2.9610455
-21.143044,5.112267,4.6790247
-5.4880905,27.906237,-14.248373
-20.678656,21.71709,7.5216017
2.1804183,30.540157,-1.7051398
-29.323858,-3.9411943,-2.1342266
-29.074387,-2.3855672,3.8017642
0.41274214,25.252586,0.41507748
-5.0331583,19.386312,-5.434367
-16.533413,17.846848,-11.42476
0.37760288,36.881012,-4.855436
6.388642,22.53832,-2.884218
-9.9104,19.366844,-4.4445105
-2.188918,26.174147,0.12335573
-5.633539,24.802961,6.309282
-6.79104,18.789537,-2.644415
-6.073453,32.283604,1.058488
-18.679031,7.8453755,7.5745115
-18.009003,9.849717,10.802998
-2.4858003,25.71508,7.156352
-9.909175,25.911106,7.9909673
-17.205353,10.847715,7.938474
-0.16684824,23.608887,-7.141677
-22.899275,11.906699,-6.1654835
1.1797029,30.398746,-1.708182
-7.805909,32.906624,4.8599076
-2.855603,14.091971,17.810125
-5.873157,19.254147,-4.6817293
-26.975433,-3.5725334,5.8366284
-30.05692,-4.385697,0.75624603
-30.189499,-6.4259086,-0.083094455
-8.561545,25.91313,-13.928532
1.196925,32.30048,-3.845863
-17.818565,16.546394,14.386683
-20.581652,12.793085,4.552975
-12.061483,18.718847,1.0615436
-18.088463,15.450399,-8.121557
3.9125862,24.318798,-4.05508
-11.539292,22.932127,11.140665
-6.9038124,14.291307,15.213701
-17.934793,15.932711,-9.446001
-28.27265,-4.0228405,4.293685
-20.659412,12.629686,2.7758229
-28.767109,2.130955,-2.632791
-8.428105,32.881653,2.6042986
-6.8878174,13.495929,17.102146
-11.087324,16.601606,0.796741
-9.165799,16.967215,0.4283119
-17.99729,9.532337,10.075816
-2.8828037,27.103382,4.4040313
5.1217804,33.04233,-5.2391405
-21.34144,12.01118,-4.667877
-30.347298,1.4094144,-3.589739
-30.481554,-4.423618,2.3309512
-9.107396,24.452658,8.431645
3.492479,33.99096,-4.955549
-14.7953415,13.707852,14.762264
-17.732931,19.545761,-12.265718
-16.12172,22.348305,-10.388803
-10.305135,23.124706,8.626716
-28.941458,-3.1187167,7.207045
-31.466726,-3.9708242,7.0587664
-2.7114322,27.265617,4.784876
-27.691948,2.4315536,3.7813215
-11.54397,17.266293,1.938001
-20.815052,6.5264444,5.68654
-2.6515155,37.55305,-5.678894
6.729786,32.89278,-6.5136476
-18.044868,17.834429,-11.3144455
-20.545496,5.634696,8.386213
-10.806584,14.242385,17.58512
-7.2331924,32.295433,4.065711
-3.5491009,23.18434,-5.555261
-29.999147,2.2378151,-4.7994103
-28.181536,-7.005786,0.38622874
-17.35634,15.849336,13.471103
-28.709642,-6.555627,3.8828773
-20.771225,13.1264715,1.9610316
-9.241668,23.643501,9.834369
-18.47749,7.459805,9.085395
-29.092285,-1.0179639,-2.0717654
-23.092281,18.169567,-8.579379
-31.056831,-3.9611056,8.256884
-7.0785346,29.078674,-10.412055
2.7880619,24.81083,-0.7519665
-20.603758,14.309949,-8.238457
-5.686227,22.279549,-4.692629
-26.86451,-7.703758,3.4600441
-5.6871305,25.97598,4.074206
-4.688419,13.250241,16.585758
0.6965674,24.927084,-8.481014
-30.77715,-5.7274275,1.2675669
-14.538858,21.921804,-13.526495
-17.349262,10.950726,7.2555203
2.5836103,31.865013,-5.0543094
3.101225,23.98249,-1.0394075
-2.6444974,27.312094,0.64522207
-22.634184,7.652947,3.8850899
-6.321512,31.654234,-8.846253
-4.3152137,33.02597,-9.759515
-9.060375,22.701029,5.9569845
-15.17901,12.6424465,9.172152
-19.948402,9.5947075,6.0641294
5.4070454,21.83721,-2.243276
-4.9145465,19.482939,-5.3027053
-8.555155,26.968203,-12.300828
-14.319974,18.492588,3.667965
-31.790905,1.4470038,-1.5021508
-15.486962,12.399871,9.080385
-7.6754365,32.06566,-5.892412
1.0855486,31.827381,-4.022055
-2.548946,22.254597,-7.949556
-6.648609,13.799495,16.86473
-10.359897,19.235346,7.919757
-27.457888,-5.933929,1.9041456
-2.4211752,26.347437,-5.790072
-27.840456,-2.00617,3.2849345
-5.8783307,33.614635,1.8415283
-16.523848,15.889515,12.508277
-15.442499,12.374146,9.436907
-2.6117141,22.834171,-0.124001294
0.26745912,29.6763,-0.19479153
-12.700769,18.168095,7.978737
-18.82849,15.682357,-10.077154
-3.8477619,24.517342,6.6830144
2.4363918,23.993116,-1.6748604
-15.514946,11.705396,9.904168
-18.030329,15.28896,0.04979651
6.065928,34.218624,-7.0011845
-9.816716,31.281418,-7.708897
-10.993909,17.422213,0.371956
-18.03413,10.0166025,5.399765
-30.122324,-4.571774,7.817471
-17.945835,17.467064,-11.198663
-21.64754,17.215092,-8.787442
-21.471022,29.668066,-1.6811383
-13.211516,19.764128,-9.310769
-2.5833476,21.837881,1.656794
-9.229533,29.62844,-14.201061
-9.520785,14.31456,17.787785
-3.171292,26.588057,1.31973
-2.843978,37.09799,-4.6012697
-30.68592,-7.949031,3.6978488
-21.641542,29.314554,-2.4762297
-20.48004,13.830683,-8.243971
-5.6014733,20.658312,-5.4983225
-21.796984,6.1177874,6.670418
7.036159,26.473179,-5.5750976
-6.6225185,23.480947,7.7028065
-8.28603,29.667656,4.7828712
-21.352686,11.710455,-8.504083
0.24974051,31.11691,-2.3966422
-29.256079,-1.8659703,-1.1724523
-25.623861,-2.396762,-0.26706296
-9.040438,29.278446,-13.954536
-2.2767625,26.638855,-6.062861
3.0406575,32.408543,-3.8725543
6.372709,23.301502,-4.943852
-16.09259,10.908544,10.040532
-2.9010615,27.146488,1.085881
-25.066698,2.6820443,4.612647
-12.346213,32.882454,-7.067275
-18.398201,13.292668,6.9687295
-16.153427,23.86964,-11.872123
-23.08025,7.7864323,2.0539162
-0.08202708,37.590157,-4.397514
-19.680563,11.068012,-5.0687494
4.671847,33.87766,-5.6975713
-0.9267228,25.304182,-4.6803913
-28.869652,1.1811174,-1.4796591
-20.782751,21.81281,7.2187076
-6.3997235,32.20478,0.36654457
-7.027767,32.241535,1.8871702
8.35029,22.256742,-3.024612
-3.9163287,23.239378,-5.5553074
-11.154678,33.1367,-7.406557
-7.387736,28.15916,-13.262937
-31.9752,-6.8480687,2.393271
-18.93873,11.106599,5.5227714
-4.3419933,28.105661,-0.7869921
-7.2349467,32.22153,1.8003418
-13.10465,22.99355,10.600171
-5.814808,28.57846,-12.388506
-12.176905,18.280334,4.484643
-30.186543,-3.15665,1.3735693
-21.28503,14.360898,6.6486263
-30.570398,-6.594784,0.5282942
4.146585,23.594955,-2.5642357
-29.047827,-3.3694398,3.0785341
4.4275985,24.393148,-2.233659
-7.985927,33.3444,-8.007475
-0.90771645,23.635477,4.1621647
-6.1234517,27.504217,-13.707048
1.5666605,32.85651,-4.5282526
-1.0861983,36.18574,-5.6506357
6.6032352,32.931187,-6.4488807
-4.5287075,14.557775,16.470686
-32.09014,-4.7606163,0.9526798
-21.668457,10.309416,-4.6871257
-9.494719,18.979261,-2.7785084
0.23981012,35.270775,-5.1400642
-30.885006,0.6701952,-0.97663534
-6.374643,31.136206,3.7305353
-14.137366,15.672908,7.1903214
-3.6038394,26.663145,3.2252915
3.240434,32.81821,-5.415846
-9.77565,31.374855,2.691734
-19.500542,31.732462,-3.0535426
-15.564379,19.767794,-12.669968
-9.2671585,32.64401,4.3035374
-10.5429125,17.807043,-3.124088
-27.79031,-3.6128895,6.0201173
-26.402567,-2.5348408,2.2405393
2.0141113,34.504723,-4.9427934
-4.975778,19.248785,-5.5373826
-28.382944,1.3674667,0.60495996
4.087772,33.499626,-6.69617
-27.89768,-2.5368829,-2.548732
-22.582304,9.782773,-5.3343477
-10.074648,16.495592,0.3378687
-21.299107,5.197066,4.4270325
6.3012276,23.698744,-3.227932
-12.25139,32.92467,-8.68592
-26.431341,-3.9330053,3.9529219
-13.101376,13.091869,16.31444
1.3451997,34.831303,-6.6318173
-18.70019,13.051081,7.2109737
-13.000567,24.173452,-14.059726
-10.988342,19.423292,8.015485
-10.865814,18.834448,9.207982
5.408156,25.363428,-4.698358
-12.18814,22.327463,11.021755
-1.5506791,23.409943,0.48009732
-30.383825,-8.164023,1.7083278
-16.557024,19.778484,1.9164735
-17.11481,29.94148,-3.3012185
-18.982212,14.773086,0.5888149
4.0095067,33.110996,-5.149091
-1.3705055,36.94993,-6.016676
1.5950886,30.843721,-3.553709
-22.23553,11.936245,-4.926492
-5.2212343,25.83582,4.105086
-5.3793015,30.68499,3.2996845
-1.1124042,29.61319,0.4297219
-20.642605,5.8030486,5.2271028
-10.100773,25.915977,-10.931508
-10.101632,24.944511,10.49608
-8.186442,33.3652,-8.057217
-15.247972,12.034348,15.125392
6.6239753,33.198887,-6.636693
-9.353466,23.959373,9.39006
-5.542628,14.294738,15.986325
-8.631696,30.465,-8.895632
-20.665394,10.349362,9.664535
-8.471576,18.540682,-3.6853678
-1.1009227,28.44537,2.206972
-14.9065695,14.585256,7.4581146
-6.1248145,28.22212,-4.928214
-32.8115,-2.9515347,3.5010571
-3.1793845,26.124151,-3.8397756
-12.407306,17.899555,4.173563
-28.89149,-4.777175,1.2539907
-13.593598,16.833874,7.746334
-5.521431,28.225252,4.130106
-0.9885977,22.063421,-7.323983
-6.366122,32.4129,3.8523345
6.9475417,23.439634,-3.3729644
-18.34032,18.873684,-12.395965
-8.608062,30.746723,2.850476
-6.413227,13.36328,16.891335
-26.507835,-7.422443,2.814048
3.1156445,36.073803,-6.2220235
-7.958528,29.989075,4.5567107
-28.385637,-8.253043,4.154917
-15.68506,14.092137,11.983247
-9.5790415,25.244389,4.235334
-18.185097,15.695196,-8.630192
-12.184773,17.664633,3.3682337
-11.618607,19.437334,-3.0335255
4.284912,33.447567,-5.3330536
-7.4732604,23.494036,6.7854323
-27.376732,1.0540982,-3.7784972
-14.835305,13.456277,8.4730425
-1.7752581,29.149479,0.501832
4.155646,32.070847,-3.9017134
-17.152193,12.153111,7.3964057
-2.4348876,22.57055,1.3565278
-7.869278,29.868887,5.652084
2.0591521,34.312202,-6.6337953
-3.4778266,14.291765,16.854794
-2.4903185,21.400223,-8.004832
-9.267857,32.127666,-7.0892935
-3.8095798,26.110817,7.222839
-27.525766,-0.18361416,-2.8833652
-11.97149,15.298064,9.178284
-30.1567,-3.9607155,5.180581
-14.696291,20.27793,-13.11684
-4.048809,28.50766,1.9991426
-15.11375,12.730576,8.874749
-3.456833,26.585003,3.82035
-21.290184,9.138586,0.49735886
-10.2423935,17.344408,0.7477584
-29.414497,2.5671217,-3.6678536
-2.5505407,20.947775,-7.773441
-23.440844,13.636835,-6.60054
-4.5633907,31.478971,-8.195049
-1.864882,38.097855,-5.375089
-11.329851,17.445984,1.6684669
-21.077087,11.619765,-6.1113596
-16.476202,16.29677,14.774935
-0.5170381,25.739012,-5.7388597
7.8822923,23.371866,-3.6957562
-12.423534,18.282328,10.190856
-1.8000145,21.278412,-8.852532
-13.6420555,14.867604,9.061552
5.3694954,24.44923,-4.457771
-20.72469,29.30927,-2.043027
-10.629473,24.96682,-15.244709
7.069527,21.453773,-1.2669996
-16.82664,9.590274,9.964241
-9.714136,26.813364,-10.4328985
-18.475056,17.829268,-11.962112
-9.710914,26.557234,7.3735495
-9.52497,31.841305,3.5422425
-17.68333,14.070821,8.341743
-10.92426,24.064625,10.763249
-10.822532,16.427523,1.412606
-21.972977,7.9284143,1.1704643
-14.325608,17.327646,8.389794
-26.987244,-2.7099242,6.72236
1.1972072,32.702484,-3.8964791
3.2389512,24.870628,-3.1534278
-27.15813,-1.9876106,6.813216
-25.59954,-3.599938,6.043869
-3.0111387,24.496834,-5.784329
-10.123779,23.013655,8.351452
-17.483433,20.979624,0.6670586
-29.582191,-2.2084918,2.2368588
6.2058196,23.732847,-2.7048094
-6.503442,26.90429,-14.000422
-18.807964,16.581955,-9.966256
-17.821533,14.225518,12.82989
2.3580837,31.466587,-3.180938
-12.264813,30.868286,-7.9535565
-25.63832,-6.518337,2.5893662
-22.530909,17.357195,-8.550036
3.6798143,23.421684,-2.9366448
-4.640719,21.19172,6.6007986
-9.745237,19.162369,-2.274321
-20.508356,10.312972,9.56213
-27.388,-5.6648483,3.9801774
-1.3898556,27.75582,3.777937
1.2663058,23.98433,-9.379929
-3.8655348,13.901533,17.291182
-10.692875,16.616104,1.5050131
-24.864344,3.706057,-1.8490056
2.3459785,35.86616,-6.474114
3.553794,33.272617,-5.0637674
-10.878147,22.259502,9.359263
-3.7098522,25.941774,6.756522
-32.998943,-3.0503612,3.7884295
4.623358,27.235325,-3.6292098
-4.007285,13.65808,16.142227
-0.41274384,35.4415,-5.590328
-6.8786826,12.963125,16.77807
-31.231655,-6.7537518,6.7764187
-8.050949,20.434202,8.848229
-19.46464,18.183586,-11.915287
-26.933084,-4.0165253,1.5174575
0.67077786,36.052612,-5.3869486
-17.88909,19.507164,-11.406379
-2.4216974,22.382307,1.6472714
-1.5913954,21.559526,-9.297271
-6.417242,28.660019,-11.256021
-8.997211,19.30461,-4.3356204
-21.815119,7.247882,0.55496126
-29.516518,-5.1623077,5.3963227
-5.561059,13.289626,16.688953
-3.435984,27.203648,3.5902567
5.4937377,26.851192,-5.7311616
-30.520525,-2.7987509,7.0856495
-9.6759815,18.88634,-4.0914216
0.2411434,30.008738,-3.5073762
2.6854804,36.681877,-6.6119184
-1.0462815,25.159542,0.96840256
-27.186634,-1.9194952,5.639404
-7.2394376,22.894655,-0.71528536
1.0931727,32.842735,-4.0112524
-18.12471,29.620401,-3.6266563
-12.253469,17.8192,2.881504
-25.543358,-5.1911592,5.6808443
-5.871314,27.043348,-10.079388
-22.24558,12.811241,-8.39617
-3.0365882,25.050478,-4.6486974
-31.940783,-4.737312,0.9399248
2.3414493,31.167072,-3.1173134
-31.31559,-0.9225991,-3.0072525
-5.209696,20.399097,-5.7244444
-17.073835,15.477314,13.51428
-26.37953,-7.5435185,2.8361495
-29.056688,9.56187,4.7909393
-20.118315,12.752945,2.9839363
-13.447225,18.220255,3.9488945
-15.593108,14.460054,12.9405985
-5.7091703,27.683125,-14.518999
-27.53334,3.992882,-2.8076825
4.589984,24.94827,-3.8663917
-20.55963,5.930373,5.472297
-20.321547,11.072985,1.5312235
-6.286654,31.28335,-6.4854
-28.367537,-1.7665266,2.6541255
-18.831087,18.17114,-11.184816
-4.9984646,29.739943,-9.1344
0.86910295,24.909138,-7.356282
-25.537132,-2.4725716,-1.4247319
-28.620327,-0.23257014,-4.8114953
-28.9293,1.1438513,-0.7825969
-9.9876995,17.93997,-3.2309256
-10.539245,32.666462,-6.703011
-19.949457,16.159216,-9.821501
-8.299416,29.23498,4.4627643
-26.525957,-0.52127975,5.2180805
-15.640472,20.87529,-12.5887165
-12.251844,15.231081,9.840011
-27.98572,-0.31678632,-2.5701933
-2.3552797,27.9338,3.214081
-30.380295,-4.5654593,1.9153991
4.807574,33.81347,-5.9332194
-20.579905,7.8022585,9.323126
-10.258826,33.022858,-7.51011
-18.285261,9.504573,10.431987
-21.390516,12.001554,-4.612079
-1.096454,25.18438,-4.4785314
-15.815867,14.45041,7.5130644
3.2649653,24.478418,-2.5098233
-11.421502,26.27718,6.6502833
-17.434704,31.34301,-2.6202188
-6.489401,31.261877,1.5589651
-28.302006,-5.213591,-0.137042
-2.015049,27.168447,-6.6360903
-24.353754,-4.8824,5.426479
-13.591908,14.595393,10.314628
-8.140426,30.067438,4.3700604
-29.704071,-3.784039,7.9217367
-2.5503478,23.059507,4.9980245
-10.398229,18.58963,-3.9651341
-1.0101283,23.391079,4.363308
-2.2995281,22.000769,1.667134
-0.6403536,25.509785,-6.2597766
-29.65454,-5.4927955,0.6323973
0.08874904,24.910017,-8.795389
-29.939436,-1.8666347,5.6921906
-26.98408,1.2270526,-1.7482777
-21.053663,12.331457,-7.825906
0.84023064,23.832634,-7.7852397
-5.5101275,13.992486,18.298134
-22.295307,11.692946,-4.977235
-4.4982677,19.747145,-6.4144297
0.6967935,29.596706,-2.108441
-0.10135776,25.18878,-7.4579463
5.7019486,24.073399,-3.096741
0.5982162,24.679073,-0.18924889
-21.74198,13.108122,3.7250702
-10.54884,16.440361,0.4990664
-4.4114323,13.9587,17.217894
4.0286517,25.002913,-5.1517267
-5.5404906,20.966042,-5.6950064
1.4559146,30.677172,-1.9203856
-29.47187,-1.723872,-4.8139973
-20.373865,23.189724,-11.276932
4.6323175,26.23862,-3.4780385
-8.236327,13.988514,17.66979
-17.54737,17.308722,-11.973966
-9.755356,28.749792,-7.8858194
7.8816338,22.989378,-3.2674134
-7.234423,30.864391,3.8602028
-11.748463,18.048016,1.1269535
-5.065786,31.282728,-7.9070525
4.0115356,23.0007,-2.6682577
4.551366,31.652237,-5.0637617
5.6855507,32.953358,-5.615818
-7.5130396,32.106304,-6.480079
3.6775494,24.00337,-2.4549258
6.7503633,21.913223,-2.2469149
-0.6494891,25.409964,0.9496963
2.599231,24.173513,-0.9988873
-6.7356634,32.019638,3.0270865
-8.928387,28.888332,5.2391405
-17.026028,14.93434,13.774215
-30.074606,-3.2988281,0.8002438
5.148785,25.910624,-4.8695316
-4.6494355,13.509513,18.006195
4.602968,25.223127,-5.2630105
-3.4865124,26.775085,4.78855
-19.333849,11.475725,6.362753
-30.233269,-7.771462,3.5672529
-0.021675933,30.001202,-0.40318188
-19.598427,31.500181,-3.9291625
-23.576506,14.409881,-7.9776206
-20.917566,14.500176,-8.796988
-29.830547,-0.7725703,-1.8817538
-14.861075,20.899391,-13.310244
-27.213795,-1.6889374,-2.8556662
-6.9741964,26.745241,-13.75695
-18.470234,15.091781,0.24118088
-14.779929,13.068834,14.043974
-2.566548,37.233902,-5.5219984
-27.87648,1.0710491,-3.8588758
-30.61734,-0.27262014,-3.7450578
-6.396232,26.846655,-14.063224
-26.765162,-5.0885983,4.3295665
5.033666,32.054363,-4.2504992
-1.9366847,23.294733,5.502387
-20.703457,12.088315,-5.639331
-28.612635,-3.2494164,0.3661031
-27.861244,-3.9200487,2.2605221
-16.932474,12.788259,5.798959
-26.350145,-3.6645608,2.7509444
-3.093125,38.20763,-3.8928509
-28.225405,-3.5894554,7.5483685
-19.916342,15.242945,-9.43514
-31.267553,-5.4052844,5.1858497
-7.3133974,22.11987,-7.0268626
-27.33188,0.81939375,-4.022002
-15.303688,13.260087,9.875152
-30.031487,1.9325012,-1.3319336
-19.590729,31.67523,-2.825415
-10.745982,33.264854,-7.7081804
-15.222079,21.030287,-13.160833
-0.18420205,31.050127,-1.9260185
-8.377762,25.559008,-11.62485
-25.610746,-7.776187,2.866378
-6.3286853,27.321953,-11.70402
-4.984211,14.350733,18.188505
-29.259756,-2.4984562,3.3672876
-22.011593,13.371205,6.424656
-15.759204,12.750694,15.335774
-0.13463704,24.943592,-8.553485
-4.0886173,21.796724,-5.0025954
-30.801313,-3.9980004,7.5829496
-10.651062,22.533205,9.936426
5.1181064,35.01081,-7.1967955
-16.762041,19.621758,-11.397964
-10.831089,23.057514,9.87629
-19.613857,31.48747,-3.9004958
2.3123233,35.53366,-5.1587358
-30.38515,-7.9814377,1.655284
-8.281529,28.427845,-11.10725
-5.698445,26.841717,-12.145525
-18.037296,8.397556,9.414196
-6.0475016,32.073036,2.6815047
-0.39596227,28.522495,1.1255858
-13.004118,17.405375,-2.8692532
-0.49750423,23.174444,-7.1531525
4.312568,32.43154,-4.30119
1.4274722,33.586967,-4.7418118
-1.6062813,23.627699,-6.2295413
5.723693,27.094118,-5.635613
-5.1036997,31.333723,2.1648312
-21.257677,29.691925,-2.1756518
-30.070143,-7.03191,5.21134
-28.537811,-2.5491903,2.398774
-27.897022,-4.3010554,5.3312283
-17.62969,12.235404,4.9688206
-10.509966,17.76034,-3.1556509
-4.1972,24.824043,5.8560324
0.6969944,29.85328,-0.46334943
-30.758274,-3.8530998,6.9810214
0.33133355,24.048948,-0.064224094
-12.976918,13.156582,8.153304
5.6376815,34.677464,-7.013843
1.2339884,37.457085,-6.537046
-22.002296,5.8883557,4.8747478
-29.251108,-4.7092824,1.1214764
4.4071927,34.075684,-6.80867
6.3268204,26.885008,-5.728281
-29.608501,1.6632286,-4.697036
-17.832264,21.027615,-12.049195
-19.405636,12.962585,5.713782
-10.327343,27.042019,6.7157173
-4.52864,14.018878,16.520721
-0.8420121,25.25533,-6.5051494
-18.531836,13.29044,6.89396
-16.105043,12.047042,13.929908
-30.802172,-5.6396875,-0.36428627
-0.23710158,22.848497,-7.351978
-7.541118,32.432404,2.0420368
6.0512056,26.504955,-5.689216
-6.0633273,32.784546,1.4252672
-5.209417,29.686419,4.1327167
-8.962942,24.084032,8.584516
-29.057684,-3.5165818,2.7730668
-6.666411,21.330193,-6.667592
-14.735067,13.907808,12.518417
-9.430017,22.049929,9.46461
-18.231081,23.905832,-10.911897
-27.893442,-5.6564374,6.129609
-29.448462,-5.3879967,3.154651
-12.028866,22.984314,-12.936784
-9.313751,12.984142,16.845144
-0.33421808,24.835241,-7.738237
-13.715844,14.946958,10.583343
-8.399956,29.141314,5.577994
-3.7854826,14.498559,17.998285
-21.372894,14.8915825,6.8578405
-21.42478,5.928872,5.2503333
-18.951862,17.47603,-11.066967
-15.8772955,22.90659,-11.899811
-13.000087,16.041288,9.298752
-12.746939,12.980382,9.082811
-6.5054617,27.994661,-12.274553
2.065809,31.460957,-3.7823656
-2.0107133,37.0541,-2.0527253
-8.669014,29.210249,-13.795684
-11.552774,22.558893,10.658247
-20.307928,16.064886,-9.314979
-27.70732,1.6441203,-5.177842
5.7023387,32.88567,-5.5194564
-1.6680716,22.783133,4.913065
5.397218,24.611273,-3.7487504
-28.67622,-9.043307,1.8656764
-27.501703,-8.069829,1.89812
-7.2938633,27.00522,-12.472229
-10.961776,32.011513,-7.7845798
-1.8770446,22.323694,-7.6945233
-7.761953,28.476856,-12.359653
-6.5022836,29.29158,0.24444538
-1.9900702,23.340597,2.1284053
-27.891874,-3.9739246,2.4098196
-14.591191,24.448528,-13.384496
0.22138916,29.69274,-0.4050156
-28.074331,-5.4901247,2.4674325
0.41340473,25.387278,-6.7406316
-18.581972,12.727843,7.2966633
-30.6816,-4.9321485,6.3616557
-20.229528,5.429627,8.940056
-10.3857,21.537285,-2.6882837
-4.75962,21.002886,6.6892757
-22.319191,5.779389,4.9216385
6.727109,22.799255,-2.9958928
-21.841677,5.775694,3.6757264
-20.768372,11.972969,-5.180226
-2.456246,27.404867,-4.062551
-30.030197,-5.941206,0.12763089
-3.6341333,26.552034,4.396808
-15.045208,12.347802,15.585018
-13.561266,13.343288,16.387695
-16.986431,16.876453,-10.671177
-31.35757,-2.4147882,4.5988855
-29.961704,-1.0524414,3.2673078
3.3381908,36.461464,-6.6907067
-15.994289,10.981109,10.045436
-14.735508,13.9613495,12.629281
-0.97788244,26.199394,-6.200099
2.8404353,34.881443,-5.191942
-2.2331262,29.196941,-1.695472
-11.224255,23.968699,10.721312
-5.8626738,30.916355,-7.418677
-31.348124,-6.1483307,4.0641394
-21.937223,6.929318,1.0168749
-6.080474,27.142218,-14.86079
-29.403395,-3.5487957,5.8702636
-6.594437,27.653479,-12.904181
-11.54438,17.492706,1.869229
-20.495253,13.480525,-9.544905
-30.43583,2.9911048,-0.99633265
-0.079711035,29.118277,1.6508684
-12.480999,16.863218,8.841009
-3.2330115,25.040054,7.499557
-15.2553005,11.89626,15.367607
3.1571908,24.018305,-1.2406836
-18.31896,18.40314,-11.540887
-8.046791,31.32351,2.6908803
0.055290766,25.221632,0.28544176
-29.174145,-7.4815145,2.8493102
-16.017105,12.695118,15.053177
-26.747723,-0.5946635,-2.8311706
-1.659345,22.717064,-6.170797
-13.565003,15.128109,10.259072
7.171927,23.262354,-3.2632425
-11.010681,24.707626,-14.947207
-6.9239955,27.872845,-13.598487
-7.7953663,32.20165,2.5158176
-3.56372,24.179333,4.3742642
-13.408339,24.667036,-15.15755
-2.2788508,36.80392,-5.5893025
-14.78102,18.704346,2.2220914
-31.465475,-0.75865614,-0.1298742
-30.325935,-2.8681927,0.36776665
-10.4987135,19.512012,8.264936
-10.023572,27.174675,6.758631
-15.707999,15.635534,14.668594
4.665739,33.54957,-6.5407767
-7.181475,32.334644,-6.6837506
-25.020224,7.001348,7.6006618
-10.778031,17.668102,0.34644833
4.8418407,22.966015,-2.842454
3.9248686,33.01635,-4.959065
-4.0716634,20.318323,-7.0105824
-2.7532027,26.964636,-4.071861
-18.87623,30.157925,-2.8343596
-20.942642,12.990019,1.7623421
-7.793692,26.773132,7.0724406
1.8903197,26.248495,-1.2305034
-20.615938,12.540031,-6.605746
-0.2421603,29.214218,1.4702823
-28.365194,-4.920534,0.008463144
0.22816874,36.476696,-4.9110146
-21.36111,7.0642304,1.9079505
-6.617963,23.479591,7.6487665
-13.617601,18.214153,3.6648428
-1.4361598,23.216259,-6.2260475
-18.39828,7.7242026,9.255596
-27.012365,-7.4494424,4.8092575
6.3704476,33.651188,-6.7729797
-5.6608086,13.732864,17.56623
0.5314348,25.469635,-0.9247285
-12.887379,13.30182,8.485401
-11.818938,33.0198,-6.776188
-4.946444,13.3882265,16.908722
-28.536333,-8.20077,4.1266975
-16.117504,19.789656,-13.162403
-11.089692,12.339383,15.87794
-22.148872,5.7625933,4.759621
5.2475376,25.406134,-3.2108817
-10.850641,18.555256,8.319507
-3.1618197,25.815697,-3.8744695
-27.91116,-6.3121986,6.302301
3.8907185,33.80067,-6.9692903
1.7319074,24.78016,-1.3712585
-29.672493,-3.7918205,8.064322
-19.441595,8.829579,5.0154743
-4.8541718,23.989735,-6.4573965
-21.35247,9.683506,6.7844048
-10.293855,18.665758,-4.020549
6.0091195,22.077477,-2.4490829
2.1100266,23.89135,-1.3226417
-25.69062,0.56508267,5.274941
-20.31326,14.770259,-9.024264
-18.15164,18.782778,-11.159052
-21.295149,11.469503,-7.404203
-3.9204857,20.72105,-7.227815
-28.88109,-1.318684,5.4997725
-17.239038,11.328929,7.5670776
-20.630424,14.311183,0.4167521
-3.0580401,25.726053,-5.0066338
-28.000385,-3.0308309,7.9124155
8.45732,22.131687,-2.8732772
-29.702608,-5.809411,7.6765995
-31.369287,-3.3394964,3.5961833
-20.3287,29.32283,-2.178541
-9.074615,13.103359,16.009222
-28.743362,-2.9800966,0.082273506
1.1862576,30.23345,-1.238447
-29.122868,-3.2884495,7.044897
-16.49764,13.931945,14.669995
4.9465613,34.965504,-6.473946
-10.140484,13.0150585,16.7436
-10.379211,19.06284,-9.122052
-27.321934,-5.005047,4.2698994
-9.526836,12.890979,16.705019
-6.0778975,28.222368,-4.9028587
1.1424427,34.5344,-4.750251
-2.1606028,37.74607,-4.57925
-2.514555,26.528315,3.6053169
-6.7130837,31.82037,2.4787273
-12.288006,18.200132,-2.1350992
-19.705767,29.70889,-3.2418816
-18.435944,8.82321,10.386021
-3.7688482,32.572826,-10.084695
-28.553413,-2.3392196,0.12769976
-3.6504004,21.24045,-7.184422
-21.329283,10.46538,-6.2184935
-11.496174,23.941767,-15.255855
-5.2159147,28.221113,-13.298594
4.1676545,33.19238,-4.63464
-9.545776,27.143822,-10.544542
-30.503845,-0.24045813,-3.7224278
-17.28794,12.330156,6.2151513
-12.773427,13.0128355,9.305868
2.6368496,26.485113,-1.0303892
-7.8422923,13.168371,16.844528
-10.4270525,26.671974,6.293653
0.6033064,25.719275,-7.878921
-3.8657463,28.334421,1.7559882
-25.65917,-3.3268964,6.374405
-9.896084,34.0457,3.4234755
-11.692357,23.227062,11.046298
-18.102613,13.746413,7.903012
-9.05444,24.974611,8.803343
-8.682203,12.94919,14.974365
-12.741873,17.551516,4.348705
-21.07841,7.191073,1.811701
6.1435957,24.576178,-4.8157306
-17.766886,11.004277,5.920911
-10.032855,25.24442,10.679444
-12.770877,13.208123,9.368295
-31.498388,-2.7338583,3.6554027
-7.8682656,30.214905,4.4474063
-16.10038,19.815662,-12.204279
-17.523335,17.920744,-12.147234
-29.731638,-7.633922,5.849909
-2.4478333,28.224644,-2.7274177
-21.364212,13.09924,6.3905544
0.023850968,30.497393,-4.262561
-19.514864,17.528936,-10.84813
4.701405,34.10675,-5.8725295
-7.1228905,21.771385,-2.689778
-12.334628,18.188063,-2.1177175
-2.328546,26.762775,-6.0132365
-29.090708,-4.597498,3.7631297
-2.32147,28.02907,-1.2873348
-26.517794,-3.5599194,3.2270644
-30.351576,-5.018714,3.4881592
-3.3036692,13.901242,16.504946
-30.769423,-5.8278766,4.6700134
-1.184547,27.955147,3.3304691
-22.056826,12.381391,-4.469445
-10.698392,13.515599,17.250315
-17.268084,19.383854,-0.61652344
-9.5010805,33.05226,-7.4954977
-17.762749,18.742672,-11.489969
-2.1205058,24.795898,-0.514155
-21.257435,11.542198,-7.464751
5.019241,34.70025,-6.280618
-23.074125,10.868085,3.5134265
-11.655763,15.899133,7.8984413
2.4160607,34.57444,-5.030208
-31.409225,-1.0757073,-0.15021819
-2.7917044,26.182741,6.278762
-6.487017,23.751223,7.3578544
-10.195304,16.309347,0.36576733
-3.2716482,26.922575,1.261394
-12.503482,23.736744,11.242179
-6.4921794,30.871262,4.448508
-28.853048,-4.83691,6.7058954
-9.563785,33.495983,3.6590889
-5.93398,31.701967,-8.088136
-8.360379,31.835474,5.9845667
-4.2305346,23.178694,5.846647
-23.326916,5.750162,4.164465
6.9748926,25.542883,-5.047656
-17.570765,20.71289,-11.808343
-10.778821,21.015272,-4.584986
-26.978308,-5.223367,7.896665
6.4703546,33.281006,-6.4249845
-23.507586,14.257908,-7.985653
-9.297693,18.119328,-2.194226
2.551556,34.677254,-6.8221116
3.317378,32.648327,-4.3450484
-17.790878,12.16689,5.8018694
-15.837881,12.393148,15.132081
-9.402708,13.467186,17.052504
-21.10241,14.311127,6.690498
6.151084,25.101845,-3.9874256
-5.161731,24.408688,6.4448133
-9.0799465,18.203863,-3.7040174
-21.949873,5.7783093,3.4786086
1.0792255,30.482016,-1.6891657
-16.466076,15.558924,6.413114
-3.4720592,14.423824,17.281124
-1.138614,37.617645,-4.8195877
-21.159122,13.588112,-7.5068774
-20.85188,21.855257,7.0627594
-21.470442,12.792369,5.017744
-16.652887,15.234293,6.689666
-0.15506455,22.982079,-7.392107
-17.536303,16.99946,14.922731
-8.310654,33.403244,3.0160093
-8.047238,27.318594,-12.479934
-5.4337087,26.432238,5.149609
-0.31600168,24.252632,-8.346905
-17.137857,16.603085,14.505938
0.41008446,25.388794,-8.259097
-17.402546,16.084852,13.445021
-14.563217,21.79368,-13.799636
4.8377934,26.385132,-5.386315
-11.411712,18.251547,8.492565
-5.6548815,30.733435,1.3223263
3.2585266,35.97565,-6.022142
-32.8337,-2.963441,2.4582036
-15.911432,23.487753,-11.389707
-1.9647214,36.989296,-2.0578153
-3.7338529,26.21514,7.03615
-12.576583,12.839235,15.47361
-21.628704,10.214864,-4.593787
-8.62677,21.322828,10.605338
-5.3657856,31.752522,2.1103218
-16.998901,16.74818,14.715643
-1.2180015,37.541515,-4.670721
-3.6721792,22.30187,-4.7145095
-31.2984,-4.8572655,2.5091028
-13.2619,15.669489,9.296684
-3.875069,13.827046,17.22444
-10.0902195,24.18124,10.222066
-10.8207855,17.26282,0.8782997
-0.9791429,23.955221,3.2273846
-11.302634,18.17938,9.572494
-13.70364,19.682022,-7.4172406
0.046166617,25.26622,-7.350715
1.4405242,24.046644,-8.963162
-0.24399538,24.677208,-8.388162
-21.538565,5.859644,2.9455905
-19.225973,15.133859,-9.795237
-14.876743,25.36524,-12.595285
-28.724646,-4.3954053,5.50812
-4.9206653,26.806015,3.2272103
-20.728832,4.2756267,5.107525
-8.3250065,31.499502,-7.456245
0.594757,25.192682,-0.8228059
-16.384333,23.64444,-12.222994
-9.502038,16.920387,0.5046812
-7.972405,30.319416,4.0531306
-1.3225871,28.685417,1.2298144
-14.733112,15.136524,13.81608
-20.329624,8.308969,6.1922503
-19.322985,14.451152,1.0622376
-15.4349165,14.872245,14.828263
4.0655236,31.782,-3.8847928
-7.677727,30.05892,5.5265064
-0.4478706,36.658207,-4.9383936
-6.31056,31.592432,-6.510429
-28.003283,-4.524885,2.72267
-32.319275,-3.4669228,0.752157
2.6205666,31.179628,-2.9795861
-32.084614,-3.701475,5.3084393
-8.289205,33.513054,-7.9792786
-10.232494,13.461646,17.617958
-20.2071,14.160669,-8.727821
-12.102239,22.794695,-14.582722
-29.221226,-3.9687002,-1.1403908
-16.517345,11.740242,13.56473
2.7417765,35.577312,-5.569287
-12.190039,31.012268,-7.887803
-2.6405065,25.94471,-3.2692757
-27.420488,-0.3290341,5.1977415
-30.04635,-6.114092,0.42172223
-15.714763,14.985192,12.299668
-20.409052,13.120805,5.626264
-9.824525,25.592419,8.501619
-20.47108,12.404626,-9.581636
-3.8258045,32.086636,-9.12459
-17.558983,21.532558,-11.756933
-7.112393,28.394623,-12.991009
5.83882,33.439907,-5.948949
4.361163,25.004923,-4.691799
-2.0791156,26.165432,6.6670074
1.8696275,24.180004,-1.5974517
-4.3361845,23.476925,5.753244
3.2062895,23.520716,-1.2306017
-6.76017,26.257166,6.5727515
-7.523186,33.353775,5.2898
-30.965858,-2.5741925,2.445476
-14.522527,21.73165,-0.6721678
-5.766535,13.116795,16.551758
-6.494316,25.92894,5.302239
-20.204086,28.440655,-1.3612063
5.534162,25.514229,-3.3129163
-3.02101,37.67519,-4.450022
-11.258772,16.52786,1.0822353
-10.332289,27.799639,5.939589
-21.943302,11.709003,-6.7831826
-14.396157,12.658527,16.454416
-18.386702,15.15908,12.804735
-1.281954,24.117216,0.31510124
5.530379,25.387562,-4.447352
-10.387982,24.375357,10.297309
-28.200401,-6.8565664,6.375881
-3.654931,25.780394,5.281586
-11.9042845,22.86502,-14.154281
-17.906485,19.263556,-10.579016
-5.5755625,26.389355,-13.115344
-22.100258,11.086389,9.21212
-16.914682,15.839951,13.023382
-30.040842,-5.4657874,3.7895992
-7.898619,28.898096,-10.634751
-26.576845,-4.795857,2.311276
-31.59778,-4.8259697,1.6348767
-14.490995,21.733433,-13.549724
-30.603714,-4.482625,3.0448134
-0.25644946,29.814922,-0.31831834
-9.7776,30.617004,-8.586876
-7.58724,33.52935,3.797345
-12.261611,18.17331,4.3478184
-3.8128524,25.175797,5.207194
-12.115855,31.020662,-7.8611374
-20.189404,22.422018,-12.0955715
5.633629,24.38934,-3.985801
-18.34895,15.0566635,-8.417073
5.480551,23.466633,-3.228159
-2.8383172,25.01541,-4.8386493
-15.563821,14.409865,12.1563635
-3.8426647,26.145329,-3.2316704
-18.567646,7.5386634,9.18881
-12.219594,25.7137,-15.963481
-7.8516793,14.434097,16.710587
-21.555298,5.847014,3.5502608
-29.871012,-3.4228542,4.090018
1.178025,24.607166,-7.871837
-11.396528,21.588547,-12.770137
-18.183517,15.231136,0.11193429
-1.467986,27.906965,-4.593413
4.8411727,23.817316,-4.3308716
-28.393251,-5.864208,5.0384374
-3.6054964,23.137318,5.43293
-12.047025,22.45001,-12.520431
-14.228274,11.941084,8.646329
-13.085236,23.267893,-13.019301
-30.819118,-6.599858,3.9950614
-11.504628,17.203892,9.393295
0.6911581,25.159721,-0.9347457
-27.879179,-8.778871,1.734659
-17.222113,16.962051,-11.054387
-8.900818,14.217934,17.484182
-14.908599,13.104343,9.151175
-20.46348,10.0779505,9.568474
-15.304992,12.723484,15.336725
2.4732244,34.445763,-4.8856616
-11.557052,31.492567,-7.9503627
-18.194408,29.534508,-3.8715181
-12.039358,18.415743,4.7734594
-5.726474,31.49045,-7.680211
-21.604193,12.331309,4.6664968
-10.273138,18.277445,-2.3188775
-29.200499,-2.5024824,5.1268554
-15.983149,24.268044,-12.254183
-11.821718,15.481042,10.18737
-4.0284534,21.882618,6.504372
-6.966759,31.976665,3.8628862
5.4085627,25.622358,-5.273514
-5.503812,29.947853,-9.018418
-20.6758,12.778184,-9.750693
-16.868498,10.24954,9.511741
-10.4317465,26.311075,-10.691937
-28.231703,9.281197,4.3968315
-10.848202,24.59934,-15.187682
-26.912607,-6.1883397,4.8504667
5.137541,23.046364,-1.0264658
-8.736558,30.493805,-8.875889
0.8778913,24.543276,-7.534011
-33.05769,-4.0978117,4.4518757
-4.0648313,27.385136,8.669646
-4.7260046,25.078856,5.2034903
-15.626934,14.605028,5.394833
-28.575766,12.168842,5.272633
-18.905117,21.642986,-12.370504
-21.32459,18.11079,-6.813692
-6.148766,22.674894,-1.1153108
-17.432663,21.552723,1.955722
-27.813152,2.7264228,-0.8085431
-26.111776,1.5986195,-2.861118
-6.402876,15.23262,18.186272
-7.3601136,13.738084,15.294245
-4.207128,22.436316,2.718942
-19.07431,10.065725,-4.3882146
-10.805055,21.201624,-2.7592585
-11.822421,14.923345,8.016801
-8.308734,23.995173,-18.924643
-22.081692,16.308762,-8.304704
-11.511082,28.115313,6.080056
-11.608134,32.866577,-2.0153549
-11.297661,25.226633,-18.04635
-0.92519355,33.539093,-13.606571
-10.607887,23.158468,-19.3352
-25.922606,12.35312,7.6119394
-22.54168,18.02388,6.048587
-29.353569,1.0520228,-4.3300133
-4.469414,22.652885,5.155861
-11.523459,30.605795,-3.7832153
-16.193266,11.636531,6.9838223
-22.384329,20.756104,3.5408626
-7.02733,22.873997,9.923137
-9.035945,22.518038,-3.193114
-23.441282,21.012108,5.536001
-6.5773673,20.738379,-3.0252943
-26.1367,9.380967,8.442904
-23.210682,-1.2183834,9.365379
-23.270733,16.698877,-7.947193
-3.8245802,22.4064,2.2572057
0.08776231,32.111435,-13.1548195
-17.56492,8.371047,8.166877
-27.647371,14.0662985,6.3113074
-13.812322,20.687881,-13.845577
-18.139843,10.819991,-4.7926493
-21.055912,14.931269,-6.828604
-31.885212,0.9653049,-2.3341994
1.3957117,31.397593,-11.822484
-11.956037,25.070896,-19.59096
-18.793415,20.775927,-11.841264
-12.858832,18.418715,9.223395
-19.589668,7.4482565,10.992644
7.5380635,24.280567,-2.753914
-11.14967,22.218187,-18.981016
-27.11421,-4.480119,10.039048
-12.033955,27.105627,6.630015
-13.08576,25.247063,8.913058
-24.464079,12.765612,-5.1353965
-26.49084,-4.6660004,4.3911963
8.206973,29.33471,-5.565581
-19.405365,18.53482,-10.035733
-27.087513,15.711756,4.753265
-12.022842,25.563623,-19.277658
-15.936744,14.009235,15.437004
5.8666058,29.991924,-3.0460737
-25.873219,-1.3521277,7.6606135
-15.32914,28.66571,1.7153245
-4.701714,16.49284,16.511356
-27.988325,11.825913,6.8955483
-3.0875547,31.297693,-11.94648
-24.390522,13.139249,-3.4548683
-22.287807,11.263728,9.093042
-19.809982,6.261531,10.361632
-10.500784,27.27811,-3.9667952
-2.5713928,23.0873,4.3323593
-21.978043,25.11926,5.032401
-5.8997073,23.35787,-20.129229
-21.346123,20.475714,3.1222537
-28.675,-0.89327055,-3.588561
-10.802023,23.20941,-21.338095
-27.687109,-5.161898,11.182918
-25.850811,14.601405,6.9014716
-14.79147,32.29136,-1.4043307
-18.506767,21.898176,-12.074482
-25.69404,-0.28548384,-1.9008881
-25.046753,-4.5583925,8.97091
-20.221323,15.937312,-9.339579
-10.73479,19.456347,-1.748558
6.4450684,28.844908,-4.394626
-26.228525,-2.8845792,14.319732
-9.090592,19.704868,-2.707375
-19.79435,6.0493236,10.2455015
-25.361605,11.900919,-1.4837031
-0.84876496,32.548157,-11.515381
-17.681559,26.84944,-1.1600583
-11.933553,22.91798,-18.626553
-26.144484,-4.19428,5.0366664
-4.4272237,23.086483,-1.6571752
0.012158512,26.159546,4.885572
-27.315758,-1.6493236,0.3030033
-10.719169,13.201262,15.336413
-5.3161564,22.635237,4.5173936
-12.9253435,24.954473,-16.85745
-14.821758,12.987984,5.0456624
-26.387949,-4.466685,12.67977
-8.030924,23.01243,-19.317526
5.360871,30.4809,-1.9341944
-19.610338,18.733755,-9.808817
-19.924177,6.47357,10.403839
-5.8961043,22.422907,-20.651005
-7.168645,22.87322,-20.694696
-11.098884,19.828537,-1.610453
-5.664521,15.244572,16.549793
-25.168648,10.429893,-2.6894522
-16.33442,28.46648,1.1876909
-28.442457,-1.9920468,-2.0226822
-8.56096,15.0530815,15.864989
-24.454739,14.930767,7.3671384
-5.738996,12.7119055,16.174643
-25.852003,12.979988,5.9242296
-6.4444084,22.582663,4.072003
-24.606163,2.1399016,7.035008
-13.737428,15.230814,-11.55032
-20.505243,17.610802,-7.711169
-25.911572,-0.761095,-1.1378406
-17.56702,23.032541,-11.262908
-17.937357,19.6843,-9.740526
-27.782314,-3.125861,12.032415
-23.794586,15.051316,-5.2848897
-1.6309658,21.708977,-4.877554
-3.771257,23.215433,-0.2801766
-6.421638,20.310257,-3.2936268
-23.10385,15.5036545,0.5910143
-26.612848,-2.0287292,10.145837
-12.755747,13.665612,14.694438
-13.831511,23.568516,-16.2598
-18.514496,22.855549,3.6731598
-18.048803,19.348038,-10.603168
-30.762165,-1.9614506,6.2928085
-9.422389,28.914963,5.245156
-14.946642,15.518894,7.989469
-3.4498744,32.17381,4.1247473
-27.20455,10.192088,5.921892
-14.3105345,13.40003,15.944371
-7.4978585,24.046959,-19.451998
-28.53071,10.703243,5.658253
-10.893028,25.309835,-18.57765
-11.788195,33.061836,-1.7224598
-24.513172,-2.8465302,12.305196
-31.626966,-2.6710577,-1.4893206
-10.459233,23.387907,-20.3209
-12.691936,25.888008,-17.053223
-7.1581726,14.844983,17.788609
-11.046944,14.046029,15.874955
-27.204025,-5.516335,6.467866
7.0231085,26.337177,-2.3258219
-7.6575055,15.266295,15.859493
-18.033165,21.866953,-13.152918
-2.2903275,32.06653,-11.92615
-10.018794,29.2479,-13.521861
1.4230894,30.725697,-11.608707
-5.485849,24.11692,-19.7813
-27.253485,13.024063,8.381205
1.4599516,28.939074,-0.6561767
-13.081967,23.112,-17.104307
-16.961243,9.82147,9.978642
-28.330502,-2.2644727,9.248653
-28.533192,16.477076,6.2675853
-13.220783,23.01704,10.082367
0.4686754,30.985607,-12.9053755
0.77106225,23.923206,-0.8964244
-2.1108172,31.847042,-12.704818
-23.704361,0.80769515,10.407164
-27.382412,-2.3584542,9.837808
-4.3923683,20.600302,-4.476438
-14.165524,32.837395,-1.0171332
-12.614195,20.795805,-1.6675948
-12.301943,33.222076,-3.2854059
-19.240955,25.577776,1.3404822
-3.4352016,32.03007,4.3018937
-29.556957,0.08691031,-2.3325946
-31.057146,3.0907054,-4.4744406
-15.889928,15.382893,7.2805066
-30.161806,-6.1665187,4.582087
-14.571558,24.11418,-9.711439
-21.296911,19.484776,6.626888
-21.675274,16.077873,3.11992
-24.19323,18.62237,1.9372576
-4.800438,15.231099,16.895912
-2.9586506,31.791975,-12.469937
-12.162586,25.516827,-18.91522
-13.9753,22.828053,-16.145754
-3.6256762,23.257097,0.23335174
-32.1144,-4.7911654,2.0860062
-11.643097,13.650786,14.922614
-11.242265,28.35283,5.9837513
6.3242135,23.359344,-1.4883752
-18.993347,26.30451,1.219669
-29.007278,-8.085325,3.713163
-27.085793,3.2678118,-2.2621782
-13.423164,15.548475,-11.896914
-11.124401,22.486614,-19.746576
-17.413465,26.916656,1.1726799
-10.926966,24.791239,-19.132576
-28.196995,-4.131649,-0.54077137
-11.089496,13.923717,14.662479
-26.390612,9.812599,7.882115
-21.91204,18.532541,-8.588141
-11.474706,22.127165,-18.20463
-14.449993,19.120846,-11.148083
-32.17754,-6.001935,1.3431771
-9.267421,12.386875,16.04521
-26.690289,-2.6426067,13.673419
-26.455355,-3.1290934,4.0469894
-25.648502,-3.3133745,7.0662713
-11.22248,13.571711,15.888341
-0.14307997,26.360514,4.7530417
-7.182326,22.773903,10.080025
-29.236193,10.919996,5.7143755
-15.399319,30.724508,0.011796837
-6.633705,23.885645,-20.847927
-18.223774,10.72585,-4.787836
-24.111305,13.735172,-4.2186375
-24.974018,-2.9102418,14.449712
-16.991344,14.101503,7.0703454
-25.61881,4.5791984,8.959247
-27.238264,-3.4375482,13.687895
-5.285629,15.386551,16.38843
-12.31608,24.19596,9.241214
-11.132544,24.162481,-19.192345
-26.361261,17.871828,4.897715
-11.618096,13.3360615,15.214462
-12.609132,25.734478,-16.457624
-11.037352,21.305838,-2.998608
-23.95627,4.8475,8.109952
-29.182808,0.6347101,-2.4138055
-25.54795,-0.042574987,-0.5018392
8.292837,24.845566,-3.6691158
-20.91276,26.584301,1.9027463
4.931477,30.362894,-1.7583418
-18.439829,20.867603,-12.049193
-25.643993,-1.1886715,10.006208
-18.819712,10.959752,11.26536
-19.831812,26.15013,0.7236675
8.014041,27.525578,-3.0412235
-27.2168,-1.5413343,7.21358
-5.131329,22.226604,-19.936932
-16.685356,19.844934,2.5788202
-23.263458,16.391314,-7.9657674
-22.188395,23.83572,5.206532
-25.214128,-3.796121,11.412108
7.981596,28.950205,-4.856257
-18.858635,10.212809,-4.0357256
-19.852055,27.715914,1.3332937
0.47847825,32.785393,-11.190456
-18.934345,9.301817,-3.5938325
-28.868746,12.930005,6.902118
-26.23097,-5.8124847,12.070409
-26.944445,1.1682959,-1.0374752
-18.525705,22.101967,-12.806556
-23.99517,-3.3717978,11.024097
-18.048397,20.483145,-9.733831
-7.450161,13.493219,15.551533
-23.237934,20.748732,4.6238904
-7.7761917,20.555395,7.325838
-25.447481,20.114862,6.55948
8.074511,27.316769,-2.9962401
-1.9167659,21.64392,-5.701718
-19.5902,17.965982,-10.379354
-8.370805,24.154,-20.465363
-30.41532,4.2119966,-2.3602984
-12.911688,23.179842,10.252771
-26.099844,11.755624,-0.84779334
-11.234653,25.68821,-17.335722
-17.347948,28.668785,2.119864
-12.60282,14.076881,16.903477
-22.439148,18.51169,-8.325041
-0.56395984,30.582203,-11.377486
-9.225196,20.984098,-2.3843253
-14.493033,32.751266,-0.6482035
-3.7998307,30.781397,6.3127594
-5.6570125,14.559402,15.9447975
4.188666,30.130917,-0.855408
-6.4116917,22.151508,4.7256165
-18.003273,21.9259,-9.909128
-25.721664,-4.6292253,13.886212
-32.422707,-2.404401,1.500044
-30.863285,-3.6978261,-0.999089
-24.20215,2.4532828,7.8669324
-16.451525,11.584279,7.098752
-2.0673873,32.85107,-12.360842
-21.67993,15.937939,3.054005
-10.53375,21.550291,8.944382
-18.929214,9.365177,-3.4685442
-13.79089,14.995966,-10.749134
-27.512413,-0.28648654,12.287369
-18.486946,8.530807,6.3962984
-0.5745893,28.746878,-9.38912
-24.541506,1.048395,-0.7894104
-2.33817,31.672487,-12.666105
-11.294649,19.832407,-2.3039165
-4.638421,23.40433,-18.467518
-27.060469,0.6945692,3.5010362
-19.123491,26.725609,2.8217185
-1.0747136,25.721386,5.666939
-12.192856,23.634853,-18.655731
-20.501152,21.440422,2.2461047
-24.462357,-2.3243341,7.1979175
-31.057396,3.0377896,-4.513388
-11.780309,32.03129,-2.496712
-4.531037,22.898348,-0.35447046
-13.652011,15.005274,-11.893723
-27.829514,-1.869744,-2.3030586
7.8146443,29.384628,-6.4811335
-12.361569,15.821649,-11.560813
-3.5691526,31.828377,4.748463
-10.6835785,28.862007,-13.151265
-0.48362035,23.841808,1.2200478
-11.676482,28.57656,4.8072333
-21.485424,14.810041,-0.37368813
-3.51432,24.061016,6.9177938
-10.94278,24.287886,-21.439661
8.442866,24.375252,-3.142251
-27.409859,11.589674,6.751714
4.676617,29.347887,-1.8463005
-14.2019615,30.08376,0.4146531
-21.136703,26.40161,1.9950938
-11.350486,28.007856,5.905369
-27.037966,11.477885,7.290052
-17.881754,18.836437,-10.7639675
7.49827,25.974804,-2.175411
-22.33767,13.521148,1.5839608
-3.5391707,31.771166,4.6940255
-18.450829,22.257017,-8.39368
-5.4634347,21.299316,-4.0897713
-30.054342,-0.32854205,-2.2627723
-10.906511,23.939861,-18.755255
-6.966767,22.882988,-21.259861
-8.787729,22.448238,-3.1912062
-12.614868,16.141186,-12.607163
-15.951506,13.824376,7.541573
-5.608802,27.840193,-10.005745
-23.499744,17.027342,4.4430146
-21.594168,15.043596,-0.28196195
-4.840109,22.990974,4.8022685
-14.686151,17.487514,11.512437
-10.755464,24.241323,-19.728237
1.0433564,29.131683,-2.0281894
-17.98912,19.96812,-9.627976
-25.40951,-3.3554635,1.6000766
-27.051802,-3.708804,11.790606
3.5070183,29.126902,-0.6413187
-25.951807,1.4548936,-3.443749
-6.8357015,23.052608,9.547871
-21.575274,11.851872,1.3491416
-12.633587,32.968903,-3.6273403
-4.8531756,29.940802,5.660127
8.211563,29.75754,-5.887753
-18.040947,22.59164,3.7984529
-11.373546,24.564173,-20.056856
7.2462564,21.892477,-0.54552686
4.0158668,29.561893,-1.7549502
-8.757667,14.611762,17.698702
-18.404032,28.074015,0.21544068
-3.0470076,20.970064,-4.9727073
-23.405668,15.575737,-7.9985867
-14.073288,31.071985,0.3842837
-32.70058,2.4161558,-2.5920963
-7.4747796,23.299103,-19.730438
-26.0345,-2.5381682,12.935607
-11.839616,21.47729,-3.009859
-2.9282925,33.209988,-12.049358
-17.34062,19.984604,-13.439347
5.6274033,30.74016,-1.6931858
0.43183264,28.240696,0.39637595
-24.805244,-3.029753,8.958805
-23.104275,17.365374,5.996535
-13.950038,14.118112,15.392934
-13.439092,24.507412,-15.926141
-12.526566,13.994903,16.878628
-24.353014,3.6778877,-3.1665385
-7.326808,31.93709,-3.698259
7.95724,29.777712,-7.102771
-28.605839,2.5209453,-2.6444256
-3.600613,30.679556,6.275856
-25.816286,21.07542,2.2986784
-9.095106,23.240961,-21.186056
-3.436467,15.129848,18.42515
-26.98905,-4.615607,11.579694
-25.80026,-3.0290518,11.875303
-12.980849,15.690253,-11.221892
-30.225348,16.370605,2.8310716
0.2517423,32.301792,-13.3478155
-22.331438,25.424952,2.0830169
-6.6403403,23.899406,-19.03164
-27.470621,-1.1773437,13.444601
-8.08771,21.575346,10.395019
-2.014288,23.26047,0.6608849
-10.460363,27.567242,-4.509614
-25.307749,6.971807,3.106383
5.848664,23.372196,-0.7550146
-15.115961,14.018689,13.327549
-26.181892,8.97199,7.157404
-25.252234,-3.7799501,13.864118
-9.988698,20.58652,-1.3989693
-26.297016,19.024427,3.7771513
-3.9425824,30.502903,5.0821595
-27.79257,2.6003697,-1.1484319
-10.025449,22.851118,-18.593096
-21.3591,8.790071,9.659124
-19.874262,17.291481,-10.075636
-23.60797,24.864098,6.9209485
-26.842045,11.650709,2.1882112
-20.443472,16.014507,-8.685818
-18.706068,28.032797,1.3522387
-25.390085,-3.1225452,11.047942
-5.34282,22.670261,-0.114795126
-1.9205248,23.364874,3.111914
8.165566,29.370983,-5.6279635
-5.824308,23.535841,-20.907232
6.9607615,28.123394,-3.8172913
-27.761425,-5.342738,12.791513
-18.503763,10.219258,-4.777055
-23.416758,17.267635,8.654488
6.907431,28.64923,-5.0988407
-6.0573473,22.195648,0.8482153
-7.0410814,22.854364,-19.23558
-30.444616,0.6161308,1.1847806
-27.127947,2.9362733,-2.3277462
-5.7024107,22.586916,3.2186763
-12.803479,33.33115,0.014241698
-12.790978,32.860744,0.7390404
0.5768253,31.027838,-12.999168
-5.726107,12.813418,15.759465
-14.178616,22.080732,-1.1856607
-15.565945,19.25387,2.5268753
-21.348843,12.840189,7.8560104
-25.765373,0.8949628,-2.133465
-11.674883,32.341465,-2.2757206
-11.449471,16.00588,10.060909
-14.741217,12.856641,5.41065
-14.603857,12.04643,8.660465
-28.805222,-2.112928,-4.6912127
-27.14224,-3.250578,13.284568
-0.7918407,32.35395,-12.034159
-26.893044,0.7141765,3.4412923
8.917379,23.79836,-1.6425465
-14.149527,25.416203,-13.468022
-8.400985,21.498713,10.276234
-8.031862,23.144339,-21.321808
-7.8522944,21.511383,-2.0145202
-3.3796027,32.944164,-12.081853
-7.291017,22.622046,-19.112553
-4.5419846,15.881832,16.109383
-2.6390865,33.825,-12.164576
-20.860743,27.380493,3.2538557
-18.611658,10.980802,-3.4742098
-20.136932,21.36158,2.706511
-22.175694,17.875599,3.2723045
7.547233,29.64569,-6.496872
-28.333496,-4.2133083,11.799358
-25.97382,-3.1329188,15.170103
-28.12897,-3.3011498,14.184297
-24.57311,9.517834,8.56426
-25.12851,1.0522015,7.9833694
-0.29157338,29.639885,-11.9239645
-25.87205,-1.3071516,4.138192
-13.824473,24.627712,-14.1942835
-29.248592,-3.5365462,9.100037
-4.988085,15.330518,18.542307
-10.326835,30.151808,2.763004
-18.149725,29.850348,0.94413126
-18.977913,9.178127,-3.4719093
7.4126196,28.494864,-5.8794675
-12.467811,31.273945,0.41733932
-14.394435,22.52965,-15.127323
7.712393,27.798203,-2.717607
-0.16889367,29.474775,-11.560008
-21.155422,17.337713,-8.899828
-18.08104,22.114767,-12.826253
-16.22394,28.959621,0.3591217
-30.38017,1.5277033,-3.538263
-5.0947957,21.387947,-3.8364158
-11.33744,23.125008,-20.687407
-25.576067,7.536171,8.6889305
4.369622,30.295643,-0.95552725
-0.49465033,29.477818,-11.769678
-1.1117896,29.109127,-11.022861
-6.134629,22.517115,1.9012218
0.036365595,27.963621,2.4800274
8.863683,22.913717,-1.2883068
6.6174393,25.6812,-1.9243101
1.6562603,28.993267,-0.46933043
-12.478836,32.424263,-1.7463778
-18.942589,7.8964024,10.493799
6.3820357,23.983875,-1.4845291
-3.1926742,22.105246,5.2889686
6.946957,24.15265,-2.215626
-3.7097957,15.385351,18.514956
-30.339779,-4.795102,8.8306465
-14.972185,14.199951,4.358692
0.029515516,31.750603,-12.8380165
-12.210698,14.030572,15.821425
-1.216854,25.60074,5.059256
-23.77066,16.232302,8.486214
-16.285309,30.383936,0.6325969
-4.7097406,30.37598,6.0433187
-19.57628,8.784268,4.641864
-7.9148517,22.783655,-18.767408
-27.387976,1.1192467,-2.9799206
3.9761844,29.843924,-0.71142185
-12.367438,31.220259,0.65161276
-27.722462,0.8113199,6.215799
-25.096378,1.3842884,6.904539
-24.159212,3.4498305,6.485452
-24.788876,6.8791013,9.9277115
-18.884743,9.620828,-3.7255116
-26.945267,-3.5236623,2.9399908
-27.835526,-1.2190442,-0.500586
-7.4936743,21.668076,-2.6662903
6.6645823,22.390707,-1.2464247
-29.170734,2.8726137,-3.7583544
-11.111579,23.632915,-16.086012
-0.40607974,30.39442,-11.725146
-15.858352,30.712559,0.41347784
-23.850433,11.392007,8.561067
-32.97071,-1.7530787,3.4633152
-19.014463,23.101252,0.5761754
-28.566933,2.474664,5.500984
-19.891325,21.045977,-12.1143465
-25.836922,-1.7754676,6.717848
-17.247387,23.302633,-11.331665
-5.869293,20.702227,-3.8153799
-24.155067,13.53976,0.28305247
-4.0857263,31.091469,5.2774434
-22.405708,13.413337,6.3681874
-8.130578,21.301447,10.370629
0.04565668,33.266052,-12.791904
-4.356043,23.438871,4.818614
-11.659497,28.478455,4.942137
-22.5047,17.902014,-8.166704
-22.16229,15.64252,-0.11611966
-13.438672,16.413778,-11.306089
-17.662758,11.241017,-5.000966
-28.88996,0.73262495,-0.9145727
7.057384,27.536436,-2.8783972
-10.524331,13.663082,16.130548
-18.682165,24.973774,0.87501794
7.6788974,25.38563,-2.307986
-27.01675,-2.2780213,10.292814
-16.415257,27.111683,-0.50151384
-25.41947,10.197431,-1.9716306
-17.847563,15.699409,7.004178
-7.93144,20.942562,10.078284
-1.2396824,30.109678,-12.025856
-27.525665,-5.054237,10.965595
-1.5994666,30.390583,-12.179248
-7.6870103,13.970633,16.485657
-7.0715284,19.895432,-3.1400757
-1.9512835,25.07354,4.750466
-24.740702,16.754662,8.228556
0.54142874,24.360176,-0.05886965
-22.891228,13.539118,-6.0431256
1.8915575,29.033674,-2.2063882
-2.0398629,30.250032,-12.124188
-24.307682,16.28509,7.945373
8.02789,29.559391,-7.207332
-8.833038,24.305773,-20.663412
-23.709425,4.2747564,7.737385
-19.07469,27.570208,2.0896616
0.737095,24.062965,-0.81003875
-2.3398542,30.429756,-11.287772
-10.625707,20.340998,-1.6697124
-30.027067,-0.49643147,2.7664216
-10.430841,21.315248,-2.7687151
-25.911293,-1.3778044,7.5911217
-31.47476,-0.09005653,-0.36185104
-7.074254,24.24562,-18.862085
8.139587,27.26299,-3.1338377
-12.870807,13.69405,15.495755
-11.509811,28.681196,5.800499
-13.356034,30.996626,1.1207893
-17.211126,11.778009,-5.1389704
-29.358175,-1.770665,-1.5401498
-1.8387566,21.560139,-5.2018185
-11.235079,23.899889,-20.9598
-22.108778,10.693341,4.758387
-13.736408,16.559277,9.188771
-1.9279609,29.854174,-10.258091
-14.248093,29.244345,-1.994866
-23.845001,-2.5918238,8.462647
-12.999546,24.427488,-17.333698
-13.838164,13.846896,15.4081745
-29.917177,16.422132,1.5416292
-18.79866,12.437398,7.4610353
-18.817257,21.196648,-11.621455
-27.172777,-1.5452837,-0.32133687
-5.1095886,15.6186285,18.259424
5.6461143,29.140318,-3.6433964
-28.988731,11.224066,5.6588416
-7.5400586,14.470464,17.895462
-16.741785,19.860315,2.5630805
-32.010315,-6.4476433,4.338477
7.8226314,29.568275,-6.414432
-15.439619,12.464153,5.9723496
-24.51236,17.061455,8.318923
-24.442047,17.88452,6.6544156
0.43168277,31.1172,-12.987885
-4.6916475,15.369755,16.748579
-19.485071,10.111657,9.017539
-28.476316,-6.7989845,1.6145115
-1.816594,29.009745,-10.285554
-24.437912,-1.8026366,1.054116
-24.235111,12.471297,-5.4784794
-16.302984,21.47171,-13.329869
-4.925046,23.425394,-18.509476
-1.0944133,28.938206,-9.886493
-16.605959,20.297894,2.9943242
-26.18126,18.79316,4.8087063
-28.560604,3.3425343,-3.4432647
-26.22919,-4.489455,4.061608
-24.831774,11.997838,-6.024034
-24.227186,16.131487,7.9407673
-29.528053,2.1695247,-2.213829
6.8111925,29.32738,-4.688602
-27.785185,-4.554895,10.116102
-25.91444,2.0330846,11.946641
-16.817987,21.05322,2.9540052
-0.23443052,24.005186,1.0655441
0.087634206,30.230341,-10.89003
-22.270857,16.370588,-8.1779585
1.3879673,28.565697,1.4543747
-10.031907,20.83635,-2.163372
-28.510885,3.680681,-3.646595
-10.858026,15.050266,17.8183
-25.835209,-0.12560892,-2.590686
-17.319372,15.776607,6.4508348
-27.042402,-1.7749821,-0.1949489
-8.316138,14.161368,16.195992
-13.219522,15.586304,9.314699
-14.910085,16.657835,11.029657
-14.277389,31.27546,0.36581105
-13.296573,32.641407,-1.0530719
-11.272167,24.2049,-19.497326
7.7266197,28.572155,-6.216941
-11.112802,33.68091,-2.0503368
-13.350531,23.787563,-16.611303
-11.081683,24.868752,8.096296
-27.092321,-5.1327295,12.581161
-9.74116,24.896006,-18.24762
-28.445559,-3.4207182,12.286307
-26.61095,-5.462698,13.621828
-26.560007,-3.210368,14.396532
-23.103518,17.676044,-8.002972
-6.6756754,15.1885,18.000374
-14.663523,22.483269,-15.904607
-4.1996574,31.840372,5.6524262
-18.539368,10.37703,8.900903
-13.856479,15.004248,-11.0408325
-24.677412,13.159816,-2.8736877
-5.4077616,23.416714,-19.561087
-23.96945,16.627253,4.987743
-7.286008,32.06427,-3.8666642
-24.643915,1.0875272,-1.8021713
-27.73821,-2.2569485,11.127512
-25.235575,-2.8236945,11.989298
-20.754295,6.9401913,9.093914
-27.612211,-3.0121233,14.770706
-12.310928,33.105114,-1.3614173
8.691001,23.131105,-1.2105651
-1.0868305,25.640877,5.633497
-5.7098455,20.807928,-4.467442
-17.28582,29.687962,1.2385981
-6.4204535,22.536251,-19.353767
-10.936127,25.148584,8.186303
-7.146038,21.70066,2.9486802
-12.177032,20.40149,-0.68839455
-29.645533,11.038221,5.998534
-29.759577,12.082483,4.7631116
-1.3240048,33.656826,-13.4134655
-18.615147,8.370481,5.4930663
-24.137459,11.0568695,-3.1981785
-23.335102,14.836176,6.011562
-26.254921,20.183298,5.328057
0.7855487,31.81034,-12.3377695
-11.3122835,21.895039,11.247416
-25.413357,-4.417347,11.721117
-8.170155,20.2446,7.639422
-28.575836,-3.5529006,12.387962
-26.018154,1.0165929,-0.10827746
-7.1698866,21.629753,3.305087
-25.42455,11.531235,-0.4089558
-22.960264,24.415445,6.8616304
-14.3102665,30.534233,-0.4773349
-13.72988,32.98257,-1.9897875
-22.293684,23.038136,5.8616724
-26.59402,-4.732345,14.253949
-1.5413492,33.721836,-13.26335
8.514414,24.010025,-3.1718054
-10.409186,24.717207,-18.9796
-24.085985,15.970818,7.8683877
-1.8370239,21.750263,-4.828243
-17.028795,25.104464,0.9564646
-12.864564,25.307796,8.689392
-9.966667,19.944603,-2.2243905
-20.966524,17.461012,-9.334919
-12.793638,25.411419,8.587546
8.783841,23.923613,-1.374019
-14.139364,14.6111355,-10.848103
-18.229448,24.1199,-10.948118
-25.011854,21.217646,7.566328
-6.2800183,22.414064,-19.27313
-27.242847,-2.1214283,0.30473185
-13.268073,13.78698,14.023575
6.374606,23.113401,-1.3156122
-12.008696,14.8254385,9.917171
-17.431107,22.105862,2.3295543
-17.109915,11.866409,-5.261282
8.249075,27.731846,-2.9216611
-24.380774,-2.5043411,9.634027
-27.877043,-3.2738857,11.997601
-0.260922,30.098955,-12.211534
-0.49528712,33.121758,-13.109623
7.04144,28.925644,-5.088439
-31.105904,-2.3857603,-2.7360349
-13.822654,20.741983,-13.866245
-13.463983,14.94131,10.528484
-1.476854,32.90406,-13.3950205
-18.478514,24.586138,-10.903768
-3.4209766,32.64701,-13.302707
-5.4029827,20.223988,-4.5087204
-24.76404,-3.0045998,13.214071
-14.005503,30.515728,1.2198312
-12.809076,15.996408,-12.421358
-14.717573,27.544937,0.24300225
-12.63332,30.579945,-3.2243574
-16.480782,14.646853,7.1587744
-28.528248,15.25041,4.725974
-13.774056,15.484311,-11.30039
-24.60609,7.689117,1.9235177
-21.362335,13.733124,-7.5997796
-10.792332,23.58364,-22.000452
5.070371,30.309364,-1.727379
-24.74426,-3.0447936,14.391481
-26.196102,14.770494,7.8809614
-1.157658,29.374556,-11.227758
-6.4017544,23.632814,-19.780102
-26.404121,-2.6193633,0.49009565
-2.8913376,23.12945,1.1167649
-28.265041,-4.9285393,13.97775
-5.2863407,22.589342,-19.587477
3.9439766,29.028234,-0.93849367
-8.513472,24.568144,-19.183674
-25.409508,-1.8470175,1.5722091
-29.230417,-3.6671653,-0.9981553
-24.224524,-1.1621213,12.189134
-14.910158,32.3768,0.32235277
5.8849425,30.545858,-2.4037395
-9.290947,12.975429,16.50792
-26.685608,-3.8837235,14.272593
-12.067442,23.194248,-17.308931
-24.214746,3.3527606,6.3723984
-12.651797,20.158455,-0.026626086
-4.623987,30.429895,3.6367052
-23.407696,4.6807303,7.079161
-0.13154824,25.74816,4.123904
-25.780804,-4.4506283,11.925219
-23.162157,15.921489,-7.6826077
-19.025774,21.569033,3.248926
-10.223053,14.926159,15.2238245
-24.064924,16.316296,1.1141492
-27.511042,5.3174925,0.21751492
-11.94912,32.481853,-1.9496115
-21.73187,10.892176,2.480717
-11.558339,15.539557,7.900825
-27.687315,-6.0075145,-0.41789037
-6.888339,22.784405,-20.92562
-12.653089,17.444122,10.660709
-21.26508,12.824369,-5.9060717
-2.6620212,22.15478,5.0781775
-19.345373,18.948603,-10.839331
-23.194365,23.83074,7.9735765
-22.57994,18.00381,6.0580044
-21.769398,15.197885,2.4810839
8.694191,22.534363,-2.3630722
-19.219112,10.014664,-4.6067324
-26.684559,-2.4815288,12.336419
-14.402977,13.885792,14.770144
-13.845847,23.338099,-16.22961
7.9018574,29.91856,-6.2661934
-6.489964,22.22518,4.0290356
6.1021194,23.554232,-0.65040576
-25.046852,-3.6376727,11.0236435
-0.058559004,30.653566,-12.198936
-15.077718,24.359045,-11.734022
-14.095417,30.05335,0.19212055
-22.240265,16.458939,7.27247
-3.2765934,33.312546,-13.42554
-11.744549,14.671794,8.571319
-11.713667,22.754538,-18.650805
4.7168317,30.411285,-1.5668223
-23.44779,-1.6656222,10.40022
-21.551096,14.204024,2.7532606
-0.120977394,26.172226,4.583512
-8.013497,21.495007,10.168775
1.4500375,28.769737,-0.4091451
-12.155147,33.040142,-3.5594277
-1.7199669,23.717657,2.3756475
-18.345924,11.187301,-3.8404067
-26.662132,2.4535942,7.5757747
-28.81468,-0.81584644,-3.4785295
-26.199167,8.817672,8.085858
-24.759039,15.925828,1.2623123
-25.431726,12.001791,8.576954
-24.443464,17.78625,-0.29021388
-8.910578,21.138397,-2.4926162
-29.451368,-1.2219614,8.338685
-11.620937,17.039055,9.932249
-5.540483,22.738087,-18.460712
-12.036987,27.464045,6.2862477
-26.02198,-4.640892,15.636916
-24.280138,-0.72608525,11.440045
1.382116,28.587389,1.8607004
-10.925866,12.911506,15.98443
-6.3905387,24.014717,-18.71281
-28.081718,16.796282,5.7140384
-21.031689,20.620054,4.202397
-2.2980008,23.701508,0.81451535
-27.719023,-2.6770372,13.11589
-6.1133046,24.085142,-20.93567
-7.868811,20.67473,10.030544
-19.929409,17.867426,-9.012076
-23.805243,15.309158,-5.427449
-14.575673,23.178871,-13.799825
-5.880022,14.223213,15.683371
-24.095745,-3.0166476,11.29839
-3.637694,21.012848,-4.5651894
-7.7029138,21.698784,10.519761
-22.167759,16.683964,7.2443686
-21.063158,18.529911,3.824067
-6.383278,21.13328,-3.688855
-14.185868,24.271873,-13.589255
-11.950341,15.708016,-11.793972
-17.593857,21.809456,-13.17863
-21.023363,8.384727,9.490812
-25.76348,-1.4213152,14.220393
-17.621536,19.559746,2.8117924
-18.030386,30.113281,0.98177
-18.551027,27.877047,2.960496
-19.818027,29.087208,0.32477543
-13.0972,16.47807,10.132641
-17.685318,22.38043,-13.237958
-15.685276,30.31391,0.41116768
-17.146484,11.146513,11.083278
-23.888664,11.466925,8.44456
-29.66213,-2.798258,4.9579196
-24.554176,-3.7543654,9.186463
-1.5363686,23.987637,1.8757422
-11.046745,23.342737,-20.324383
-29.34626,-1.6439974,7.436046
-25.177122,-3.2748137,13.521278
-1.9247464,32.275974,-12.250848
-14.583161,13.974322,15.829699
-2.1951997,23.553112,1.0070949
-12.88623,25.11947,-16.789179
-10.165731,31.751728,0.5086315
-23.29262,16.272219,7.2604103
1.8961242,27.1267,-0.8822146
-10.03138,23.6091,-21.88495
-25.4148,3.0258446,6.490887
-26.17168,0.4096174,-4.3396387
-26.47384,-4.3899746,12.677012
-8.522062,23.193491,-21.25727
-8.56938,15.815167,14.900075
3.3044848,28.626987,-0.57953626
-11.295873,30.68061,-3.7911243
-11.688999,24.242832,-21.020641
-4.446057,30.717731,6.103284
-15.075194,23.408192,-14.476644
-15.459249,13.972271,16.40516
-20.396044,11.995878,6.7283387
-24.044205,11.717244,8.381521
-27.688457,-4.9987116,13.187509
-5.3020773,23.145153,-18.55892
-28.341364,2.5017793,-2.3912659
-10.877892,25.221827,8.0571
-14.683127,15.032449,8.395268
-23.537157,12.655453,7.9222713
-9.181207,32.881157,-4.092501
-23.61981,15.130424,5.548763
-5.360334,15.008965,18.383448
-19.524546,10.138971,7.0363455
-22.669777,11.907742,-7.064979
-0.16434723,33.36733,-14.055905
-25.516224,-2.137097,1.5441033
-5.9923606,22.750298,-0.9949751
-24.740255,15.230847,3.7390792
-3.6571217,31.637352,4.720069
-3.8813121,22.992489,3.4043362
-14.069192,26.216454,-13.716809
-0.8775598,29.80279,-12.103191
-17.820272,28.992458,0.18309605
-10.726166,22.827087,-18.931522
-15.572516,14.868879,7.7193666
-8.113005,14.847828,16.167627
-23.07125,24.400326,5.635441
-27.181305,-2.3324604,12.212162
-9.352762,23.121172,-18.650871
-13.711424,22.951067,-16.524952
-10.627939,22.630999,-19.63042
-0.107219405,30.877417,-12.509777
-1.4097915,33.893127,-11.548738
-21.424513,14.980487,-0.19289884
-27.577293,-1.85764,11.247422
-20.53788,27.015541,0.77832884
-5.7289615,26.079273,4.0874662
-4.9816136,22.793848,3.3309493
-27.712328,-3.9041693,-0.995321
-17.191591,28.788967,1.9004782
-16.398912,20.534052,-13.962889
-20.339962,6.6436915,9.838658
-3.1794407,15.392392,17.028627
-13.492732,13.655169,14.981965
-13.695682,13.558377,14.788685
-12.587264,25.864119,-17.596899
7.839895,30.470297,-6.2933292
-0.64935726,34.348846,-12.923223
-32.326824,2.1152604,1.1535926
-15.466776,12.443145,7.909366
-11.035817,14.215443,14.592765
-12.130215,13.969753,8.171416
-0.3793585,33.39909,-13.862963
-15.887413,14.835224,7.9746957
-11.2631235,13.2600765,15.612209
7.7008424,29.38603,-6.3368855
-27.849247,3.7102237,-4.497138
-12.7165365,25.366013,-15.764691
-12.15267,24.339817,-19.576324
-5.560167,22.67201,-19.303007
-17.214607,29.21224,1.6048118
-12.187801,25.1716,-18.130806
-9.152974,24.233915,-18.723446
1.4801319,28.445087,-0.98866236
-25.245564,10.17197,8.719174
-5.719473,22.587044,-19.84565
-23.773256,15.485766,8.059635
-4.035537,22.936172,-2.1005723
-26.829655,15.97146,-0.09367508
-19.763897,7.2850847,10.901669
-2.5392282,29.316172,-10.3908615
-14.418012,30.349245,-0.4544298
7.765308,29.409586,-5.442671
-19.692524,16.970955,-9.820091
-27.679562,18.545803,1.1836566
-8.178425,12.637356,16.00938
-24.125237,14.854822,5.9965496
4.2583933,29.253223,-1.8257817
-17.075151,22.648636,-10.14675
-2.9955041,32.473846,-13.273518
-26.119827,-4.5588946,12.176156
-0.6120006,28.772646,-9.207923
-2.3051744,23.479855,1.9340161
-13.065852,13.567558,14.465487
-11.150474,33.777687,-2.097015
-12.943942,33.445515,-0.0005420003
-26.182821,-2.0165648,13.944406
-30.933813,1.3755301,-0.49444437
-7.1625094,21.602955,3.5221636
-19.119429,20.952412,-7.696931
-17.05184,21.16422,-10.195397
5.7740493,29.009197,-3.731818
-22.621508,12.001077,-7.1190605
-0.28090823,34.716026,-12.580993
-25.950968,13.045146,5.842557
-10.437665,22.127375,-14.409634
2.694541,29.493908,-2.913913
-27.704264,-3.3540337,-1.3047886
-16.766726,30.021559,1.0502961
-28.6587,11.674861,6.1468744
-33.00348,-2.4198616,6.1108317
-14.950586,12.928212,5.3550134
-16.089115,28.531958,-0.68544716
-10.613578,23.21362,-17.229038
-27.56587,-5.0242734,11.631142
-26.303411,9.969546,8.46047
-3.5982833,32.927406,-12.376719
-6.3460836,24.382326,-19.604755
-24.855112,16.05479,-0.5504071
6.9345393,28.023457,-3.5645177
-25.669388,4.0778294,8.694263
-25.300373,13.824857,-1.7968595
-21.10431,16.898775,-6.9154854
-13.34687,23.579437,-16.873507
-9.3704815,32.988632,-4.081094
-7.307119,23.953154,-20.701105
-25.960417,11.889842,8.252389
-22.013144,26.174664,1.3425472
-26.5642,-5.0337825,14.160421
-10.697894,23.277292,-21.350544
1.1628181,27.508347,0.053487062
-26.164362,-4.0149374,14.016708
-25.910095,13.02034,7.5145555
-10.065236,15.065774,15.173521
-5.1937413,20.675825,-4.022669
-4.2426786,20.708643,-4.185944
-12.432783,31.44689,0.5297026
-21.251999,16.798956,-8.606645
-11.169591,31.87243,1.2828052
-20.516,9.718979,6.5693207
-15.388032,30.842495,-0.36528218
-17.460634,28.980373,0.8383814
-16.7405,19.706402,2.2015169
-13.713579,32.845715,-1.0286725
-9.495094,13.628679,16.267635
-17.06005,29.2151,1.0976802
-6.10696,22.602882,-20.69653
7.6042614,25.606066,-2.0975902
-26.598787,-2.2923207,12.570992
-0.7569274,27.529715,4.511364
-17.649181,21.92303,-9.949172
-25.238836,14.759528,6.2816844
-4.2675543,22.74439,4.723047
4.702558,30.334803,-1.536807
-11.240403,23.196426,-21.414772
-10.433058,24.289234,-21.342232
0.32058552,28.2311,2.1131294
-29.036425,4.387451,-1.4890445
3.974085,29.867395,-0.36198738
-26.2913,-1.3661014,5.862769
-2.0574746,33.113327,-13.00111
-11.672216,22.537676,-18.82667
-26.319262,12.551055,0.072864175
-1.8998843,31.266277,-12.044344
-11.503136,22.605968,-18.81663
-12.898304,25.458261,8.55222
-11.789631,23.952616,-20.711576
-20.061998,20.799114,3.1188297
-0.12922014,29.509903,-11.319226
8.3340225,26.8898,-3.6051476
-20.717932,16.32307,-7.177605
-6.870809,22.93075,-18.505983
-14.19926,22.23487,-15.531443
-18.747787,25.909761,2.192104
7.612853,24.082216,-2.4071493
8.396452,23.096144,-2.4946573
-4.4374623,21.470331,-3.9119325
-4.808013,15.693058,18.07432
-22.724054,18.205101,-7.91438
-18.594872,9.915419,9.099943
-22.962158,17.048105,7.3162007
-25.022575,13.90632,0.47502592
-30.02939,2.2958703,-2.7367163
-23.844845,-2.6030502,8.472106
-20.794329,9.978612,7.1341577
-19.006691,10.764683,8.533119
-28.062052,1.3672459,-3.0377722
-8.150106,21.535032,10.3037815
-4.33474,15.243788,18.614233
-0.15738712,33.37066,-14.286838
-17.64983,29.809093,-0.039028488
-2.0257041,28.979847,-10.297589
-13.781292,15.128638,-11.089194
-0.08509319,28.158333,0.6142869
-15.313795,28.464699,-0.6146666
-6.615012,22.845512,-19.421638
-21.969929,13.798639,-3.715949
-13.444493,13.079521,14.007899
-12.9442215,23.77402,-17.261845
-9.145204,14.422276,17.640121
-24.968506,16.036787,8.334824
-26.574738,2.4634552,7.63737
-7.897477,22.811193,-18.836828
-2.3864408,29.59703,-10.695275
-17.69207,10.311953,8.130033
-25.45684,15.853521,8.609181
-24.66025,19.865204,5.006478
-30.368357,0.18276593,1.1897842
8.357488,27.297352,-3.3926203
-14.606424,13.699021,14.773708
-12.171438,23.632343,9.996219
-1.47502,26.857203,4.69972
-1.9063284,33.838184,-12.641216
-11.994519,31.443304,-2.0739152
-3.2376344,23.07582,3.146481
-15.078562,29.41973,-1.3962661
-27.83432,2.2118473,-4.569315
7.028421,26.83006,-2.6043844
-17.532177,20.322718,-13.435057
-10.724817,28.8446,-13.056469
-15.362545,29.060707,-0.080274
-12.133663,24.168407,-20.36281
-12.19904,21.417093,-2.9218102
-0.20644143,28.482122,1.0273759
-4.2675905,23.055916,-1.068049
-25.905111,-4.088252,12.512182
-4.13874,31.806604,5.5972495
-11.431784,25.517761,8.063679
-3.551329,23.038368,2.2081394
-20.671637,6.966022,9.204386
-2.791439,32.74563,-13.418621
-21.652962,16.065048,2.166133
-16.553665,12.239849,6.3084455
-22.910353,24.088715,6.684176
-2.601815,23.133284,3.8998804
-18.438938,9.519747,-2.9466507
-18.360846,20.148539,-10.447539
-5.82898,23.737583,-19.939476
0.62824935,30.217402,-11.692329
-26.959229,1.7664783,6.1093903
-21.710194,12.705253,7.857361
-26.668299,-3.5422096,5.6003313
-30.292156,0.23100978,5.017466
-22.255098,16.049158,-0.2348715
7.922991,30.322527,-6.371231
-26.92148,-3.0735102,0.61007
-5.8865423,22.357197,-19.820415
-14.96379,21.651798,-14.8641615
-21.768105,14.295083,2.0245512
3.4035938,29.441784,-2.6850762
-11.324415,22.76017,-18.71961
-23.24899,16.607431,8.701645
-7.037006,21.628122,-3.020748
-22.658442,22.304514,4.9136205
-29.084373,-1.3670871,6.51227
-4.50192,16.077023,16.025362
-30.566927,0.28423062,-1.0515151
-6.5452256,21.935888,5.1209683
-24.456326,18.372095,6.4314985
-10.875962,14.2851515,15.738584
-4.447945,21.702715,6.082403
-9.437559,13.419955,16.352158
-2.2399604,28.819103,-10.198385
-27.003153,-2.4850492,14.5694895
-5.4837666,15.125418,16.030437
-7.0552325,22.330036,-2.8214333
-29.457037,0.19307818,-2.4708006
-12.56986,16.132664,-12.616504
-10.292349,25.220142,5.1723156
-4.456624,30.369755,5.0495234
0.44813922,33.36677,-11.125583
-7.0958166,24.261536,-20.86269
-6.350817,22.107018,-0.51509225
-5.770435,23.95354,-18.935026
1.2786614,28.70571,0.04554703
-22.244047,18.10356,3.209456
-11.630872,16.90753,9.31743
-25.840843,-2.53908,12.319508
-17.537952,26.420607,1.1488042
-26.919292,-1.4249662,-2.168253
-11.235314,23.170282,-17.12431
-19.138937,19.172195,-9.715856
-19.886564,22.970942,1.1549102
-27.337648,4.372415,-1.992868
-16.11413,24.761673,0.14737926
1.6513089,32.30618,-8.617597
-3.7807,26.675068,-7.5726414
-23.017544,10.089991,5.1162734
-19.888512,24.726355,-2.2910125
-18.409628,23.894032,-3.171554
-2.0361722,33.109974,-6.0094943
-24.021414,13.781447,2.718888
-14.584323,24.243488,-3.872861
-10.36262,23.592476,0.5186167
-27.77668,12.759698,5.8394628
-26.129566,18.020876,-1.9034997
-3.7612665,31.012695,-3.7012215
-19.44261,24.501066,-2.4573328
-31.768934,-2.29975,-1.6757954
-0.7374803,35.265297,-5.8939295
-4.1479197,34.72269,-4.022798
-7.086599,26.283905,4.4477177
-17.956482,11.910758,8.748487
-1.2540808,31.28219,-6.4143186
-27.055634,-1.6592345,7.903483
-12.253454,21.625895,9.698669
-25.803076,21.533432,2.17321
-3.4898984,24.68084,-7.9686565
-23.455257,9.942075,-2.1459458
-21.567411,19.129236,-2.5026784
-26.860714,5.499725,0.44274983
-12.301319,21.500223,-9.96124
-24.15219,-0.16453303,9.305637
-21.781946,16.732862,4.972645
-5.995078,26.04628,-11.697392
-15.462296,22.122139,-9.098555
-15.788203,22.540615,0.7388259
-11.4887705,22.53322,5.5976176
-25.336721,1.1674072,5.428945
-9.91966,25.684387,-2.5797613
-18.42862,20.51394,-0.8516448
-0.34346482,30.862791,-5.449569
-26.051962,14.880239,3.0927787
-5.1277404,27.964935,3.8349216
-3.7875752,30.483639,-3.082604
-10.12566,28.186176,-3.9494503
-9.563218,24.371643,-12.416885
-20.96524,25.17734,3.7555463
-24.186825,19.046394,6.377024
-27.010561,8.359925,4.0055013
-11.008424,23.387869,-10.937724
-22.851131,10.8390465,2.2993612
-16.040771,23.817026,-0.52329093
1.4938195,34.617207,-9.318396
-10.640639,21.745796,10.222467
-22.53312,11.428088,-1.0419897
-11.519462,22.113031,8.626193
-28.856747,4.1529727,6.012924
-11.279649,22.513636,3.9181316
-18.865637,30.000187,-0.15190414
-2.9982805,30.029861,0.0005925606
-18.348778,22.06466,-8.202505
-5.4572706,25.44216,0.30562982
-24.109663,7.5450325,-1.1629008
-15.236767,23.157524,-6.371759
-3.6431646,29.47557,-0.28774673
-9.43158,24.521255,1.1809034
-10.697812,25.030746,-2.2972393
-24.816996,11.836407,6.7561984
-19.59527,19.74451,-2.5908308
-23.99976,12.004001,4.3099604
-25.209553,8.587503,1.4754403
-0.97731185,29.929167,-5.527625
-11.025361,24.153158,3.9369202
-28.575878,3.095014,5.7522697
-11.360352,25.128662,-10.168331
-27.956305,0.10894187,6.330863
-26.19426,-6.132317,12.150248
-23.9339,-4.8867183,6.00571
-19.743277,31.122171,-0.102506235
-12.341133,21.403389,5.9802523
-1.8111196,32.202927,-5.5640182
-10.915714,28.663109,-4.9552107
-21.208315,25.310211,3.7518508
-23.384897,21.66881,7.478906
-10.511526,22.913137,-9.735132
-18.535673,28.410442,1.5816705
-21.21707,29.422955,-1.001248
1.5340515,32.532314,-8.554999
-23.810379,19.918379,4.194568
-25.60464,-0.49801597,12.229706
-24.127,0.11407943,9.024161
-12.703931,17.671762,-8.931776
-10.245844,20.74884,8.815992
-24.07115,7.9214926,0.8536219
-12.796873,24.073565,-9.564341
-16.624075,22.27505,-0.1733237
-15.89242,23.567835,-7.589043
-13.392564,22.200178,5.8008356
-24.72044,19.275175,-0.5077929
-20.081537,22.154156,-3.4976597
-4.8843236,34.612144,-5.237954
-23.770351,26.661915,2.2830544
-12.085863,25.713627,5.960586
-15.609119,19.762894,-5.7774296
-14.757244,22.050259,-7.084336
-19.352625,29.514688,1.1213675
-18.043884,29.87947,0.38360068
-28.611654,13.534603,4.540072
-27.883617,12.744735,5.849214
-25.686016,16.185818,-2.636455
-11.921889,25.682112,-5.3422723
-23.821894,26.519907,2.3464255
-3.6730428,29.352114,-2.9882119
-24.1877,22.316545,-0.11981097
-27.460678,-3.2240877,5.2436085
-8.972151,23.955145,-10.1777525
-10.451752,25.026035,-9.054264
-25.535583,4.0395026,1.2786738
-26.577253,4.3620005,-0.400615
-15.879939,23.929813,-6.278896
-18.541132,11.038538,9.502754
-15.394005,29.97893,-2.6671972
-17.730011,15.992875,-7.318435
-10.773906,26.035631,-5.6518145
-28.801647,-4.8121376,6.3557253
-19.94463,15.287379,-3.4779599
-10.141695,25.248404,-8.380152
-25.17993,15.893248,1.5249366
-20.18471,30.463018,0.40437856
-4.5187845,33.942966,-5.630026
1.7548567,33.353775,-7.733503
-26.219912,21.137148,5.5512943
-19.994072,30.745863,0.5658421
-8.881435,22.591381,-9.479747
-21.986225,17.166924,1.5034822
-20.510271,20.955168,-1.9020392
-17.437845,22.14587,-8.175731
-15.149161,22.82521,-8.640836
-3.8342676,24.523582,-8.010919
-23.166628,8.51833,4.8763123
-23.291294,9.303827,-3.0921211
-28.637175,-0.81784064,2.0834796
-12.885099,20.455858,7.9801197
-5.8628416,27.71493,4.3168883
-7.4928417,24.596443,4.8339615
-20.27185,19.931187,-2.696494
-14.721707,23.303875,-5.5702076
-29.79511,14.485299,5.23283
-8.55107,25.609385,0.5930285
-18.03226,14.886618,8.501608
-8.822165,22.389713,7.514595
-27.24372,14.058298,-0.8797692
-12.400425,19.412735,0.7371905
-15.975445,17.362162,8.959642
-27.655632,3.924399,7.4792027
-31.731558,-3.2503674,5.24914
-29.890514,2.1694756,-0.6349421
-0.5876584,31.40162,-5.084729
-14.323736,23.77879,-8.482219
-18.627104,29.398365,2.1835134
-21.447664,23.910728,0.82999367
-17.622751,24.559399,1.8459284
-0.85733837,30.61224,-7.0730853
-9.916076,25.862396,-8.4896345
-22.477303,23.475735,6.0631194
-20.066694,22.395023,-1.4730277
-22.63323,24.974703,3.914945
-8.092279,23.805525,-7.4886312
-24.790514,3.7805648,0.84370667
-6.7325783,23.958786,-13.945149
-21.954308,18.42677,3.6374505
-6.887222,28.490374,2.9818175
-27.22576,3.1345918,-2.7308135
-15.251044,27.471155,1.9288155
-20.607382,21.119019,-2.426907
-27.82412,19.146055,2.9761841
-8.162381,22.42318,7.6694427
-8.287826,23.89788,-4.6625977
-11.477769,22.57528,8.623577
-3.5239954,34.104275,-4.4466977
-7.465576,23.14321,-10.453546
-26.625568,-0.6524658,7.920523
-6.0061307,24.351925,-5.691958
-23.980272,17.548853,6.5631094
-20.285088,22.059227,-5.165279
-25.82087,-0.30663458,12.272767
1.0312706,32.36332,-6.45137
-17.587019,21.079119,-8.293831
-19.066074,23.54054,-1.2439513
-13.05601,23.050262,-7.7079196
-8.399353,23.354774,-6.624321
-3.8786209,22.521387,-7.793667
-7.794251,23.340267,-7.596256
-6.340702,24.256344,-13.46791
-5.9597106,26.403309,-11.08828
-0.35890567,32.238094,-5.939605
-25.63772,15.483253,2.0869656
-11.160087,26.336348,-2.797909
-15.387224,20.119154,-4.943805
-24.887222,12.410041,3.533582
-5.9233904,26.771938,-10.383892
-27.807762,1.813869,9.494809
0.67237955,31.010626,-6.5798287
-9.93053,24.809364,-0.6995009
-24.82528,12.952531,-0.6148806
-29.179407,13.826052,7.39473
-6.294651,28.51246,-0.26462036
-2.6219487,22.674337,-10.530193
-21.558662,24.922054,5.810784
-14.332119,19.15671,-6.6832786
-8.413161,23.470064,-13.715711
-7.677488,24.163536,-13.064527
-3.785246,26.694952,-7.3381944
-24.621105,20.425293,1.764173
-15.548472,24.003906,-3.4587975
-26.314724,9.169679,0.75189817
-11.302773,21.650452,8.724771
-29.12892,15.786921,5.7721367
-29.69464,18.014874,4.375179
-26.03619,6.426775,-2.0074055
-14.091385,25.302761,-3.0879273
-26.847635,-3.8162723,9.8115225
-12.603184,19.739246,0.75395364
-11.041513,23.634008,1.2240821
-28.123453,18.244802,3.1521325
-14.281915,28.836103,-0.2686797
-24.111399,11.071472,1.8818504
-28.894283,14.006353,6.526291
-17.418388,29.73144,-1.1600423
-25.03574,16.199446,0.9136464
-2.3222692,23.129026,-8.097458
-24.274664,8.755227,-1.1785536
-23.065876,8.453267,4.7318316
-0.653968,32.33374,-5.968503
-10.086612,23.014223,-12.530301
-23.17506,19.346334,1.7119621
-27.820423,-4.0888333,5.4930925
-24.565187,22.60312,4.781723
-26.375187,17.734167,-4.2168136
-22.435905,5.9450736,2.2415373
-24.752363,10.331734,4.0198526
-13.521584,23.038864,-8.679996
-14.374628,22.83774,-9.013714
-20.852573,24.365608,2.8114588
-27.404902,17.703465,-0.39697263
-13.853618,17.794823,8.055684
-28.26596,16.43333,3.2691681
-11.096085,20.84059,-7.276069
-25.904133,16.573185,-2.628179
-25.610752,3.8919892,1.991938
-27.704638,19.094797,3.0085323
-20.831926,29.412395,0.22706443
-19.613432,21.208742,-4.768605
-8.536131,25.570011,-1.7188772
-25.226528,15.931953,-2.0430489
-8.633675,26.339077,-1.4615321
-20.558254,19.196995,1.3683547
-15.491841,21.319376,-4.0556445
-19.099028,21.567793,2.7714987
-27.845312,18.463747,-3.7312634
-17.874586,22.06809,-8.342258
-7.911226,28.629326,1.883672
-17.465158,16.423002,-6.919317
-22.644756,16.641357,1.7645304
-10.922304,29.953928,2.4812088
-21.345594,10.736319,-0.72889656
-21.351072,21.489462,1.5036055
-20.805988,17.250265,-3.6771894
-27.142574,5.7139287,5.0818067
-24.583853,27.389406,1.0226374
-13.622721,22.37769,9.78859
-27.910015,-0.84519064,8.9223795
-10.692609,19.051376,-8.90587
-28.856333,17.687754,3.6561105
-28.957527,19.879673,0.9859017
-25.91642,10.154127,-0.3818869
-15.6631155,22.863688,0.5382995
-26.751663,8.45991,0.53231823
0.25592497,35.121086,-8.050289
-10.900055,28.510624,-3.9859717
-30.653511,0.06645785,-3.4809542
-12.777861,22.025705,7.8619976
-7.488393,33.638252,4.1012807
-11.940943,30.584244,0.5386931
-8.745437,23.512938,2.6807735
-20.48827,22.933004,0.7408827
-29.176199,0.67213345,6.177712
-10.945783,32.028492,-3.6671224
-18.350151,23.241062,-2.5881534
-11.832908,23.25343,-9.526842
-7.838816,33.635326,-5.4025555
-5.209243,26.242527,0.7244004
-16.610014,22.425957,-6.364299
-30.036764,16.031446,4.5496
-32.13972,-6.0981946,1.2728097
-11.372136,24.759193,1.176903
-17.009733,10.726405,5.557549
-2.7099214,29.456135,-1.8765569
-9.316403,24.011625,0.12712672
-25.129347,7.897877,7.5894775
-25.095919,24.156887,1.8343801
-14.871784,18.1065,9.986641
-15.066623,32.904198,-2.0849378
-14.562524,23.149157,-5.4529
-12.690577,17.419151,-8.494079
-10.332119,22.14354,-10.637629
-7.7619586,33.49893,-5.464089
-12.355265,24.629433,-8.493199
-17.988508,27.957174,2.6477182
-21.966446,9.719132,6.823772
-13.069161,27.296011,2.694968
-5.621203,23.67104,-13.958749
-21.851063,18.48281,-6.3387575
-11.022327,22.669651,-8.830038
-32.308643,-1.9581441,-1.8102258
-26.024914,3.4237285,1.214664
-28.609043,2.099593,-0.7139645
-24.54463,11.978894,3.3246622
-29.589262,14.396208,1.8164437
-27.363863,1.870549,-2.232217
-23.608637,11.694747,-2.1066782
-12.772226,22.879175,-5.4591837
-11.572832,22.067608,-10.587233
-14.40441,19.170212,6.950511
-9.705885,22.95946,-5.1461744
-8.178124,23.851288,-4.705871
-24.212307,1.2280401,-1.0115818
-7.954212,23.632496,-1.999609
-14.281556,27.597105,2.1034217
-19.470448,20.23448,2.0636008
-6.8469844,31.654955,-3.7277699
-4.6095667,26.37966,0.5011648
-18.587437,21.763372,2.0707507
-12.154265,19.210295,-8.066868
-21.772161,16.81934,4.9113355
-0.9332863,35.845783,-5.9752636
-27.370327,1.8275217,5.382182
-24.62181,12.114325,7.1451416
-8.9279,26.733934,5.434544
-13.642256,22.120012,9.623121
-25.752605,8.265442,7.0098653
-10.906939,22.049314,6.6205354
-23.002512,18.071777,-2.1422262
-14.687757,17.382637,-6.617987
-21.886261,26.050201,0.7922053
-27.84324,0.47214907,-1.8666954
-9.361653,27.495342,-7.1444254
-10.23259,27.08475,-1.3873855
-26.153639,-5.4663825,9.653852
-13.212515,22.180847,9.850556
-24.411076,4.492175,6.8217487
-2.274251,33.928596,-6.919537
-25.57657,21.973125,5.8285728
-10.419007,30.325176,-0.2605376
-24.511347,14.556036,2.025513
-12.636282,22.843687,-8.685926
-28.017864,17.522406,5.01852
-11.187624,25.173277,0.35541335
-21.99227,20.505335,-1.5774382
-22.897308,23.910515,2.5005171
-25.933586,4.755692,-1.1331804
-24.224777,11.289973,-1.2285187
-15.698054,18.124176,9.780914
-24.751934,13.674568,-5.074506
-14.530488,25.27428,-2.979598
-30.739368,-0.88566613,6.466391
-6.688432,22.27168,-11.665151
-20.783777,20.41896,-2.4600415
-19.35776,24.732435,0.30281055
-30.67031,15.825252,1.1549747
-16.114948,18.207447,-5.997914
-26.430698,1.9362943,-1.5639365
-19.818937,18.871067,-1.147969
-9.29469,25.939346,-10.596045
-12.560701,21.7766,-3.242863
-5.809407,29.254072,1.710458
-10.13819,33.1387,-3.8421957
-26.30096,2.2705164,6.272468
-29.714108,12.968082,4.297724
-14.249381,16.338448,-6.8097587
-0.49088284,32.071243,-7.2812586
-25.392796,1.2666138,6.4445643
-7.4013767,24.801596,-0.84189814
-8.042469,24.136293,-6.6998024
-0.56595623,30.881401,-4.8749094
-21.115213,20.382448,-0.80042917
-0.9803232,35.285065,-5.7464185
-13.805459,31.16815,-1.3222996
-18.656818,23.68123,-1.9500114
-18.332727,11.766787,8.733073
-11.853343,28.974998,-3.9487271
-23.318914,24.403265,2.877501
-19.251024,24.634184,0.8876708
-17.036352,18.994762,-5.698523
2.1270835,34.221252,-9.322608
-7.5451016,27.089973,-1.7335359
-23.173714,20.632242,2.0982714
-0.57008624,30.645817,-4.7632775
-27.066032,17.1145,-2.1162038
-4.1538234,36.12205,-4.3978066
-19.86009,20.988852,-2.605607
-24.596796,17.075474,7.5603824
-15.21055,22.51161,-9.414199
-10.306194,23.371565,2.4520667
-27.166044,17.429722,-0.90163475
-7.3358836,23.1546,-9.012631
-20.17471,25.185814,0.27793565
-28.996382,0.20817845,6.094527
-26.598688,10.9681225,1.2250388
-27.821388,18.191801,-3.4331083
-7.422651,27.530676,5.081738
-9.851827,23.677319,3.6397038
-27.490028,7.93942,4.5202756
-28.37013,13.493403,5.181274
-24.06481,9.216554,-1.2018899
-3.8092022,34.948135,-3.979567
-10.442634,23.164213,-5.409267
2.7222173,32.99609,-8.505508
-9.550253,29.97238,-4.535067
-0.09421073,33.069122,-8.0669565
-14.650169,20.48749,6.0882626
-23.843966,21.986998,6.750708
-21.381592,18.14425,-3.4137897
-28.295198,2.7389426,0.48340255
0.7051335,34.99625,-8.908823
-9.845594,29.330606,-4.6410584
-20.955206,23.335798,-2.043948
-8.324617,25.39698,-3.804632
-31.302874,-3.5638,4.8320107
-17.652517,22.809193,1.4599268
-24.497871,23.60354,4.5907817
-25.204952,2.7812865,5.1092095
-21.187485,24.76606,-1.537045
-23.424416,22.268675,-0.087539
-19.493494,20.15527,2.0248883
-9.057517,26.083017,-2.532446
-25.454868,18.494047,1.2419777
-28.341202,5.1886168,0.14162546
-9.728291,24.726288,-2.1692913
-9.059422,24.135923,-10.191351
-8.727286,22.697445,-13.426882
-3.1640596,25.923296,-8.715092
-7.9039855,27.932623,4.8947144
-29.501534,16.570707,3.4383383
-24.461403,22.248823,2.221185
-16.711344,16.794264,8.819611
-5.513116,23.741745,-12.849053
-20.62259,14.3803425,-3.5073225
-22.160353,21.676058,6.5411367
-11.473106,27.926334,-4.4546156
-10.923021,22.766882,-10.933057
-24.01975,20.49296,-1.1920235
-12.231597,23.208418,-9.950845
-7.222546,24.387728,0.75639874
-11.9175825,24.301113,4.353824
0.5252025,32.37849,-7.4622674
-27.188786,-0.75124454,-2.1918194
-28.655972,3.959013,4.723095
-12.620464,19.843477,0.70717365
-15.290879,31.843172,-3.6899867
-29.475826,-1.7565703,-0.2866959
-9.060478,22.52814,-12.188718
-29.601011,1.8177321,-3.1335235
-15.735948,18.001442,10.43401
-27.252382,17.263496,-2.9143033
-27.347034,19.26558,-4.020609
-22.395075,25.010324,4.6675744
-6.963844,24.77107,-1.6700715
-29.724997,12.717722,6.4265423
-22.430952,5.9324284,2.1732607
-6.6156845,24.165703,-7.5235834
-5.834916,25.66881,-11.79292
-20.141254,22.371296,1.1446778
-24.357876,10.0978155,5.0654516
-30.902966,2.4229083,-2.9061
-9.536333,26.998808,8.111993
-25.549934,-3.6263268,4.5518694
-3.5377824,30.826517,-3.7017317
-22.870672,19.477732,0.23580536
-19.874777,20.983976,-2.3569276
-4.8117814,22.419832,-7.2951756
-27.448986,-3.06342,4.44232
-0.31752297,32.59655,-6.2817516
-23.741482,24.74053,0.54625326
-22.678331,17.26443,-2.3343914
-22.944899,13.261215,-1.6378305
-19.5301,21.098213,-0.10208334
-18.278175,23.684828,-2.837104
-24.670265,14.347457,-1.295572
-27.495354,14.234951,-1.3557414
-26.53287,17.059908,-1.1626543
-10.961274,24.035769,-10.66151
-19.391396,22.844677,2.7437541
-23.792006,10.688326,-1.9424249
-3.7148366,31.302565,-3.6586576
-15.595333,23.094347,0.33217275
-26.13645,11.762846,4.803642
-23.53896,19.52837,8.549371
-9.743783,23.112005,5.1094913
-26.289946,14.110428,7.1352525
-24.256582,-1.5397953,5.2507715
-12.585442,24.889135,-1.7944485
-10.276156,24.634163,-11.73284
-26.668358,16.643513,3.0554905
-12.021588,27.459929,3.233618
-14.439304,27.121838,-1.949378
-14.8099375,18.715527,-6.6915455
-22.773422,9.093492,2.6198924
0.7569723,34.099136,-7.742053
-27.183863,10.418132,5.770442
-9.238205,22.186346,-10.984453
-14.897673,25.154646,-2.8849468
-19.963495,23.747368,-2.381321
-4.1458354,22.808222,-9.532708
-22.164831,28.191765,1.8106307
-25.955864,-0.22781184,-0.64439577
-21.054464,28.4126,2.9284585
-25.446993,22.891394,-1.097913
-3.133727,26.349508,-7.8181977
-24.181475,10.413484,-1.4364835
-10.649122,24.508535,-9.534895
-26.655106,4.995849,1.1407865
-26.864552,7.174493,7.934326
-6.6016164,30.658392,-3.171797
-23.898249,24.125595,4.5322967
-14.977323,31.458818,-1.7438201
-7.4566054,24.819756,-4.167709
-21.367317,19.529581,-1.7174288
-23.200073,20.153791,7.254723
-6.782719,23.607826,2.3791547
-27.483112,4.350671,4.7636833
-22.262062,22.204342,-2.7699773
-27.320723,14.753396,-1.2104483
-20.61341,27.940006,-0.29277486
-26.147154,19.200146,2.0708864
-27.570045,-3.413858,4.849092
-18.929695,21.05318,1.3183222
-7.63274,23.538214,5.3141747
-19.130335,12.479231,10.986465
-6.679703,24.347242,-6.216886
-10.877373,20.51455,-10.547372
-26.583706,17.122149,5.826099
-26.48149,15.093012,1.1251591
-22.288342,25.989708,0.5559185
-10.300445,23.475529,-0.64941674
-27.926481,17.084349,-0.9233124
-17.47961,16.642515,8.646482
-24.685545,-2.3071225,9.871671
-26.325308,8.299958,-0.04196451
-26.893959,2.2072878,7.141589
-22.523647,23.326189,-3.1987166
-0.884584,35.378105,-8.52924
-11.05851,25.168312,1.2180068
-24.720175,21.553083,7.7951818
-9.269968,23.537893,-2.8502457
-0.42439595,36.44509,-6.496282
-18.980272,11.155329,-3.034365
-10.432823,22.643469,4.4239483
-7.6242046,22.626743,-11.9849
-26.580719,5.965127,0.76316184
-21.702953,19.299982,-2.483653
-7.3628387,23.677927,-7.4962683
-2.7266793,34.94871,-6.1051793
-25.774994,8.367461,6.8314323
-18.756508,10.844717,10.485073
-27.223969,-2.3772933,13.516671
-23.440416,25.661957,4.884344
-9.6177845,31.269842,-3.1156693
-3.5193782,35.36405,-5.391727
-14.296088,27.919365,-2.6929517
-19.77125,29.668713,0.23630661
-9.334957,22.574575,8.209325
-17.983828,18.877165,-4.158913
-11.703669,24.250172,5.0284595
-10.575998,30.721115,-2.6322377
-25.961292,-1.9823546,12.442155
-23.2213,-1.2031796,9.415345
-1.6594777,22.732365,-9.956788
-1.0598023,31.020155,-6.833947
-11.201216,24.609207,-8.691615
-14.465359,23.521044,-7.6771116
-19.58576,24.409222,0.31673342
-31.680883,-4.425674,-0.53575873
-28.886719,14.48314,6.4023867
-28.598984,0.5230674,-1.1711597
-28.400232,2.514772,7.341104
-20.820694,24.986822,3.7668364
-22.527782,22.638275,5.1033707
-20.28163,24.257954,-2.9266245
-19.176125,24.673794,-1.1227846
-24.249756,19.284437,2.5179613
-23.010216,12.918852,-2.068547
-8.246795,23.820679,-2.6371243
-20.727036,20.635357,3.448951
-23.214146,21.903809,7.727727
-3.445453,24.476976,-10.750087
-20.96488,20.385176,-2.999586
-26.371056,7.528529,7.6638956
-5.259107,34.39231,-6.1632795
-12.505934,23.210356,-9.43619
-20.142237,12.083046,10.808926
-12.767543,22.516783,-5.9301066
-11.520498,25.272524,-2.342648
-26.406412,12.866091,2.5952718
-28.30455,17.87675,3.7610157
-11.817301,23.180368,12.205148
-24.883047,23.140493,-1.1477407
-28.042177,18.424477,4.1911464
-25.835957,10.070732,0.98851293
-25.514763,17.296017,4.098038
-12.946882,24.804956,0.30794877
-25.637342,18.138931,3.6126032
-19.907188,31.869513,0.84789234
-25.999445,18.8702,-2.7158413
-14.433254,27.181992,-1.9891545
-24.986519,19.05374,-0.10304322
-2.9525573,33.203327,-4.454079
-15.891085,29.296717,-2.5263724
-14.862686,22.88321,-9.107176
-4.6391664,29.653622,0.015223894
-9.639833,22.398026,-12.634887
-4.471581,34.670982,-5.6547904
-13.298452,27.902641,-2.367328
-28.907965,19.86737,0.98707116
-23.898645,25.791348,7.11529
-2.6960466,35.026207,-5.8557844
-26.371033,-1.7042314,12.315187
-26.551056,14.573056,6.8526173
-16.439812,22.343048,-0.84294915
-2.2344646,32.44286,-5.557863
-8.683684,24.80492,-2.178403
-12.142929,28.060053,0.8528518
-28.24461,17.636578,3.6600845
-8.048363,23.100193,7.3085265
-16.47354,23.17163,0.37872982
-15.728074,17.584627,9.891784
-11.519809,21.996735,6.4324365
-10.951859,28.973097,-6.335446
-28.280966,18.834307,-4.108085
-28.339394,0.98499656,3.991656
-27.61283,15.33376,2.1372302
-24.95392,8.26323,6.4666753
-13.300004,28.122246,-3.7887666
-24.480751,9.104091,8.274903
-28.105053,10.430539,3.6631565
-8.716883,30.940893,-2.2921612
-28.208529,-0.6778031,6.2036552
-25.23878,2.6402636,5.261488
-26.86039,16.720644,3.007265
-25.593546,10.786899,2.8247526
-29.566435,14.477251,1.711606
-6.870661,24.98719,-3.9344995
-14.49243,16.591888,-6.7567954
-6.5847898,30.827833,-3.303324
-26.127932,0.28562605,-3.1460268
-28.512835,16.112926,3.537866
-23.086805,22.312737,6.3954463
-21.651783,19.30599,-1.6282744
-24.98042,16.530685,0.92946035
-10.172366,25.24667,-9.54122
-28.018442,-2.6525693,-2.495206
-5.8040085,22.233753,-7.28693
-14.6757555,22.956627,-0.42446974
-2.784555,34.834408,-6.440329
-21.2951,17.749813,-6.6887884
-0.2795069,34.74841,-7.7844887
-1.1076038,32.01087,-7.0895605
-17.419788,16.307636,-6.9257936
-13.5348835,16.548058,-7.216621
-14.684923,23.522083,-5.4251056
-18.782469,23.253788,-1.4153711
-23.5929,20.469275,-1.554699
-26.789581,-4.3502965,10.148714
-9.409518,24.42407,-9.894129
-14.367043,18.308657,-6.8140492
-19.225704,31.531069,-0.94458646
-8.595241,31.423958,-2.6976876
-9.578362,25.208946,3.6601992
-10.554589,27.14658,-1.4593047
-21.488771,14.664953,-3.4328096
-29.97021,14.98445,4.5268025
-17.799032,19.139572,-4.127094
-24.098394,14.400095,2.489716
-23.657162,16.14747,-2.1492243
-27.140074,9.105523,3.5734024
-26.541862,3.5183315,6.755771
-24.379189,9.556215,6.6363115
-24.119637,24.604551,7.1184893
-15.517546,18.973217,-4.985048
-14.442799,33.111794,-2.1937392
-25.566162,2.5376587,5.845713
-24.65088,0.89548546,2.5636787
-10.096538,25.475279,4.9073396
-7.2948055,23.043684,-8.699915
-11.336406,32.381508,-4.1574697
-5.840503,25.059206,0.5730478
-24.917782,9.871361,3.5826051
-23.296652,17.913006,-1.5234663
0.22660293,33.12092,-7.313982
-1.2217673,29.686869,-8.743093
-7.211769,26.056948,-3.2865856
-12.252646,30.716192,-0.5322068
-8.823928,25.487598,-1.6168644
-23.528229,12.554461,-2.157527
-18.985424,11.724644,11.130388
-17.647802,23.609482,-0.8873231
-26.884258,-1.3123138,1.0088165
-8.030249,26.29708,-1.4860208
-27.386368,14.541365,6.205495
-26.299013,22.54337,1.8683887
-6.6708884,26.356112,-9.927216
-11.338532,22.581697,3.6631413
-16.054863,24.867834,0.18567002
-27.822206,6.2413816,5.756545
-0.85235333,32.712288,-6.1420245
-8.715042,24.55846,-1.3140763
-25.29079,20.584505,3.7010477
-20.2716,20.915697,-1.9881262
-12.898533,20.88543,-7.3794823
-26.79592,16.891962,-0.25690284
0.2119357,33.6971,-6.5902195
-12.38096,21.107973,-6.668205
-22.311073,10.443013,1.1977926
-24.191204,9.6574545,6.6905575
-32.29129,0.7439482,-1.8497881
-22.882505,10.085661,5.0239735
-4.731465,33.6766,-5.8741226
-2.6425378,33.42994,-4.980258
-23.450308,24.625692,4.66883
-21.357676,24.942034,6.274612
-26.659048,22.381113,3.1756127
-10.560753,21.98933,5.641527
-11.317791,25.356697,-10.398048
-23.77424,6.7943234,2.329766
-25.832083,22.771294,-1.1089994
-26.330061,2.0756912,-1.6152257
-21.380367,17.018305,-6.388841
-12.25282,23.803919,-5.050177
-24.414383,8.299997,6.427173
-25.355589,-2.504346,13.8308325
-13.168541,27.812675,-0.6604271
-15.36739,30.303896,-0.5902784
-17.330374,16.721035,8.658494
-12.622982,21.823238,-3.114494
-1.1019225,32.527035,-6.136328
-13.325064,19.434996,-8.962726
-25.318964,15.7607975,7.2162385
-26.151312,17.10577,-1.3486296
-21.686256,17.60596,-3.8522453
-22.749762,9.767869,0.5306279
-8.780769,26.4934,5.6514587
-5.533948,23.40404,-13.96091
-22.331139,26.020662,0.21039955
-24.231417,22.890827,2.1705027
-17.463594,22.409643,-3.1789105
-28.098839,0.9258347,-2.2718706
-23.451727,25.75714,4.874795
-13.085792,22.776676,-7.456728
-2.87245,36.61516,-5.009487
0.58646566,34.15926,-7.4482374
-9.732655,26.051554,-8.939721
-28.904392,11.934615,7.531272
-29.81844,3.4275298,-3.682725
-25.47035,9.450716,-0.3134228
-23.536837,10.604682,5.343495
-19.416214,22.715265,-1.8393741
-16.983826,21.731833,-8.463911
-1.3144706,23.984236,-9.293257
-28.498337,3.104305,5.8782816
-20.34472,21.728144,3.494018
-22.54204,5.9222093,-1.3404177
-3.663009,30.606897,-3.0683784
-2.1568637,23.090609,-8.592449
-23.884079,17.764482,3.1795614
-26.523275,4.923473,6.5360737
-10.370647,25.393732,-10.569565
-3.6385682,35.099903,-5.223075
-25.894878,-0.9042528,4.373408
-11.71953,28.576647,-4.3120613
-25.617657,5.037409,2.4698203
-13.045691,31.437145,-2.5210352
-23.280014,24.634119,4.8326373
-22.23336,28.122217,1.8996586
-6.776193,24.520628,-3.2520955
-8.869079,22.752932,-13.064544
-11.028642,26.11195,-6.276499
-7.710207,28.060825,4.9368105
-16.522024,23.069761,-5.905513
-19.24652,24.84702,-2.5454004
-25.979998,1.8970238,11.885103
-25.327787,-1.8618681,2.5739915
-4.0163236,29.552744,-1.2129247
-14.770039,31.82598,-3.8763359
-16.391464,26.77493,-1.2171228
-20.486738,23.46921,-0.8668937
-23.661707,17.281364,-5.038441
-24.620878,24.746346,5.1622133
-3.750794,32.55809,-4.1935577
-26.53822,0.33542323,8.90006
-10.726937,29.254812,-4.59089
-6.0569525,24.463634,-4.8991485
-18.180492,23.695599,-2.0119004
-15.882219,19.13045,-5.9773626
-25.889137,8.927207,-0.63482255
-23.613762,17.147894,-5.314192
-5.483448,24.544077,-12.528933
-22.403595,22.145632,-2.7552407
-8.373842,32.867817,-4.367754
-12.219569,23.214012,-8.435561
-9.118791,30.180809,-2.2886088
-6.4868994,26.536354,4.5765324
-13.092113,31.736706,-2.491187
-21.067818,19.07498,-6.741827
-14.868812,17.614054,9.573817
-8.66412,28.651543,1.2149662
-25.808697,12.620707,3.1041214
-27.892843,18.196468,1.7249324
-27.262205,0.94384044,6.9568243
-24.398687,21.136726,5.2338243
-26.06245,10.642206,0.16190888
-5.080487,27.527845,2.540897
-27.656803,9.814583,5.0256367
-29.77663,3.3182094,0.056259543
-18.58959,25.855955,-2.7244155
-30.414188,-3.4665973,-0.885723
-29.507507,12.738701,6.2731147
-25.226196,-4.6122255,13.494839
-25.076706,21.9461,5.3518686
-17.696424,23.97986,-2.1272671
-28.20833,-2.2501857,13.259005
-11.791408,25.670944,-5.2672715
-20.787537,10.345664,-2.7053554
-22.704454,19.040539,-7.5014024
-12.545471,19.641281,-9.021361
-17.884779,23.479788,-0.36831653
-12.005361,20.464542,8.537074
-20.64042,24.82841,1.9871532
-13.49084,28.8928,-1.6490822
-13.18098,19.28785,10.006937
-27.377762,3.5475597,4.5814776
1.0611296,31.257828,-8.129995
-24.99421,10.142905,3.9330587
-10.1188545,23.376188,-2.8262892
-27.154932,1.2321512,-3.3460202
-16.031477,22.235905,-6.1643047
-12.348436,27.381552,2.6165612
-18.812723,22.551905,-1.4258305
-24.652836,-1.0917692,5.463136
-24.023287,26.186329,2.568521
-21.250597,24.94817,6.3244147
-24.375298,0.1864402,7.831834
-14.745145,20.23838,-5.445933
-26.045837,12.88898,2.1704044
-13.60366,18.562248,9.890296
-7.433718,25.23721,-3.2212107
-24.967033,11.522294,6.0876236
-28.844982,2.5551271,7.3041906
-21.58564,14.854532,-3.3460014
-18.556595,12.478528,11.07267
-11.376429,26.949545,-1.2776386
-26.176142,13.624152,1.4784753
-4.7267094,22.098383,-7.8461933
-9.180823,22.991413,-14.389209
-9.981328,24.920818,-1.3633081
-26.359118,11.196922,0.8226879
-28.089506,18.613562,5.1837244
-12.8782625,24.093431,-7.24405
-8.930151,23.30936,-6.141701
-1.454235,32.346573,-6.873564
-23.837341,16.865612,3.8426728
-27.351238,18.110891,-3.6547062
-24.95328,-2.1599162,8.679143
-26.8621,1.8912407,4.4583077
-11.527013,21.934582,7.5217533
-10.50719,21.767347,-9.801405
-10.0409355,24.752178,0.07251852
-24.606825,10.0089035,4.304327
-13.520981,24.791819,-8.087697
-15.035139,16.137003,10.372313
-9.350211,27.57499,-7.050831
-15.878706,23.91076,-2.597714
-23.407692,-0.22344342,6.7303753
-6.257016,23.349686,-11.960847
-13.444989,22.363422,-2.1406732
-24.654442,12.966388,-0.357726
-6.160011,24.494656,-8.248488
-25.278309,15.945178,-1.6601007
-26.811615,16.055517,-0.43822616
-27.607569,3.8994339,7.5334654
-25.483053,23.999678,1.8764887
-23.834175,9.494825,-0.061609708
-18.464783,20.594501,-1.0205979
-27.100018,19.054195,-3.4208834
-13.422144,19.00324,-8.188618
-26.629183,-0.6446984,9.885093
-31.848175,-5.3199744,4.8786073
-12.488655,27.973896,-1.449989
-25.239326,20.275331,6.0814333
-21.379267,24.226444,2.7050755
-25.470194,16.269659,5.861687
-3.8983643,29.754896,-1.6067036
-16.448626,27.168276,-0.84118176
-11.552866,24.766727,0.67949635
-9.524565,24.39303,-12.8335285
-30.06565,16.266481,1.3639908
-17.645493,16.735632,8.711766
-28.21952,16.361652,4.8640013
-27.101639,-0.98615336,7.492386
-10.143035,30.346317,-0.07224509
-27.993849,11.669392,5.2714767
-12.847493,19.054342,-7.7970486
-10.17143,22.296053,-10.023803
-10.02185,24.737675,-12.02869
-17.268991,30.955288,0.8779889
2.1575465,34.34629,-9.419107
-23.839785,24.561367,0.6797405
-26.880848,16.714571,-0.3935507
-18.751377,11.152335,10.858259
-19.07443,22.230124,-1.427818
-13.447452,23.605839,-0.6586439
-16.04377,30.719172,-1.1375356
-26.499453,0.85213226,8.158962
-25.432035,17.756807,7.5609694
-9.890782,23.8639,-12.535994
-18.605003,24.738026,-1.6395578
-21.236456,21.319616,-1.4521804
-23.556326,19.473318,5.804638
-25.599735,18.473717,1.0185678
-22.72189,21.784887,-2.617581
-28.765718,3.9367487,4.5956554
-29.591494,-0.39878872,8.343918
-2.852306,25.040607,-8.101078
-13.026162,24.85547,-1.090041
-11.950364,26.29431,6.066693
-7.672271,29.771408,1.9751391
-25.95823,7.8066263,-0.9969406
-17.432768,23.32317,-1.8750904
0.20434459,34.49611,-7.468148
-29.268705,0.094160356,8.311648
-24.725409,19.641668,4.7775764
-9.806183,23.624659,-0.34456417
-16.815649,23.596306,-6.1854386
-26.687765,-3.2171907,12.485113
-21.76704,23.33803,1.2738293
-32.10175,-0.7937922,-3.312106
-25.800375,1.47082,-0.33126974
-20.493895,23.377737,-1.202602
-13.023445,28.319407,-1.5733627
-18.763287,22.241322,-0.023251345
-26.514414,11.082691,8.234647
-31.763084,-3.029398,5.470929
-26.500671,17.885204,5.4326234
-2.4496639,22.331589,-8.849122
-26.16516,5.482213,7.675803
-24.400291,11.260568,1.8281217
-17.474138,21.337751,-8.003966
-25.366789,17.268684,2.7830315
1.5334765,31.988857,-9.061832
-15.732582,27.537416,-0.8190862
-1.3593509,23.60032,-9.012821
-0.69562924,33.268887,-6.3071413
-5.363539,25.799927,-13.2607355
-15.931704,27.137663,2.234924
-8.599027,25.49492,1.2589037
-27.642658,7.7517467,4.6901073
-25.208376,2.3210611,7.6252646
-19.566353,28.581678,1.7324761
-16.42618,22.71536,-7.5877404
-29.104773,14.403194,4.21833
-24.606401,9.518133,0.3167805
-13.084152,24.862597,-7.9755054
-17.609661,29.792192,-0.9979086
-21.464561,18.711716,-5.116464
-10.845949,23.921522,-10.007273
-12.205562,25.532848,6.054785
-10.060246,30.153957,0.86656463
-6.8623443,23.037523,-5.4740257
-14.5591955,17.911617,8.532767
-26.947132,15.586171,-0.6689174
-24.871918,8.3248205,1.3235399
-6.910551,23.24249,-10.604741
-13.003605,25.634909,-4.9989567
-24.104937,6.1353397,0.58153117
-3.9591794,32.794888,-4.1322913
-26.413841,13.300278,3.9615746
-26.262386,2.9384105,1.9026213
-18.173885,9.778787,10.083053
-26.266466,11.096835,-0.9440621
-10.502123,25.052412,-1.8233011
2.0290012,32.61,-7.560494
-3.3128257,22.25702,-8.761242
-24.396322,12.084839,4.3857565
-6.6576767,23.881628,1.4621242
-22.564987,11.67006,-1.1632961
-13.543408,18.772268,9.56011
-25.200169,17.754404,2.138783
-25.77398,20.85503,-0.15389709
-25.995815,-3.2042544,7.2546988
-27.114887,17.193716,-2.5927982
-30.363989,-1.2501277,0.1531528
-24.82851,22.57445,1.9141711
-12.681517,28.938818,0.22801436
-19.040361,12.297086,11.064146
-7.6192064,24.256834,4.824937
-2.704895,23.103003,-8.667844
-15.6370125,20.556913,-4.4555364
-22.413082,23.34681,-3.1833944
-25.455214,15.705183,0.8511172
-5.944364,24.303658,-12.282477
-24.786749,-1.5975101,9.362596
-23.56295,18.008913,2.7816617
-6.9421244,27.036612,-9.64651
-24.4932,13.784282,8.822225
-32.14087,-1.0558809,-1.3504418
-10.683925,22.956331,8.149878
-11.634003,18.476162,-9.972244
-29.559162,2.1403155,1.6449666
-3.6770804,24.310274,-11.046678
-15.11801,16.416672,10.074825
-11.978114,21.389484,8.438631
-6.7155967,23.73548,1.4109749
-18.360668,21.257494,-4.542809
-6.673425,23.78903,1.4750061
-8.498548,22.173483,-13.253575
-9.600465,31.597927,-3.673579
-8.849719,23.500473,8.460882
-17.182907,31.400572,-1.775179
-24.7447,7.571599,7.1793375
-3.5808322,35.884373,-5.395103
-31.961082,-5.9582186,5.545038
-26.072968,-1.3703986,14.410219
-23.486233,22.343653,3.9446342
-14.3340225,23.88159,-4.975144
-24.974531,21.586365,5.256555
-26.821909,21.869425,4.2567763
-25.159338,21.748728,2.4520545
-23.641407,8.270985,3.0274131
-9.247157,25.359896,-0.37918583
-28.217089,-0.4943562,6.0389533
-25.960634,0.9595938,2.5974534
-10.735366,25.973696,-3.5140965
-26.93776,11.42196,5.1999373
-27.549116,15.779031,-2.0712733
-25.461332,-0.5183514,12.507199
-9.799019,25.99013,-8.741631
-6.388141,24.688389,1.3887329
1.422364,33.92295,-8.4195595
-12.0128355,25.407778,-5.335268
-25.838413,1.0771503,10.085434
-7.103551,25.86714,-1.9346049
-18.755554,11.497817,9.954854
-24.192822,20.676786,0.5790445
-29.128843,17.48781,2.2779377
-27.02279,1.9654329,-0.29035166
-15.454304,13.231929,7.3456955
-30.417793,-1.0522153,6.962545
-12.061381,24.531979,3.8267188
-14.193564,21.869871,-6.343767
-26.329432,6.248838,1.2855288
-2.3126545,36.580067,-5.8148484
-17.653345,15.765631,7.5005674
-21.224861,18.962284,-4.7602386
-18.111341,25.65573,-0.3345382
-22.83899,21.542376,2.3334835
0.024738764,30.612808,-5.6619883
-7.2150984,25.180372,-1.0385187
-26.744608,13.026561,2.2912579
-26.074846,13.998791,1.448366
-12.101991,23.097464,-8.217245
-25.984482,7.2542167,3.8831012
-24.591194,14.6991825,1.8796413
-23.433104,10.693084,-1.9376854
-26.25468,3.539448,4.792671
-6.6107006,23.626749,-13.645979
-25.08843,21.877497,5.1918125
-10.936435,24.1848,3.317484
-14.346776,19.728128,6.8437133
-11.2326355,25.194668,-8.6404295
-19.540375,19.229673,-1.1721705
-21.364014,15.320584,-3.4594858
-6.832006,26.489313,4.4132895
-8.476392,28.45916,4.9121637
-27.0978,21.015646,4.3208523
-22.623394,11.069297,2.2948549
-26.12432,-0.113290876,12.021501
-3.8370354,32.23712,-3.914792
-4.8618536,34.335358,-6.2311215
-22.751213,20.200102,0.7686482
-22.68414,21.745857,-2.6374454
-24.184153,22.130146,6.400775
-14.339411,26.204576,-3.6991956
-6.80436,28.235222,3.229268
-10.92401,24.654675,-4.22292
-5.1193357,35.130215,-4.4348145
-18.972527,27.29138,0.71317977
-14.102322,23.897575,-0.8419191
-2.9213421,23.6371,-8.095935
-26.406073,10.644983,-0.7472494
-16.315178,31.421263,-0.2932641
-17.630127,17.809072,9.105225
-5.07336,31.028234,-5.015988
-15.034304,23.015,-6.2654796
-25.413422,17.16643,-1.7147667
-20.103683,21.851597,-5.0194755
-0.59213185,33.75148,-8.070071
-24.75026,9.994389,3.9115012
-10.792748,31.60195,-1.7778957
-16.471127,30.704416,0.459159
-27.917107,-6.1929455,-0.14143142
-24.68413,3.5938628,-2.718825
-25.192398,3.067067,5.1545634
-22.624315,16.668837,1.7783666
-20.515398,28.065989,-1.0308928
-25.037457,2.687124,0.098403804
-13.646457,23.923824,-6.3726425
-5.211634,24.894472,-13.772338
-16.088253,13.403829,5.9584126
-29.257004,3.120958,-2.631201
-29.138653,15.88853,5.4979696
-25.794643,4.6045876,1.0596838
-10.891092,25.728014,1.4353713
-30.172447,2.4422324,-0.2542685
-25.159853,15.677975,-1.4969834
1.4813544,34.66214,-8.996322
-16.081505,29.913471,-1.0705005
-14.245668,31.675238,-0.9881782
-23.744408,8.465864,-2.9435709
-8.777466,24.058205,-14.504257
-5.5663457,26.580484,1.9705561
-21.077038,20.456165,-1.1454751
-28.217157,14.069084,7.466511
-31.318253,-2.413091,-3.0834334
-33.811584,-5.338676,3.118437
-17.119974,24.444597,-2.412368
-13.21802,24.253286,-8.036465
-27.14392,0.6295666,7.4992633
-5.7773,24.986525,-12.311223
-14.180407,18.551922,10.210614
-11.698097,21.243076,8.514932
-13.8531475,22.219389,5.6993737
-12.657468,20.157463,-1.0501273
-10.819837,23.157354,-5.4361835
-23.992756,1.4764599,-1.0916562
-32.471146,0.5892126,-1.5387633
-24.268034,8.529447,-1.8344613
-25.131638,19.182226,8.348358
-24.382978,-1.4789484,9.739863
-26.973957,16.924856,2.9000666
-26.990358,-1.5133379,-4.1034393
-6.9572825,24.746399,-1.4275885
-27.100437,8.427489,4.2053785
-27.55822,0.36074668,-2.234235
-19.490496,25.906805,2.2572649
-26.86146,21.082735,4.4786572
2.5617578,33.987328,-9.589293
-32.244743,0.9495777,-1.4388381
-1.0360285,33.72054,-7.1617994
-25.545092,21.28788,-0.2227209
-19.331661,26.903992,0.77141017
-21.998417,26.009272,1.7312249
0.42987087,30.862019,-6.4231906
-13.455251,24.642582,0.35219276
-8.508203,23.643845,2.0744777
-22.364794,9.470756,0.46476594
-9.433549,25.24663,-2.1037214
-15.910276,24.059496,0.9260225
-3.9873326,26.62512,-8.060195
-27.24101,19.198353,5.4901886
-9.357398,24.438755,-13.863946
-6.980175,23.927845,0.588984
-25.982635,20.953316,-0.42879763
-19.762709,18.930729,-1.1248405
-21.622725,22.798672,3.171667
-12.588295,18.161165,-9.980205
-27.642109,7.85532,4.7000813
-11.1166525,24.42411,-2.1903193
-24.624718,-4.921241,5.3383403
-16.834951,22.412432,-5.0442915
-27.245125,5.272459,5.180457
-23.598629,8.538953,3.1433141
-13.125057,17.280157,-7.9263263
-25.890131,0.9906658,2.2907653
-2.0554256,22.499022,-9.760806
-27.476435,-4.4461255,6.4581785
-3.2086964,21.877647,-9.192248
-21.977726,8.191084,1.5701864
-12.771627,22.432673,-5.787715
-27.437702,12.863623,-1.7240273
-11.199718,28.504524,-4.9976296
-15.866596,26.263384,-1.7035118
-24.575506,4.4996333,6.8323607
-13.877734,32.074333,-2.26832
-24.971783,12.837362,3.3275826
-21.64453,28.460337,-0.8037205
-27.904167,0.35992357,-0.06666059
-17.9972,30.41307,-1.7665817
-20.633001,18.305841,-3.9038827
-29.579088,4.143911,6.0083246
-22.43775,22.977295,1.4415301
-14.17894,31.87328,-0.77991915
-7.7100453,25.75179,-1.8793703
-27.891014,15.497546,-0.5438277
-13.397033,21.293808,-7.1441875
-26.977705,17.61036,-4.7598557
-6.2567425,23.321823,-12.909204
-27.569256,2.3488498,3.8519843
-10.18618,22.327196,-10.053977
-2.0793018,25.085985,-8.827552
-26.42474,0.08026919,-1.465225
-5.4443755,34.765694,-3.6127264
-25.787525,17.513496,6.5224414
-25.286636,2.0531518,5.857503
-26.452665,-6.055046,6.62792
-8.257635,22.452251,-13.601419
-22.9355,9.059913,2.6960208
-1.6967143,23.32841,-9.05478
-12.317928,22.915848,-9.574804
-11.865129,20.928295,8.225432
-32.27018,-4.628838,5.316774
-15.394561,22.344774,-6.5786223
-11.400952,19.11057,-9.07481
-12.351713,21.829985,-4.0189114
-25.29321,-4.650804,11.631421
-6.778769,22.337114,-6.7430043
-23.922081,15.422439,-0.44232178
-23.598469,21.189009,0.30708942
-27.049261,4.346678,7.0366197
-24.641186,8.133767,1.0575467
-4.470994,35.47506,-4.4521966
-23.121624,24.046686,-1.3321867
-27.241753,17.776558,-3.5609372
-16.274265,25.260365,0.5234266
-26.764826,5.6518207,6.3604536
-14.734597,20.614397,5.9240155
-9.90265,24.443617,-8.669847
-26.33544,20.37946,1.4715163
-22.075102,18.466639,-6.4978333
-25.336979,6.246464,4.705574
-10.829091,25.560259,1.536109
-6.1446323,25.43347,2.4710262
-24.757872,25.801088,2.8736773
-9.085937,22.949968,5.918197
2.625473,33.375515,-9.333047
-17.421165,24.867176,-1.7805076
-10.78109,22.989086,-4.0379834
-23.138218,20.675323,7.111164
-27.125511,2.0447934,4.4175005
-8.826295,25.370514,1.7895718
-25.000069,19.2674,8.417755
-32.98999,-1.9063755,3.4832537
-30.044167,16.372091,3.8846931
-14.668607,17.274942,-6.498269
-11.916023,30.37288,-0.5667376
-27.222202,4.717245,4.749971
-29.566532,1.3520442,-0.37182826
-24.358887,22.059984,0.018277401
-8.757559,32.443638,-3.725236
-13.852372,23.876282,-0.116083935
-23.25143,15.977459,-2.16021
-30.638086,-4.64635,4.2526183
-5.016421,30.392996,0.99225116
-28.6946,-0.21458483,1.7325647
-24.841455,0.999956,2.0261595
-5.702511,22.88529,-10.857303
-8.8580065,25.569326,-0.6404334
-27.08464,9.5954485,2.816904
-15.2542305,22.394896,-7.663966
-16.119114,14.1690855,11.303489
-29.415934,13.657499,4.2414665
-22.969044,25.151949,4.440306
-0.7385016,31.07879,-7.048025
-26.587532,1.1336777,11.782483
-21.790098,28.095913,1.6062039
-20.731611,24.469889,2.5429194
-26.315403,13.243905,3.8943655
-31.29114,3.9737954,-2.5191982
-10.142177,31.40994,5.620861
-28.116219,0.6971417,-3.5334322
-28.970022,3.3967083,-2.900524
-9.165213,31.826324,-2.4435856
-8.3786125,23.32053,-12.896343
-20.985771,16.864864,-2.8665028
-25.303429,18.822826,0.44339028
-9.701637,25.633066,-11.41667
-12.412464,19.753988,-8.193283
-26.848936,5.343194,4.3129077
-10.016432,22.7196,4.5232496
-19.286266,10.967928,9.6211
-1.8042476,24.144903,-10.9286
-29.028181,-0.59387755,-4.602291
-5.2517858,31.189726,-5.092402
-12.2307415,24.580336,0.124362834
-29.021189,14.660698,3.9072125
-19.739008,24.908445,-2.2263563
-23.680077,24.421991,4.6928086
-16.681458,13.332375,8.026064
-26.038828,-0.22678044,10.956973
-6.6949944,25.112858,-3.5453498
-25.050072,3.7117956,-1.9005266
-26.05212,13.010888,1.8293054
-6.17723,23.309843,-7.2668858
-9.880706,31.725735,-1.2463773
1.9096191,33.448174,-8.538778
-26.17873,1.1613929,4.809753
-2.1677022,34.258194,-7.241506
-26.59147,-2.1096601,10.75755
-17.029367,16.49211,-8.88718
-15.199698,17.83109,8.976338
-23.621693,21.59168,-0.38637668
-11.8446,18.573067,-9.356594
-29.61463,17.896841,4.1624722
-17.100473,25.587166,-2.5567188
-3.7326214,25.612185,-8.568956
-12.077404,18.465723,-9.786807
-22.160656,21.558144,5.4810038
-7.4129763,26.913832,-1.5745196
-5.9771523,25.174488,6.094006
-5.5181594,23.942913,-12.684835
-22.142763,9.064457,3.1827836
-10.141272,27.544909,-2.2124884
-24.912928,22.008047,5.1315155
-23.334175,8.832583,2.9912415
-12.732418,24.521437,-8.513192
-6.7908936,23.170483,3.8606327
-3.3041108,22.117882,-8.075838
-25.795078,19.054117,1.9601595
-30.681612,-1.9968376,6.4835014
-23.318861,8.727433,4.9069014
-12.961206,22.323408,6.031796
-28.28754,4.4154577,-1.9226613
-23.783518,17.777367,1.7395176
-14.569938,31.822517,-3.9498658
-26.22989,4.2469444,-1.2714397
-26.756475,2.369,-4.1219954
-7.287264,28.722958,2.3180118
-15.711209,19.067265,-4.9063196
-6.4639235,23.96765,-8.019198
-9.950472,28.48719,-4.003256
-24.155714,-0.9427405,10.776608
-26.47962,1.3957813,4.494824
-21.753304,18.547913,-4.272918
-27.796186,0.33710405,-4.0259223
-26.602636,9.768433,-0.46225825
-24.466578,7.2226615,2.6250563
-25.856329,10.089452,-0.54738927
-30.234299,-0.11924834,0.96879894
-5.3978624,24.2169,-13.7077265
-6.2254033,25.113758,-13.819214
-11.03541,21.529535,-5.0326667
-25.63986,-3.1185837,9.204641
-9.525258,24.30784,-12.740819
-26.264809,2.3335006,0.29451334
-29.926205,-6.22472,2.8904233
-11.475235,24.009436,-8.71764
-25.394455,-3.1499383,8.848118
-1.7114478,24.342367,-10.855558
-9.945708,30.326746,0.25998402
-24.277891,8.475211,6.179651
-22.902945,17.794512,4.7295322
-15.68024,28.98099,-1.2855557
-26.53958,-1.7183958,8.460391
-23.704306,8.014869,-3.4386423
-8.030647,23.987055,-4.6195073
-25.96058,0.56899685,10.429194
-22.689562,20.68997,3.3129568
-26.080187,13.54483,1.4074527
-7.387479,27.918549,3.5461402
-14.571424,24.175095,0.014923149
-26.721533,18.590988,5.5712686
-26.744022,19.317219,2.3955076
-17.931574,15.636477,7.3046694
-12.492781,28.816868,0.31358257
-3.4160383,36.883896,-4.634033
-17.813402,18.157383,9.164858
-11.504806,23.76917,-1.0951954
-8.057071,22.323011,-11.460358
-9.622117,28.800117,-4.779083
-16.151833,21.524923,-6.0032783
-26.37879,13.6992235,0.15412603
-5.929537,22.243876,-8.536724
-17.618666,11.8498745,7.5742087
-22.512684,21.927254,4.7151117
-23.65456,19.063122,1.2954382
-6.385704,23.017645,-12.595336
-11.902658,22.086147,-10.046926
-3.8044825,30.175928,-1.9838297
-25.747038,13.371335,-0.08347112
-12.299211,32.515194,-4.417132
-23.880127,23.272678,1.9308354
-18.366623,26.011591,-2.5179749
-6.2889724,29.05424,5.026693
-7.229715,23.127815,-12.9212265
-11.761854,24.419888,-9.005048
-14.548237,18.208448,7.1548977
-28.006495,16.827396,4.0769086
-24.282618,13.902049,4.340255
-11.971158,18.585527,-9.935018
-20.563862,19.266571,1.3825642
-29.136963,15.680072,5.871626
-4.768142,26.069307,-0.36254254
-11.421176,23.488905,-10.502088
-23.855093,11.021533,5.852495
-28.503906,12.953801,4.1029034
-6.536279,24.20768,1.0125486
-17.101715,17.561016,-6.013612
-11.176056,25.201881,0.051011555
-10.078061,23.54515,-0.39438012
-21.722002,25.072231,3.077571
-13.770281,31.617748,-0.49418178
-24.04109,20.206785,-1.2335813
-6.7224693,24.300283,-3.483903
-22.933355,24.073042,-1.378116
-20.978205,19.703266,1.8216519
-10.309031,30.138851,1.202797
-3.6872082,22.328276,-8.1416855
-27.26355,0.17759453,-2.3211365
-15.861288,28.67656,-1.3651974
-8.35642,22.165962,7.740469
-6.7587514,24.001617,-7.90956
-10.940238,24.930971,-1.1703006
-8.482699,22.89317,-5.3897986
-9.773313,22.94991,-7.4904585
-1.5039092,24.205568,-10.054424
-25.959257,0.9456479,2.387326
-4.1089997,24.006754,-8.131294
-4.607437,29.297667,-2.0123603
-12.510731,22.859827,-4.555643
-22.661955,20.785479,-0.5775684
-22.914518,8.295382,5.46095
-12.96043,20.64159,-0.6192408
-7.5740724,23.168247,-12.780362
-21.97468,17.165583,-2.5778995
-9.455795,22.084198,-12.822745
-31.742887,-4.8575068,2.542239
-10.710585,29.225216,-4.990029
-25.728271,5.1425557,2.5578358
-15.368644,22.039158,-9.692116
-0.68500966,36.734547,-6.22443
-6.4063535,22.510445,-6.8635817
-26.710623,5.201358,0.23018031
-27.382244,5.6108766,7.389676
-11.573257,30.314495,0.49710035
-19.565218,30.952291,-0.8797118
-24.25678,19.380753,2.601048
-27.664381,16.494133,3.9772031
-23.536196,17.564405,-2.372612
-24.814732,17.004091,0.9163548
-16.966013,19.131971,-5.725962
-26.65789,10.965452,1.4736478
-20.569744,27.98935,1.3358636
-28.954687,17.449564,2.2029727
-27.193691,3.4779696,7.1128044
-0.46966,32.018127,-7.6369777
-25.085049,19.301212,8.453608
-15.328326,19.454496,7.93276
-17.288149,31.244585,-0.84225523
-3.2512727,26.171616,-7.164217
-25.349463,18.72663,0.47283217
1.7384341,33.887676,-8.70864
-20.401457,12.054476,10.783933
-6.447714,24.063826,-14.00716
-12.61194,23.80207,-5.1190443
-15.6703615,16.178572,7.6339984
-1.6598529,31.763508,-5.926867
-23.881502,11.702611,0.21589917
-26.344683,-0.947511,10.933366
-10.963523,19.254639,-9.057098
-2.923932,34.780888,-5.664424
-24.459057,22.628824,2.2653298
-20.735487,22.04979,4.1909103
-6.250971,27.631197,4.594126
-23.213516,17.324425,-6.3360023
-21.7197,18.773117,-4.350515
-26.251453,10.489934,4.3582964
-2.382525,23.036741,-10.827953
2.3794558,33.379215,-8.898376
-8.914069,24.040554,-7.235964
-24.711182,11.328972,1.5385826
-19.668638,32.288883,1.0939047
-15.567218,29.721111,-2.863773
-27.378197,17.662817,-0.06294345
-20.832737,15.340357,-4.0223627
-24.13506,8.555983,-2.0388186
-31.148584,-2.3566926,-2.4707818
-25.321718,-0.115227245,9.718182
-14.748525,23.922567,-4.6292243
-25.131618,-0.7319196,13.288983
-26.950804,9.311776,4.6075125
-9.439369,32.2808,-4.716828
-10.360403,26.197767,-2.7174466
-28.688084,0.51199144,4.271863
-2.4320924,25.109663,-7.8562326
-15.859352,23.62708,-7.158316
-17.174362,22.106848,-6.877573
-4.377677,30.13671,0.5559473
-23.225212,18.52515,-1.5606331
-23.041,13.581372,-2.1157696
-10.106163,22.514643,-12.497831
-26.74877,7.2741575,-0.38336492
-23.463207,9.228223,6.201776
-27.118341,17.397774,0.076365165
-13.074522,20.573425,-0.9563769
-6.286217,25.273561,2.3154657
-29.524666,-0.77788395,-3.6552222
-14.561378,31.223993,-2.1136422
-8.570831,22.365988,-11.275342
-11.059951,23.952335,-2.6363769
-26.61779,22.685144,3.1366224
-19.7612,32.113537,0.97664344
-22.475464,21.883728,4.650459
-3.603035,30.46688,-3.492437
-25.46483,12.060693,4.431851
-25.428368,17.953016,4.0011835
-22.286263,18.52901,-1.2101191
-1.1984613,33.23737,-7.7125897
-25.30359,10.380736,3.0199769
-24.759623,0.45220837,7.6050754
-26.525904,11.497448,-1.7144343
-23.817211,9.639802,0.6072462
-8.427259,27.453669,5.393341
-8.466596,29.71219,0.9470079
-23.135902,19.886625,1.7979783
-24.753685,15.313963,3.457855
-21.456415,18.612093,-6.406703
-24.89408,7.8281045,7.433107
-14.759101,18.489616,-8.126908
-11.092977,21.207333,-12.149841
-24.62671,27.374006,1.0262533
-7.6687255,23.441797,4.743633
-3.2922862,29.85977,-0.1318276
-17.685104,21.92214,-4.738426
-15.882674,17.438103,-6.3683705
-24.839695,23.972618,7.3367925
-11.242421,24.53983,-2.3233554
-26.089746,15.418554,-0.95162874
-27.104162,13.482872,6.8443775
-11.075575,23.844942,-1.5348995
-12.808528,17.470459,-8.661764
-29.981987,2.76424,-1.0966926
-8.362123,23.09222,-10.839113
-28.948004,17.486324,2.15012
-21.083517,14.417781,-3.5159216
-6.378667,25.282114,2.4718726
-25.394802,17.52611,2.5472152
-14.62328,28.882423,-0.35720205
-26.941532,14.243319,-0.27343294
-24.568933,14.014026,8.880945
-26.564013,10.966612,-0.5285994
-16.578878,23.771673,-6.3048134
-24.12911,23.83647,4.4456625
-27.530708,14.323498,4.779253
-7.7876067,24.271746,3.0139384
-15.713219,22.645205,-5.479276
-7.775215,24.387613,-6.88192
-1.4478683,33.718475,-6.2352824
-3.9757493,35.269367,-3.799435
-27.27836,16.66812,-1.8671595
-14.17794,21.350746,9.6757145
-10.37981,31.15008,0.38756052
-8.895098,31.652885,-2.8962333
-19.743645,21.39004,-4.81639
-9.774111,27.745043,7.6523614
-6.299607,25.777157,-13.6287155
-6.368127,27.295519,-11.138874
-24.954176,3.1337843,7.5690894
-28.232126,2.5598907,-1.2071457
-23.354208,21.678846,7.129508
-9.840786,21.618504,-11.433563
-24.896458,-5.014184,11.354179
-4.33984,23.428997,-8.389649
-17.582588,24.606525,1.7301862
-9.913788,25.607012,4.9446926
-15.075931,16.830547,9.908221
-16.013077,17.66642,-5.79745
-10.075987,22.82618,-5.093933
-23.822,11.924407,4.1057463
-16.25626,23.257305,-4.251681
-20.508518,22.318558,2.93341
-21.249214,24.338636,2.6623151
-21.673944,19.303452,3.7895014
-24.630342,8.5397215,-1.2132833
-10.663897,30.207666,-2.2849457
-22.486198,11.786048,-1.1586801
-21.932634,13.018263,-2.1870415
-12.227216,28.200727,-0.89677405
-21.787481,22.416945,6.426853
-21.168432,13.137727,2.997839
-4.791224,35.553856,-6.1519494
-19.858387,19.092552,-4.220054
-25.326427,20.5494,5.990294
-14.132548,26.918905,3.810087
-17.493628,21.106144,-5.178624
-12.220898,21.599318,-8.090264
-10.600336,29.748528,-0.16701491
-19.272491,21.14668,3.6858568
-10.841122,23.748573,0.8792454
-2.5481706,24.724035,-8.441826
-10.761202,24.20168,3.521332
-16.50202,26.593098,-1.4822648
-8.189188,23.158915,-13.731639
-12.87581,22.200176,6.0250835
-11.066299,31.589874,-2.9577913
-19.726576,22.377228,-2.1034527
-23.126923,6.3439784,1.1388344
-28.211683,1.7229198,-2.9943326
-8.701841,22.627806,-14.062512
-11.809064,22.631266,4.9658756
-5.354241,22.52428,-7.081122
-21.509222,23.558823,0.99751616
-21.211575,28.786997,0.86407614
1.1016747,32.27902,-7.6898656
-18.911173,25.12645,0.80281466
-25.466898,20.030436,2.926329
-4.9510794,29.961,-0.08452243
-11.174376,26.002596,-5.568443
-25.800505,5.10773,-0.60186476
-22.279045,26.180025,1.6642892
-30.979809,-5.5615764,-0.7535203
-6.831337,23.707287,-12.884935
-10.472593,23.142492,-5.3111515
-24.0129,13.567705,4.90608
-26.286686,9.769058,0.64542973
-27.1074,21.039621,4.3589177
-16.350916,24.037203,-3.2331727
-24.684624,10.118431,4.135695
-5.2290382,26.571285,0.20986441
-7.8900075,25.359001,-3.5760102
-20.089998,22.210012,-3.4225216
-12.039982,21.459438,7.262634
-15.659697,22.55556,-6.605894
-10.142888,23.89522,-11.50923
-13.13073,28.58895,0.54265267
-5.8931212,23.776712,-7.345517
-3.9286375,29.844566,0.14206387
-13.738182,23.910685,-9.1373825
-15.987232,16.32597,7.832813
-24.834633,-1.3075265,10.053796
-9.434607,32.424873,5.0428386
-17.170048,18.66772,-5.796314
-10.882499,30.745674,-2.508619
-7.117292,23.654335,-6.8097167
-9.691788,24.255602,-2.1707335
-20.107391,28.989305,0.34904537
-7.2308207,26.387632,-3.6116385
-13.395517,24.262838,-4.5289173
-10.375552,29.015894,-4.764606
-25.506308,-2.1701026,2.552548
-26.326857,20.340147,1.3910788
-15.3683195,17.694145,10.116727
-20.202276,24.572218,-2.9208646
-9.981536,23.024334,-5.3735566
-2.1885114,24.46713,-8.638252
-26.312946,9.171925,0.59681237
-13.690627,29.749447,-1.9259789
-13.978959,30.213388,-1.9529032
-12.437887,30.103598,-3.4754221
-26.08232,18.371983,-2.404726
-8.266068,25.169558,-4.0479054
-22.058807,27.963839,2.0423145
-28.652632,17.518429,0.6305069
-25.843786,0.6220406,3.7749732
-21.44077,24.77714,5.988297
-13.147774,28.184715,-3.9596708
-16.855589,16.142773,6.582576
-7.505203,27.59987,5.137542
-10.811337,22.565907,9.447361
-26.20256,3.1821082,8.36249
-27.017689,2.500816,-3.620154
-2.368038,33.479797,-6.4963207
-16.705534,18.430946,10.582058
-26.723087,2.4894042,-4.006929
-25.890343,10.649591,4.054037
-21.819864,18.760483,7.0914545
-25.756012,6.050348,1.371031
-29.353495,14.154051,5.1360254
-5.2531176,34.7283,-3.6077814
-3.9623628,36.65868,-4.3024955
-23.870167,16.589357,4.014191
-27.653889,18.531446,0.8811874
-3.7526414,34.84095,-5.0943904
-10.843072,26.397774,2.4955628
-14.1435795,26.223528,-2.5932322
-7.9696636,24.538889,-6.4296107
-20.351072,16.215744,-3.0473166
-26.92085,13.379518,6.9336896
-1.2164525,32.65961,-7.3614993
-20.149342,22.041069,-3.5399952
-25.977386,8.002766,3.8749585
-31.670994,-4.8195786,2.8760018
-22.512913,20.189665,2.6498854
-20.62263,29.73422,-0.28757817
-24.799944,22.614992,5.185226
-26.607374,7.345079,7.8328657
-4.942481,29.485203,-0.22982503
-22.735687,12.511854,7.967111
-26.037516,20.381905,5.196629
-23.836325,11.852003,4.185165
-7.5374265,23.381678,4.8109884
-25.01643,0.91796803,5.384066
-19.951195,25.118324,-1.1953179
-29.976662,4.398272,-2.3816135
-25.548859,5.4362297,-0.23359793
-26.31455,20.811476,-0.60013396
-23.045134,25.21828,2.2911978
-15.875742,18.862415,-5.854998
-24.411337,22.189035,6.227407
-28.65943,14.173668,4.8032775
-27.190563,17.37802,-0.880626
-5.7304916,22.97389,-13.325534
-5.8327327,24.33997,-5.91668
-18.386717,22.951357,3.7175534
-27.404606,5.7793612,6.070418
-25.843073,5.2352867,2.956376
-24.361486,19.430323,-1.0856429
-10.923657,28.831865,-5.512267
-7.0874805,25.769527,-1.4269612
-13.528748,22.013184,-3.0980477
-25.326385,20.702526,1.823059
-8.136181,20.43731,8.204921
-18.576202,22.14277,-8.012664
-25.274206,10.119443,2.9675653
-23.216993,11.183331,3.7338762
-18.072638,21.417507,0.4473313
-6.6946726,25.015152,-3.4009151
-7.2346163,23.454014,-9.557308
-27.930828,4.759344,5.332784
-24.734118,24.16312,7.2948065
-4.0761676,29.837044,-2.0307822
-17.709421,22.357918,-2.8981628
-12.886125,24.993425,-4.5866656
-8.758452,23.391161,2.696204
-23.737892,13.024907,-0.34463614
-22.646072,19.783888,0.21136887
-15.150167,29.130203,-1.2731904
-26.044136,6.323577,-1.9431646
-27.485655,5.204706,1.773164
-26.67263,-0.8060281,10.8603
-0.5100102,34.3448,-7.6395864
-26.349504,1.0196534,0.15965585
-1.6890721,31.36296,-4.8989997
-14.5622225,26.8865,-2.73054
-18.705723,21.09916,-7.8988013
-13.623287,27.345657,2.497219
-10.691841,31.89591,-4.430382
-24.563662,19.327963,-0.7983345
-1.9361014,32.197887,-5.619911
-19.243826,22.874245,2.3128197
-26.513863,1.123471,11.745713
-29.97582,-5.1639643,7.3050957
-21.257833,24.738138,-1.4167819
-11.767482,22.22061,5.7853518
-27.189768,15.773637,5.0271955
0.6479974,33.77478,-7.694938
-29.758957,14.720224,4.818609
-17.993315,30.44251,-0.45295024
-17.406303,21.641474,-5.0878115
-9.214739,30.662863,0.5076124
-28.927599,12.29774,7.309796
-23.277353,19.647287,7.9653783
-0.9495817,35.2025,-8.454026
-15.654874,21.102709,-6.4907546
-21.209433,20.29886,-1.3374677
-14.669378,24.284874,0.6718206
-10.080609,22.910799,-11.766752
-12.033528,20.304354,8.658919
1.1958774,34.87228,-8.625892
-11.8840065,23.966286,-10.001555
-6.7679925,23.763697,3.4976742
-27.26787,-0.6979441,9.316667
-5.599349,26.442127,-12.227094
-13.188916,20.072603,-7.1896963
